HH,1,LAT,ZBA,LPT,-9,-9,-9,3,1,1987,3,16,0730,-9,60,D,56.3667,19.4833,56.4333,19.4167,41G9,140,V,-9,1,1,C,-9,-9,-9,-9,500,22,-9,3,580,-9,-9,-9,-9,-9,330,-9,-9,-9,-9,-9,-9,315,6,-9,0.1,-0.1,4.7,-9,-9,-9,-9
HL,1,LAT,ZBA,LPT,-9,-9,-9,3,1,1987,W,126436,1,-9,37,1,37,1,-9,25000,1,52,2,,,,,,,,,,,,,,,,,,,,,,,,,,,,,,,,,,,
HL,1,LAT,ZBA,LPT,-9,-9,-9,3,1,1987,W,126436,1,-9,37,1,37,1,-9,25000,1,75,2,,,,,,,,,,,,,,,,,,,,,,,,,,,,,,,,,,,
HL,1,LAT,ZBA,LPT,-9,-9,-9,3,1,1987,W,126436,1,-9,37,1,37,1,-9,25000,1,74,1,,,,,,,,,,,,,,,,,,,,,,,,,,,,,,,,,,,
HL,1,LAT,ZBA,LPT,-9,-9,-9,3,1,1987,W,126436,1,-9,37,1,37,1,-9,25000,1,68,1,,,,,,,,,,,,,,,,,,,,,,,,,,,,,,,,,,,
HL,1,LAT,ZBA,LPT,-9,-9,-9,3,1,1987,W,126436,1,-9,37,1,37,1,-9,25000,1,64,1,,,,,,,,,,,,,,,,,,,,,,,,,,,,,,,,,,,
HL,1,LAT,ZBA,LPT,-9,-9,-9,3,1,1987,W,126436,1,-9,37,1,37,1,-9,25000,1,63,2,,,,,,,,,,,,,,,,,,,,,,,,,,,,,,,,,,,
HL,1,LAT,ZBA,LPT,-9,-9,-9,3,1,1987,W,126436,1,-9,37,1,37,1,-9,25000,1,60,3,,,,,,,,,,,,,,,,,,,,,,,,,,,,,,,,,,,
HL,1,LAT,ZBA,LPT,-9,-9,-9,3,1,1987,W,126436,1,-9,37,1,37,1,-9,25000,1,57,2,,,,,,,,,,,,,,,,,,,,,,,,,,,,,,,,,,,
HL,1,LAT,ZBA,LPT,-9,-9,-9,3,1,1987,W,126436,1,-9,37,1,37,1,-9,25000,1,56,1,,,,,,,,,,,,,,,,,,,,,,,,,,,,,,,,,,,
HL,1,LAT,ZBA,LPT,-9,-9,-9,3,1,1987,W,126436,1,-9,37,1,37,1,-9,25000,1,54,2,,,,,,,,,,,,,,,,,,,,,,,,,,,,,,,,,,,
HL,1,LAT,ZBA,LPT,-9,-9,-9,3,1,1987,W,126436,1,-9,37,1,37,1,-9,25000,1,41,1,,,,,,,,,,,,,,,,,,,,,,,,,,,,,,,,,,,
HL,1,LAT,ZBA,LPT,-9,-9,-9,3,1,1987,W,126436,1,-9,37,1,37,1,-9,25000,1,47,3,,,,,,,,,,,,,,,,,,,,,,,,,,,,,,,,,,,
HL,1,LAT,ZBA,LPT,-9,-9,-9,3,1,1987,W,126436,1,-9,37,1,37,1,-9,25000,1,46,1,,,,,,,,,,,,,,,,,,,,,,,,,,,,,,,,,,,
HL,1,LAT,ZBA,LPT,-9,-9,-9,3,1,1987,W,126436,1,-9,37,1,37,1,-9,25000,1,45,1,,,,,,,,,,,,,,,,,,,,,,,,,,,,,,,,,,,
HL,1,LAT,ZBA,LPT,-9,-9,-9,3,1,1987,W,126436,1,-9,37,1,37,1,-9,25000,1,44,1,,,,,,,,,,,,,,,,,,,,,,,,,,,,,,,,,,,
HL,1,LAT,ZBA,LPT,-9,-9,-9,3,1,1987,W,126436,1,-9,37,1,37,1,-9,25000,1,43,2,,,,,,,,,,,,,,,,,,,,,,,,,,,,,,,,,,,
HL,1,LAT,ZBA,LPT,-9,-9,-9,3,1,1987,W,126436,1,-9,37,1,37,1,-9,25000,1,40,4,,,,,,,,,,,,,,,,,,,,,,,,,,,,,,,,,,,
HL,1,LAT,ZBA,LPT,-9,-9,-9,3,1,1987,W,126436,1,-9,37,1,37,1,-9,25000,1,38,2,,,,,,,,,,,,,,,,,,,,,,,,,,,,,,,,,,,
HL,1,LAT,ZBA,LPT,-9,-9,-9,3,1,1987,W,126436,1,-9,37,1,37,1,-9,25000,1,37,2,,,,,,,,,,,,,,,,,,,,,,,,,,,,,,,,,,,
HL,1,LAT,ZBA,LPT,-9,-9,-9,3,1,1987,W,126436,1,-9,37,1,37,1,-9,25000,1,33,1,,,,,,,,,,,,,,,,,,,,,,,,,,,,,,,,,,,
HL,1,LAT,ZBA,LPT,-9,-9,-9,3,1,1987,W,126436,1,-9,37,1,37,1,-9,25000,1,55,1,,,,,,,,,,,,,,,,,,,,,,,,,,,,,,,,,,,
HL,1,LAT,ZBA,LPT,-9,-9,-9,3,1,1987,W,126436,1,-9,37,1,37,1,-9,25000,1,39,1,,,,,,,,,,,,,,,,,,,,,,,,,,,,,,,,,,,
HH,1,LAT,ZBA,LPT,-9,-9,-9,3,2,1987,3,16,0925,-9,60,D,56.4333,19.4167,56.3667,19.5167,41G9,125,V,-9,1,1,C,-9,-9,-9,-9,250,22,-9,3,580,-9,-9,-9,-9,-9,150,-9,-9,-9,-9,-9,-9,315,6,-9,0.1,-0.1,4.7,-9,-9,-9,-9
HL,1,LAT,ZBA,LPT,-9,-9,-9,3,2,1987,W,126436,1,-9,48,1,48,1,-9,50000,1,64,1,,,,,,,,,,,,,,,,,,,,,,,,,,,,,,,,,,,
HL,1,LAT,ZBA,LPT,-9,-9,-9,3,2,1987,W,126436,1,-9,48,1,48,1,-9,50000,1,54,2,,,,,,,,,,,,,,,,,,,,,,,,,,,,,,,,,,,
HL,1,LAT,ZBA,LPT,-9,-9,-9,3,2,1987,W,126436,1,-9,48,1,48,1,-9,50000,1,55,2,,,,,,,,,,,,,,,,,,,,,,,,,,,,,,,,,,,
HL,1,LAT,ZBA,LPT,-9,-9,-9,3,2,1987,W,126436,1,-9,48,1,48,1,-9,50000,1,56,1,,,,,,,,,,,,,,,,,,,,,,,,,,,,,,,,,,,
HL,1,LAT,ZBA,LPT,-9,-9,-9,3,2,1987,W,126436,1,-9,48,1,48,1,-9,50000,1,57,1,,,,,,,,,,,,,,,,,,,,,,,,,,,,,,,,,,,
HL,1,LAT,ZBA,LPT,-9,-9,-9,3,2,1987,W,126436,1,-9,48,1,48,1,-9,50000,1,58,1,,,,,,,,,,,,,,,,,,,,,,,,,,,,,,,,,,,
HL,1,LAT,ZBA,LPT,-9,-9,-9,3,2,1987,W,126436,1,-9,48,1,48,1,-9,50000,1,61,1,,,,,,,,,,,,,,,,,,,,,,,,,,,,,,,,,,,
HL,1,LAT,ZBA,LPT,-9,-9,-9,3,2,1987,W,126436,1,-9,48,1,48,1,-9,50000,1,53,1,,,,,,,,,,,,,,,,,,,,,,,,,,,,,,,,,,,
HL,1,LAT,ZBA,LPT,-9,-9,-9,3,2,1987,W,126436,1,-9,48,1,48,1,-9,50000,1,63,1,,,,,,,,,,,,,,,,,,,,,,,,,,,,,,,,,,,
HL,1,LAT,ZBA,LPT,-9,-9,-9,3,2,1987,W,126436,1,-9,48,1,48,1,-9,50000,1,66,1,,,,,,,,,,,,,,,,,,,,,,,,,,,,,,,,,,,
HL,1,LAT,ZBA,LPT,-9,-9,-9,3,2,1987,W,126436,1,-9,48,1,48,1,-9,50000,1,68,1,,,,,,,,,,,,,,,,,,,,,,,,,,,,,,,,,,,
HL,1,LAT,ZBA,LPT,-9,-9,-9,3,2,1987,W,126436,1,-9,48,1,48,1,-9,50000,1,69,1,,,,,,,,,,,,,,,,,,,,,,,,,,,,,,,,,,,
HL,1,LAT,ZBA,LPT,-9,-9,-9,3,2,1987,W,126436,1,-9,48,1,48,1,-9,50000,1,70,1,,,,,,,,,,,,,,,,,,,,,,,,,,,,,,,,,,,
HL,1,LAT,ZBA,LPT,-9,-9,-9,3,2,1987,W,126436,1,-9,48,1,48,1,-9,50000,1,74,1,,,,,,,,,,,,,,,,,,,,,,,,,,,,,,,,,,,
HL,1,LAT,ZBA,LPT,-9,-9,-9,3,2,1987,W,126436,1,-9,48,1,48,1,-9,50000,1,44,2,,,,,,,,,,,,,,,,,,,,,,,,,,,,,,,,,,,
HL,1,LAT,ZBA,LPT,-9,-9,-9,3,2,1987,W,126436,1,-9,48,1,48,1,-9,50000,1,62,1,,,,,,,,,,,,,,,,,,,,,,,,,,,,,,,,,,,
HL,1,LAT,ZBA,LPT,-9,-9,-9,3,2,1987,W,126436,1,-9,48,1,48,1,-9,50000,1,38,1,,,,,,,,,,,,,,,,,,,,,,,,,,,,,,,,,,,
HL,1,LAT,ZBA,LPT,-9,-9,-9,3,2,1987,W,126436,1,-9,48,1,48,1,-9,50000,1,43,3,,,,,,,,,,,,,,,,,,,,,,,,,,,,,,,,,,,
HL,1,LAT,ZBA,LPT,-9,-9,-9,3,2,1987,W,126436,1,-9,48,1,48,1,-9,50000,1,42,3,,,,,,,,,,,,,,,,,,,,,,,,,,,,,,,,,,,
HL,1,LAT,ZBA,LPT,-9,-9,-9,3,2,1987,W,126436,1,-9,48,1,48,1,-9,50000,1,52,1,,,,,,,,,,,,,,,,,,,,,,,,,,,,,,,,,,,
HL,1,LAT,ZBA,LPT,-9,-9,-9,3,2,1987,W,126436,1,-9,48,1,48,1,-9,50000,1,41,1,,,,,,,,,,,,,,,,,,,,,,,,,,,,,,,,,,,
HL,1,LAT,ZBA,LPT,-9,-9,-9,3,2,1987,W,126436,1,-9,48,1,48,1,-9,50000,1,40,4,,,,,,,,,,,,,,,,,,,,,,,,,,,,,,,,,,,
HL,1,LAT,ZBA,LPT,-9,-9,-9,3,2,1987,W,126436,1,-9,48,1,48,1,-9,50000,1,39,1,,,,,,,,,,,,,,,,,,,,,,,,,,,,,,,,,,,
HL,1,LAT,ZBA,LPT,-9,-9,-9,3,2,1987,W,126436,1,-9,48,1,48,1,-9,50000,1,37,3,,,,,,,,,,,,,,,,,,,,,,,,,,,,,,,,,,,
HL,1,LAT,ZBA,LPT,-9,-9,-9,3,2,1987,W,126436,1,-9,48,1,48,1,-9,50000,1,36,1,,,,,,,,,,,,,,,,,,,,,,,,,,,,,,,,,,,
HL,1,LAT,ZBA,LPT,-9,-9,-9,3,2,1987,W,126436,1,-9,48,1,48,1,-9,50000,1,47,2,,,,,,,,,,,,,,,,,,,,,,,,,,,,,,,,,,,
HL,1,LAT,ZBA,LPT,-9,-9,-9,3,2,1987,W,126436,1,-9,48,1,48,1,-9,50000,1,50,2,,,,,,,,,,,,,,,,,,,,,,,,,,,,,,,,,,,
HL,1,LAT,ZBA,LPT,-9,-9,-9,3,2,1987,W,126436,1,-9,48,1,48,1,-9,50000,1,49,1,,,,,,,,,,,,,,,,,,,,,,,,,,,,,,,,,,,
HL,1,LAT,ZBA,LPT,-9,-9,-9,3,2,1987,W,126436,1,-9,48,1,48,1,-9,50000,1,48,1,,,,,,,,,,,,,,,,,,,,,,,,,,,,,,,,,,,
HL,1,LAT,ZBA,LPT,-9,-9,-9,3,2,1987,W,126436,1,-9,48,1,48,1,-9,50000,1,35,1,,,,,,,,,,,,,,,,,,,,,,,,,,,,,,,,,,,
HL,1,LAT,ZBA,LPT,-9,-9,-9,3,2,1987,W,126436,1,-9,48,1,48,1,-9,50000,1,33,1,,,,,,,,,,,,,,,,,,,,,,,,,,,,,,,,,,,
HL,1,LAT,ZBA,LPT,-9,-9,-9,3,2,1987,W,126436,1,-9,48,1,48,1,-9,50000,1,46,1,,,,,,,,,,,,,,,,,,,,,,,,,,,,,,,,,,,
HL,1,LAT,ZBA,LPT,-9,-9,-9,3,2,1987,W,126436,1,-9,48,1,48,1,-9,50000,1,34,2,,,,,,,,,,,,,,,,,,,,,,,,,,,,,,,,,,,
CA,1,LAT,ZBA,LPT,-9,-9,-9,3,2,1987,W,126436,4,26,1,43,F,II,-9,-9,1,760,,,,,,,,,,,,,,,,,,,,,,,,,,,,,,,,,,,,
CA,1,LAT,ZBA,LPT,-9,-9,-9,3,2,1987,W,126436,4,26,1,40,F,II,-9,-9,1,600,,,,,,,,,,,,,,,,,,,,,,,,,,,,,,,,,,,,
CA,1,LAT,ZBA,LPT,-9,-9,-9,3,2,1987,W,126436,4,26,1,48,M,III,-9,-9,1,1980,,,,,,,,,,,,,,,,,,,,,,,,,,,,,,,,,,,,
CA,1,LAT,ZBA,LPT,-9,-9,-9,3,2,1987,W,126436,4,26,1,53,M,III,-9,-9,1,1000,,,,,,,,,,,,,,,,,,,,,,,,,,,,,,,,,,,,
CA,1,LAT,ZBA,LPT,-9,-9,-9,3,2,1987,W,126436,4,26,1,47,F,II,-9,-9,1,920,,,,,,,,,,,,,,,,,,,,,,,,,,,,,,,,,,,,
CA,1,LAT,ZBA,LPT,-9,-9,-9,3,2,1987,W,126436,4,26,1,47,M,II,-9,-9,1,920,,,,,,,,,,,,,,,,,,,,,,,,,,,,,,,,,,,,
CA,1,LAT,ZBA,LPT,-9,-9,-9,3,2,1987,W,126436,4,26,1,50,F,III,-9,-9,1,1350,,,,,,,,,,,,,,,,,,,,,,,,,,,,,,,,,,,,
CA,1,LAT,ZBA,LPT,-9,-9,-9,3,2,1987,W,126436,4,26,1,62,M,IV,-9,-9,1,2550,,,,,,,,,,,,,,,,,,,,,,,,,,,,,,,,,,,,
CA,1,LAT,ZBA,LPT,-9,-9,-9,3,2,1987,W,126436,4,26,1,40,M,III,-9,-9,1,640,,,,,,,,,,,,,,,,,,,,,,,,,,,,,,,,,,,,
CA,1,LAT,ZBA,LPT,-9,-9,-9,3,2,1987,W,126436,4,26,1,50,M,II,-9,-9,1,980,,,,,,,,,,,,,,,,,,,,,,,,,,,,,,,,,,,,
CA,1,LAT,ZBA,LPT,-9,-9,-9,3,2,1987,W,126436,4,26,1,57,M,III,-9,-9,1,1740,,,,,,,,,,,,,,,,,,,,,,,,,,,,,,,,,,,,
CA,1,LAT,ZBA,LPT,-9,-9,-9,3,2,1987,W,126436,4,26,1,49,F,III,-9,-9,1,1380,,,,,,,,,,,,,,,,,,,,,,,,,,,,,,,,,,,,
CA,1,LAT,ZBA,LPT,-9,-9,-9,3,2,1987,W,126436,4,26,1,42,M,II,-9,-9,1,720,,,,,,,,,,,,,,,,,,,,,,,,,,,,,,,,,,,,
CA,1,LAT,ZBA,LPT,-9,-9,-9,3,2,1987,W,126436,4,26,1,44,F,II,-9,-9,1,750,,,,,,,,,,,,,,,,,,,,,,,,,,,,,,,,,,,,
CA,1,LAT,ZBA,LPT,-9,-9,-9,3,2,1987,W,126436,4,26,1,44,F,III,-9,-9,1,850,,,,,,,,,,,,,,,,,,,,,,,,,,,,,,,,,,,,
CA,1,LAT,ZBA,LPT,-9,-9,-9,3,2,1987,W,126436,4,26,1,37,M,II,-9,-9,1,480,,,,,,,,,,,,,,,,,,,,,,,,,,,,,,,,,,,,
CA,1,LAT,ZBA,LPT,-9,-9,-9,3,2,1987,W,126436,4,26,1,34,F,II,-9,-9,1,360,,,,,,,,,,,,,,,,,,,,,,,,,,,,,,,,,,,,
CA,1,LAT,ZBA,LPT,-9,-9,-9,3,2,1987,W,126436,4,26,1,40,M,II,-9,-9,1,550,,,,,,,,,,,,,,,,,,,,,,,,,,,,,,,,,,,,
CA,1,LAT,ZBA,LPT,-9,-9,-9,3,2,1987,W,126436,4,26,1,40,M,II,-9,-9,1,580,,,,,,,,,,,,,,,,,,,,,,,,,,,,,,,,,,,,
CA,1,LAT,ZBA,LPT,-9,-9,-9,3,2,1987,W,126436,4,26,1,36,M,II,-9,-9,1,460,,,,,,,,,,,,,,,,,,,,,,,,,,,,,,,,,,,,
CA,1,LAT,ZBA,LPT,-9,-9,-9,3,2,1987,W,126436,4,26,1,54,F,V,-9,-9,1,1850,,,,,,,,,,,,,,,,,,,,,,,,,,,,,,,,,,,,
CA,1,LAT,ZBA,LPT,-9,-9,-9,3,2,1987,W,126436,4,26,1,58,M,IV,-9,-9,1,1640,,,,,,,,,,,,,,,,,,,,,,,,,,,,,,,,,,,,
CA,1,LAT,ZBA,LPT,-9,-9,-9,3,2,1987,W,126436,4,26,1,42,F,II,-9,-9,1,680,,,,,,,,,,,,,,,,,,,,,,,,,,,,,,,,,,,,
CA,1,LAT,ZBA,LPT,-9,-9,-9,3,2,1987,W,126436,4,26,1,69,F,IV,-9,-9,1,3420,,,,,,,,,,,,,,,,,,,,,,,,,,,,,,,,,,,,
CA,1,LAT,ZBA,LPT,-9,-9,-9,3,2,1987,W,126436,4,26,1,39,F,II,-9,-9,1,620,,,,,,,,,,,,,,,,,,,,,,,,,,,,,,,,,,,,
CA,1,LAT,ZBA,LPT,-9,-9,-9,3,2,1987,W,126436,4,26,1,35,M,II,-9,-9,1,480,,,,,,,,,,,,,,,,,,,,,,,,,,,,,,,,,,,,
CA,1,LAT,ZBA,LPT,-9,-9,-9,3,2,1987,W,126436,4,26,1,68,F,III,-9,-9,1,2800,,,,,,,,,,,,,,,,,,,,,,,,,,,,,,,,,,,,
CA,1,LAT,ZBA,LPT,-9,-9,-9,3,2,1987,W,126436,4,26,1,54,M,IV,-9,-9,1,1420,,,,,,,,,,,,,,,,,,,,,,,,,,,,,,,,,,,,
CA,1,LAT,ZBA,LPT,-9,-9,-9,3,2,1987,W,126436,4,26,1,55,M,IV,-9,-9,1,1570,,,,,,,,,,,,,,,,,,,,,,,,,,,,,,,,,,,,
CA,1,LAT,ZBA,LPT,-9,-9,-9,3,2,1987,W,126436,4,26,1,43,M,II,-9,-9,1,720,,,,,,,,,,,,,,,,,,,,,,,,,,,,,,,,,,,,
CA,1,LAT,ZBA,LPT,-9,-9,-9,3,2,1987,W,126436,4,26,1,55,M,IV,-9,-9,1,1620,,,,,,,,,,,,,,,,,,,,,,,,,,,,,,,,,,,,
CA,1,LAT,ZBA,LPT,-9,-9,-9,3,2,1987,W,126436,4,26,1,66,F,IV,-9,-9,1,2900,,,,,,,,,,,,,,,,,,,,,,,,,,,,,,,,,,,,
CA,1,LAT,ZBA,LPT,-9,-9,-9,3,2,1987,W,126436,4,26,1,52,M,IV,-9,-9,1,1540,,,,,,,,,,,,,,,,,,,,,,,,,,,,,,,,,,,,
CA,1,LAT,ZBA,LPT,-9,-9,-9,3,2,1987,W,126436,4,26,1,64,M,IV,-9,-9,1,2350,,,,,,,,,,,,,,,,,,,,,,,,,,,,,,,,,,,,
CA,1,LAT,ZBA,LPT,-9,-9,-9,3,2,1987,W,126436,4,26,1,56,F,IV,-9,-9,1,1760,,,,,,,,,,,,,,,,,,,,,,,,,,,,,,,,,,,,
CA,1,LAT,ZBA,LPT,-9,-9,-9,3,2,1987,W,126436,4,26,1,74,F,III,-9,-9,1,3540,,,,,,,,,,,,,,,,,,,,,,,,,,,,,,,,,,,,
CA,1,LAT,ZBA,LPT,-9,-9,-9,3,2,1987,W,126436,4,26,1,42,F,II,-9,-9,1,650,,,,,,,,,,,,,,,,,,,,,,,,,,,,,,,,,,,,
CA,1,LAT,ZBA,LPT,-9,-9,-9,3,2,1987,W,126436,4,26,1,41,F,II,-9,-9,1,640,,,,,,,,,,,,,,,,,,,,,,,,,,,,,,,,,,,,
CA,1,LAT,ZBA,LPT,-9,-9,-9,3,2,1987,W,126436,4,26,1,37,F,II,-9,-9,1,470,,,,,,,,,,,,,,,,,,,,,,,,,,,,,,,,,,,,
CA,1,LAT,ZBA,LPT,-9,-9,-9,3,2,1987,W,126436,4,26,1,34,F,II,-9,-9,1,420,,,,,,,,,,,,,,,,,,,,,,,,,,,,,,,,,,,,
CA,1,LAT,ZBA,LPT,-9,-9,-9,3,2,1987,W,126436,4,26,1,33,M,II,-9,-9,1,480,,,,,,,,,,,,,,,,,,,,,,,,,,,,,,,,,,,,
CA,1,LAT,ZBA,LPT,-9,-9,-9,3,2,1987,W,126436,4,26,1,37,M,I,-9,-9,1,470,,,,,,,,,,,,,,,,,,,,,,,,,,,,,,,,,,,,
CA,1,LAT,ZBA,LPT,-9,-9,-9,3,2,1987,W,126436,4,26,1,43,M,IV,-9,-9,1,750,,,,,,,,,,,,,,,,,,,,,,,,,,,,,,,,,,,,
CA,1,LAT,ZBA,LPT,-9,-9,-9,3,2,1987,W,126436,4,26,1,38,M,III,-9,-9,1,650,,,,,,,,,,,,,,,,,,,,,,,,,,,,,,,,,,,,
CA,1,LAT,ZBA,LPT,-9,-9,-9,3,2,1987,W,126436,4,26,1,63,F,IV,-9,-9,1,2750,,,,,,,,,,,,,,,,,,,,,,,,,,,,,,,,,,,,
CA,1,LAT,ZBA,LPT,-9,-9,-9,3,2,1987,W,126436,4,26,1,61,F,III,-9,-9,1,2900,,,,,,,,,,,,,,,,,,,,,,,,,,,,,,,,,,,,
CA,1,LAT,ZBA,LPT,-9,-9,-9,3,2,1987,W,126436,4,26,1,70,F,IV,-9,-9,1,3170,,,,,,,,,,,,,,,,,,,,,,,,,,,,,,,,,,,,
CA,1,LAT,ZBA,LPT,-9,-9,-9,3,2,1987,W,126436,4,26,1,46,M,III,-9,-9,1,1400,,,,,,,,,,,,,,,,,,,,,,,,,,,,,,,,,,,,
HH,1,LAT,ZBA,LPT,-9,-9,-9,3,3,1987,3,16,1155,-9,60,D,56.3000,19.3667,56.2333,19.4500,41G9,126,V,-9,1,1,C,-9,-9,-9,-9,250,22,-9,3,580,-9,-9,-9,-9,-9,150,-9,-9,-9,-9,-9,-9,135,6,-9,0.1,0,4.2,-9,-9,-9,-9
HL,1,LAT,ZBA,LPT,-9,-9,-9,3,3,1987,W,126436,1,-9,144,1,144,1,-9,148000,1,46,7,,,,,,,,,,,,,,,,,,,,,,,,,,,,,,,,,,,
HL,1,LAT,ZBA,LPT,-9,-9,-9,3,3,1987,W,126436,1,-9,144,1,144,1,-9,148000,1,47,4,,,,,,,,,,,,,,,,,,,,,,,,,,,,,,,,,,,
HL,1,LAT,ZBA,LPT,-9,-9,-9,3,3,1987,W,126436,1,-9,144,1,144,1,-9,148000,1,48,2,,,,,,,,,,,,,,,,,,,,,,,,,,,,,,,,,,,
HL,1,LAT,ZBA,LPT,-9,-9,-9,3,3,1987,W,126436,1,-9,144,1,144,1,-9,148000,1,49,3,,,,,,,,,,,,,,,,,,,,,,,,,,,,,,,,,,,
HL,1,LAT,ZBA,LPT,-9,-9,-9,3,3,1987,W,126436,1,-9,144,1,144,1,-9,148000,1,50,6,,,,,,,,,,,,,,,,,,,,,,,,,,,,,,,,,,,
HL,1,LAT,ZBA,LPT,-9,-9,-9,3,3,1987,W,126436,1,-9,144,1,144,1,-9,148000,1,51,2,,,,,,,,,,,,,,,,,,,,,,,,,,,,,,,,,,,
HL,1,LAT,ZBA,LPT,-9,-9,-9,3,3,1987,W,126436,1,-9,144,1,144,1,-9,148000,1,52,4,,,,,,,,,,,,,,,,,,,,,,,,,,,,,,,,,,,
HL,1,LAT,ZBA,LPT,-9,-9,-9,3,3,1987,W,126436,1,-9,144,1,144,1,-9,148000,1,54,1,,,,,,,,,,,,,,,,,,,,,,,,,,,,,,,,,,,
HL,1,LAT,ZBA,LPT,-9,-9,-9,3,3,1987,W,126436,1,-9,144,1,144,1,-9,148000,1,55,6,,,,,,,,,,,,,,,,,,,,,,,,,,,,,,,,,,,
HL,1,LAT,ZBA,LPT,-9,-9,-9,3,3,1987,W,126436,1,-9,144,1,144,1,-9,148000,1,45,6,,,,,,,,,,,,,,,,,,,,,,,,,,,,,,,,,,,
HL,1,LAT,ZBA,LPT,-9,-9,-9,3,3,1987,W,126436,1,-9,144,1,144,1,-9,148000,1,57,1,,,,,,,,,,,,,,,,,,,,,,,,,,,,,,,,,,,
HL,1,LAT,ZBA,LPT,-9,-9,-9,3,3,1987,W,126436,1,-9,144,1,144,1,-9,148000,1,58,5,,,,,,,,,,,,,,,,,,,,,,,,,,,,,,,,,,,
HL,1,LAT,ZBA,LPT,-9,-9,-9,3,3,1987,W,126436,1,-9,144,1,144,1,-9,148000,1,92,1,,,,,,,,,,,,,,,,,,,,,,,,,,,,,,,,,,,
HL,1,LAT,ZBA,LPT,-9,-9,-9,3,3,1987,W,126436,1,-9,144,1,144,1,-9,148000,1,75,1,,,,,,,,,,,,,,,,,,,,,,,,,,,,,,,,,,,
HL,1,LAT,ZBA,LPT,-9,-9,-9,3,3,1987,W,126436,1,-9,144,1,144,1,-9,148000,1,74,5,,,,,,,,,,,,,,,,,,,,,,,,,,,,,,,,,,,
HL,1,LAT,ZBA,LPT,-9,-9,-9,3,3,1987,W,126436,1,-9,144,1,144,1,-9,148000,1,72,3,,,,,,,,,,,,,,,,,,,,,,,,,,,,,,,,,,,
HL,1,LAT,ZBA,LPT,-9,-9,-9,3,3,1987,W,126436,1,-9,144,1,144,1,-9,148000,1,70,2,,,,,,,,,,,,,,,,,,,,,,,,,,,,,,,,,,,
HL,1,LAT,ZBA,LPT,-9,-9,-9,3,3,1987,W,126436,1,-9,144,1,144,1,-9,148000,1,69,1,,,,,,,,,,,,,,,,,,,,,,,,,,,,,,,,,,,
HL,1,LAT,ZBA,LPT,-9,-9,-9,3,3,1987,W,126436,1,-9,144,1,144,1,-9,148000,1,67,1,,,,,,,,,,,,,,,,,,,,,,,,,,,,,,,,,,,
HL,1,LAT,ZBA,LPT,-9,-9,-9,3,3,1987,W,126436,1,-9,144,1,144,1,-9,148000,1,37,2,,,,,,,,,,,,,,,,,,,,,,,,,,,,,,,,,,,
HL,1,LAT,ZBA,LPT,-9,-9,-9,3,3,1987,W,126436,1,-9,144,1,144,1,-9,148000,1,56,4,,,,,,,,,,,,,,,,,,,,,,,,,,,,,,,,,,,
HL,1,LAT,ZBA,LPT,-9,-9,-9,3,3,1987,W,126436,1,-9,144,1,144,1,-9,148000,1,64,6,,,,,,,,,,,,,,,,,,,,,,,,,,,,,,,,,,,
HL,1,LAT,ZBA,LPT,-9,-9,-9,3,3,1987,W,126436,1,-9,144,1,144,1,-9,148000,1,59,2,,,,,,,,,,,,,,,,,,,,,,,,,,,,,,,,,,,
HL,1,LAT,ZBA,LPT,-9,-9,-9,3,3,1987,W,126436,1,-9,144,1,144,1,-9,148000,1,85,1,,,,,,,,,,,,,,,,,,,,,,,,,,,,,,,,,,,
HL,1,LAT,ZBA,LPT,-9,-9,-9,3,3,1987,W,126436,1,-9,144,1,144,1,-9,148000,1,44,3,,,,,,,,,,,,,,,,,,,,,,,,,,,,,,,,,,,
HL,1,LAT,ZBA,LPT,-9,-9,-9,3,3,1987,W,126436,1,-9,144,1,144,1,-9,148000,1,60,1,,,,,,,,,,,,,,,,,,,,,,,,,,,,,,,,,,,
HL,1,LAT,ZBA,LPT,-9,-9,-9,3,3,1987,W,126436,1,-9,144,1,144,1,-9,148000,1,61,2,,,,,,,,,,,,,,,,,,,,,,,,,,,,,,,,,,,
HL,1,LAT,ZBA,LPT,-9,-9,-9,3,3,1987,W,126436,1,-9,144,1,144,1,-9,148000,1,63,3,,,,,,,,,,,,,,,,,,,,,,,,,,,,,,,,,,,
HL,1,LAT,ZBA,LPT,-9,-9,-9,3,3,1987,W,126436,1,-9,144,1,144,1,-9,148000,1,36,4,,,,,,,,,,,,,,,,,,,,,,,,,,,,,,,,,,,
HL,1,LAT,ZBA,LPT,-9,-9,-9,3,3,1987,W,126436,1,-9,144,1,144,1,-9,148000,1,34,1,,,,,,,,,,,,,,,,,,,,,,,,,,,,,,,,,,,
HL,1,LAT,ZBA,LPT,-9,-9,-9,3,3,1987,W,126436,1,-9,144,1,144,1,-9,148000,1,33,1,,,,,,,,,,,,,,,,,,,,,,,,,,,,,,,,,,,
HL,1,LAT,ZBA,LPT,-9,-9,-9,3,3,1987,W,126436,1,-9,144,1,144,1,-9,148000,1,32,1,,,,,,,,,,,,,,,,,,,,,,,,,,,,,,,,,,,
HL,1,LAT,ZBA,LPT,-9,-9,-9,3,3,1987,W,126436,1,-9,144,1,144,1,-9,148000,1,38,5,,,,,,,,,,,,,,,,,,,,,,,,,,,,,,,,,,,
HL,1,LAT,ZBA,LPT,-9,-9,-9,3,3,1987,W,126436,1,-9,144,1,144,1,-9,148000,1,42,10,,,,,,,,,,,,,,,,,,,,,,,,,,,,,,,,,,,
HL,1,LAT,ZBA,LPT,-9,-9,-9,3,3,1987,W,126436,1,-9,144,1,144,1,-9,148000,1,41,4,,,,,,,,,,,,,,,,,,,,,,,,,,,,,,,,,,,
HL,1,LAT,ZBA,LPT,-9,-9,-9,3,3,1987,W,126436,1,-9,144,1,144,1,-9,148000,1,62,2,,,,,,,,,,,,,,,,,,,,,,,,,,,,,,,,,,,
HL,1,LAT,ZBA,LPT,-9,-9,-9,3,3,1987,W,126436,1,-9,144,1,144,1,-9,148000,1,43,6,,,,,,,,,,,,,,,,,,,,,,,,,,,,,,,,,,,
HL,1,LAT,ZBA,LPT,-9,-9,-9,3,3,1987,W,126436,1,-9,144,1,144,1,-9,148000,1,31,1,,,,,,,,,,,,,,,,,,,,,,,,,,,,,,,,,,,
HL,1,LAT,ZBA,LPT,-9,-9,-9,3,3,1987,W,126436,1,-9,144,1,144,1,-9,148000,1,40,9,,,,,,,,,,,,,,,,,,,,,,,,,,,,,,,,,,,
HL,1,LAT,ZBA,LPT,-9,-9,-9,3,3,1987,W,126436,1,-9,144,1,144,1,-9,148000,1,39,10,,,,,,,,,,,,,,,,,,,,,,,,,,,,,,,,,,,
HL,1,LAT,ZBA,LPT,-9,-9,-9,3,3,1987,W,126436,1,-9,144,1,144,1,-9,148000,1,13,1,,,,,,,,,,,,,,,,,,,,,,,,,,,,,,,,,,,
HL,1,LAT,ZBA,LPT,-9,-9,-9,3,3,1987,W,126436,1,-9,144,1,144,1,-9,148000,1,28,1,,,,,,,,,,,,,,,,,,,,,,,,,,,,,,,,,,,
HL,1,LAT,ZBA,LPT,-9,-9,-9,3,3,1987,W,126436,1,-9,144,1,144,1,-9,148000,1,29,1,,,,,,,,,,,,,,,,,,,,,,,,,,,,,,,,,,,
HL,1,LAT,ZBA,LPT,-9,-9,-9,3,3,1987,W,126436,1,-9,144,1,144,1,-9,148000,1,30,2,,,,,,,,,,,,,,,,,,,,,,,,,,,,,,,,,,,
CA,1,LAT,ZBA,LPT,-9,-9,-9,3,3,1987,W,126436,4,26,1,40,F,II,-9,-9,1,640,,,,,,,,,,,,,,,,,,,,,,,,,,,,,,,,,,,,
CA,1,LAT,ZBA,LPT,-9,-9,-9,3,3,1987,W,126436,4,26,1,64,M,III,-9,-9,1,1980,,,,,,,,,,,,,,,,,,,,,,,,,,,,,,,,,,,,
CA,1,LAT,ZBA,LPT,-9,-9,-9,3,3,1987,W,126436,4,26,1,30,M,II,-9,-9,1,300,,,,,,,,,,,,,,,,,,,,,,,,,,,,,,,,,,,,
CA,1,LAT,ZBA,LPT,-9,-9,-9,3,3,1987,W,126436,4,26,1,52,F,V,-9,-9,1,1800,,,,,,,,,,,,,,,,,,,,,,,,,,,,,,,,,,,,
CA,1,LAT,ZBA,LPT,-9,-9,-9,3,3,1987,W,126436,4,26,1,51,F,III,-9,-9,1,1450,,,,,,,,,,,,,,,,,,,,,,,,,,,,,,,,,,,,
CA,1,LAT,ZBA,LPT,-9,-9,-9,3,3,1987,W,126436,4,26,1,64,M,II,-9,-9,1,2050,,,,,,,,,,,,,,,,,,,,,,,,,,,,,,,,,,,,
CA,1,LAT,ZBA,LPT,-9,-9,-9,3,3,1987,W,126436,4,26,1,55,M,III,-9,-9,1,1700,,,,,,,,,,,,,,,,,,,,,,,,,,,,,,,,,,,,
CA,1,LAT,ZBA,LPT,-9,-9,-9,3,3,1987,W,126436,4,26,1,29,M,II,-9,-9,1,540,,,,,,,,,,,,,,,,,,,,,,,,,,,,,,,,,,,,
CA,1,LAT,ZBA,LPT,-9,-9,-9,3,3,1987,W,126436,4,26,1,40,F,III,-9,-9,1,680,,,,,,,,,,,,,,,,,,,,,,,,,,,,,,,,,,,,
CA,1,LAT,ZBA,LPT,-9,-9,-9,3,3,1987,W,126436,4,26,1,41,M,III,-9,-9,1,720,,,,,,,,,,,,,,,,,,,,,,,,,,,,,,,,,,,,
CA,1,LAT,ZBA,LPT,-9,-9,-9,3,3,1987,W,126436,4,26,1,60,M,IV,-9,-9,1,1950,,,,,,,,,,,,,,,,,,,,,,,,,,,,,,,,,,,,
CA,1,LAT,ZBA,LPT,-9,-9,-9,3,3,1987,W,126436,4,26,1,43,M,III,-9,-9,1,700,,,,,,,,,,,,,,,,,,,,,,,,,,,,,,,,,,,,
CA,1,LAT,ZBA,LPT,-9,-9,-9,3,3,1987,W,126436,4,26,1,40,M,III,-9,-9,1,800,,,,,,,,,,,,,,,,,,,,,,,,,,,,,,,,,,,,
CA,1,LAT,ZBA,LPT,-9,-9,-9,3,3,1987,W,126436,4,26,1,49,F,II,-9,-9,1,1150,,,,,,,,,,,,,,,,,,,,,,,,,,,,,,,,,,,,
CA,1,LAT,ZBA,LPT,-9,-9,-9,3,3,1987,W,126436,4,26,1,38,F,II,-9,-9,1,520,,,,,,,,,,,,,,,,,,,,,,,,,,,,,,,,,,,,
CA,1,LAT,ZBA,LPT,-9,-9,-9,3,3,1987,W,126436,4,26,1,46,F,II,-9,-9,1,950,,,,,,,,,,,,,,,,,,,,,,,,,,,,,,,,,,,,
CA,1,LAT,ZBA,LPT,-9,-9,-9,3,3,1987,W,126436,4,26,1,55,M,III,-9,-9,1,1370,,,,,,,,,,,,,,,,,,,,,,,,,,,,,,,,,,,,
CA,1,LAT,ZBA,LPT,-9,-9,-9,3,3,1987,W,126436,4,26,1,52,M,III,-9,-9,1,1200,,,,,,,,,,,,,,,,,,,,,,,,,,,,,,,,,,,,
CA,1,LAT,ZBA,LPT,-9,-9,-9,3,3,1987,W,126436,4,26,1,39,M,II,-9,-9,1,530,,,,,,,,,,,,,,,,,,,,,,,,,,,,,,,,,,,,
CA,1,LAT,ZBA,LPT,-9,-9,-9,3,3,1987,W,126436,4,26,1,36,M,II,-9,-9,1,480,,,,,,,,,,,,,,,,,,,,,,,,,,,,,,,,,,,,
CA,1,LAT,ZBA,LPT,-9,-9,-9,3,3,1987,W,126436,4,26,1,43,F,III,-9,-9,1,770,,,,,,,,,,,,,,,,,,,,,,,,,,,,,,,,,,,,
CA,1,LAT,ZBA,LPT,-9,-9,-9,3,3,1987,W,126436,4,26,1,40,M,II,-9,-9,1,700,,,,,,,,,,,,,,,,,,,,,,,,,,,,,,,,,,,,
CA,1,LAT,ZBA,LPT,-9,-9,-9,3,3,1987,W,126436,4,26,1,39,M,II,-9,-9,1,700,,,,,,,,,,,,,,,,,,,,,,,,,,,,,,,,,,,,
CA,1,LAT,ZBA,LPT,-9,-9,-9,3,3,1987,W,126436,4,26,1,58,M,III,-9,-9,1,1660,,,,,,,,,,,,,,,,,,,,,,,,,,,,,,,,,,,,
CA,1,LAT,ZBA,LPT,-9,-9,-9,3,3,1987,W,126436,4,26,1,42,M,II,-9,-9,1,700,,,,,,,,,,,,,,,,,,,,,,,,,,,,,,,,,,,,
CA,1,LAT,ZBA,LPT,-9,-9,-9,3,3,1987,W,126436,4,26,1,42,F,III,-9,-9,1,750,,,,,,,,,,,,,,,,,,,,,,,,,,,,,,,,,,,,
CA,1,LAT,ZBA,LPT,-9,-9,-9,3,3,1987,W,126436,4,26,1,46,M,II,-9,-9,1,860,,,,,,,,,,,,,,,,,,,,,,,,,,,,,,,,,,,,
CA,1,LAT,ZBA,LPT,-9,-9,-9,3,3,1987,W,126436,4,26,1,46,M,III,-9,-9,1,780,,,,,,,,,,,,,,,,,,,,,,,,,,,,,,,,,,,,
CA,1,LAT,ZBA,LPT,-9,-9,-9,3,3,1987,W,126436,4,26,1,50,M,IV,-9,-9,1,1250,,,,,,,,,,,,,,,,,,,,,,,,,,,,,,,,,,,,
CA,1,LAT,ZBA,LPT,-9,-9,-9,3,3,1987,W,126436,4,26,1,59,F,V,-9,-9,1,1500,,,,,,,,,,,,,,,,,,,,,,,,,,,,,,,,,,,,
CA,1,LAT,ZBA,LPT,-9,-9,-9,3,3,1987,W,126436,4,26,1,46,F,II,-9,-9,1,830,,,,,,,,,,,,,,,,,,,,,,,,,,,,,,,,,,,,
CA,1,LAT,ZBA,LPT,-9,-9,-9,3,3,1987,W,126436,4,26,1,30,M,III,-9,-9,1,280,,,,,,,,,,,,,,,,,,,,,,,,,,,,,,,,,,,,
CA,1,LAT,ZBA,LPT,-9,-9,-9,3,3,1987,W,126436,4,26,1,43,M,II,-9,-9,1,810,,,,,,,,,,,,,,,,,,,,,,,,,,,,,,,,,,,,
CA,1,LAT,ZBA,LPT,-9,-9,-9,3,3,1987,W,126436,4,26,1,47,M,III,-9,-9,1,970,,,,,,,,,,,,,,,,,,,,,,,,,,,,,,,,,,,,
CA,1,LAT,ZBA,LPT,-9,-9,-9,3,3,1987,W,126436,4,26,1,42,M,II,-9,-9,1,640,,,,,,,,,,,,,,,,,,,,,,,,,,,,,,,,,,,,
CA,1,LAT,ZBA,LPT,-9,-9,-9,3,3,1987,W,126436,4,26,1,64,M,III,-9,-9,1,2370,,,,,,,,,,,,,,,,,,,,,,,,,,,,,,,,,,,,
CA,1,LAT,ZBA,LPT,-9,-9,-9,3,3,1987,W,126436,4,26,1,58,F,III,-9,-9,1,1920,,,,,,,,,,,,,,,,,,,,,,,,,,,,,,,,,,,,
CA,1,LAT,ZBA,LPT,-9,-9,-9,3,3,1987,W,126436,4,26,1,61,M,III,-9,-9,1,1940,,,,,,,,,,,,,,,,,,,,,,,,,,,,,,,,,,,,
CA,1,LAT,ZBA,LPT,-9,-9,-9,3,3,1987,W,126436,4,26,1,45,M,III,-9,-9,1,860,,,,,,,,,,,,,,,,,,,,,,,,,,,,,,,,,,,,
CA,1,LAT,ZBA,LPT,-9,-9,-9,3,3,1987,W,126436,4,26,1,64,M,III,-9,-9,1,2030,,,,,,,,,,,,,,,,,,,,,,,,,,,,,,,,,,,,
CA,1,LAT,ZBA,LPT,-9,-9,-9,3,3,1987,W,126436,4,26,1,45,F,III,-9,-9,1,870,,,,,,,,,,,,,,,,,,,,,,,,,,,,,,,,,,,,
CA,1,LAT,ZBA,LPT,-9,-9,-9,3,3,1987,W,126436,4,26,1,40,M,II,-9,-9,1,700,,,,,,,,,,,,,,,,,,,,,,,,,,,,,,,,,,,,
CA,1,LAT,ZBA,LPT,-9,-9,-9,3,3,1987,W,126436,4,26,1,39,M,III,-9,-9,1,640,,,,,,,,,,,,,,,,,,,,,,,,,,,,,,,,,,,,
CA,1,LAT,ZBA,LPT,-9,-9,-9,3,3,1987,W,126436,4,26,1,46,F,II,-9,-9,1,870,,,,,,,,,,,,,,,,,,,,,,,,,,,,,,,,,,,,
CA,1,LAT,ZBA,LPT,-9,-9,-9,3,3,1987,W,126436,4,26,1,42,M,III,-9,-9,1,700,,,,,,,,,,,,,,,,,,,,,,,,,,,,,,,,,,,,
CA,1,LAT,ZBA,LPT,-9,-9,-9,3,3,1987,W,126436,4,26,1,43,F,III,-9,-9,1,770,,,,,,,,,,,,,,,,,,,,,,,,,,,,,,,,,,,,
CA,1,LAT,ZBA,LPT,-9,-9,-9,3,3,1987,W,126436,4,26,1,51,M,III,-9,-9,1,1550,,,,,,,,,,,,,,,,,,,,,,,,,,,,,,,,,,,,
CA,1,LAT,ZBA,LPT,-9,-9,-9,3,3,1987,W,126436,4,26,1,55,M,IV,-9,-9,1,1500,,,,,,,,,,,,,,,,,,,,,,,,,,,,,,,,,,,,
CA,1,LAT,ZBA,LPT,-9,-9,-9,3,3,1987,W,126436,4,26,1,56,M,IV,-9,-9,1,1560,,,,,,,,,,,,,,,,,,,,,,,,,,,,,,,,,,,,
CA,1,LAT,ZBA,LPT,-9,-9,-9,3,3,1987,W,126436,4,26,1,55,M,III,-9,-9,1,1950,,,,,,,,,,,,,,,,,,,,,,,,,,,,,,,,,,,,
CA,1,LAT,ZBA,LPT,-9,-9,-9,3,3,1987,W,126436,4,26,1,47,M,III,-9,-9,1,1000,,,,,,,,,,,,,,,,,,,,,,,,,,,,,,,,,,,,
CA,1,LAT,ZBA,LPT,-9,-9,-9,3,3,1987,W,126436,4,26,1,45,F,III,-9,-9,1,1000,,,,,,,,,,,,,,,,,,,,,,,,,,,,,,,,,,,,
CA,1,LAT,ZBA,LPT,-9,-9,-9,3,3,1987,W,126436,4,26,1,39,M,II,-9,-9,1,650,,,,,,,,,,,,,,,,,,,,,,,,,,,,,,,,,,,,
CA,1,LAT,ZBA,LPT,-9,-9,-9,3,3,1987,W,126436,4,26,1,54,M,III,-9,-9,1,1350,,,,,,,,,,,,,,,,,,,,,,,,,,,,,,,,,,,,
CA,1,LAT,ZBA,LPT,-9,-9,-9,3,3,1987,W,126436,4,26,1,44,F,III,-9,-9,1,880,,,,,,,,,,,,,,,,,,,,,,,,,,,,,,,,,,,,
CA,1,LAT,ZBA,LPT,-9,-9,-9,3,3,1987,W,126436,4,26,1,62,M,IV,-9,-9,1,1700,,,,,,,,,,,,,,,,,,,,,,,,,,,,,,,,,,,,
CA,1,LAT,ZBA,LPT,-9,-9,-9,3,3,1987,W,126436,4,26,1,61,F,V,-9,-9,1,2800,,,,,,,,,,,,,,,,,,,,,,,,,,,,,,,,,,,,
CA,1,LAT,ZBA,LPT,-9,-9,-9,3,3,1987,W,126436,4,26,1,58,M,II,-9,-9,1,1540,,,,,,,,,,,,,,,,,,,,,,,,,,,,,,,,,,,,
CA,1,LAT,ZBA,LPT,-9,-9,-9,3,3,1987,W,126436,4,26,1,36,M,II,-9,-9,1,280,,,,,,,,,,,,,,,,,,,,,,,,,,,,,,,,,,,,
CA,1,LAT,ZBA,LPT,-9,-9,-9,3,3,1987,W,126436,4,26,1,36,M,II,-9,-9,1,380,,,,,,,,,,,,,,,,,,,,,,,,,,,,,,,,,,,,
CA,1,LAT,ZBA,LPT,-9,-9,-9,3,3,1987,W,126436,4,26,1,42,M,II,-9,-9,1,800,,,,,,,,,,,,,,,,,,,,,,,,,,,,,,,,,,,,
CA,1,LAT,ZBA,LPT,-9,-9,-9,3,3,1987,W,126436,4,26,1,50,M,III,-9,-9,1,1340,,,,,,,,,,,,,,,,,,,,,,,,,,,,,,,,,,,,
CA,1,LAT,ZBA,LPT,-9,-9,-9,3,3,1987,W,126436,4,26,1,42,M,III,-9,-9,1,850,,,,,,,,,,,,,,,,,,,,,,,,,,,,,,,,,,,,
CA,1,LAT,ZBA,LPT,-9,-9,-9,3,3,1987,W,126436,4,26,1,45,F,II,-9,-9,1,920,,,,,,,,,,,,,,,,,,,,,,,,,,,,,,,,,,,,
CA,1,LAT,ZBA,LPT,-9,-9,-9,3,3,1987,W,126436,4,26,1,44,F,II,-9,-9,1,950,,,,,,,,,,,,,,,,,,,,,,,,,,,,,,,,,,,,
CA,1,LAT,ZBA,LPT,-9,-9,-9,3,3,1987,W,126436,4,26,1,58,M,III,-9,-9,1,1750,,,,,,,,,,,,,,,,,,,,,,,,,,,,,,,,,,,,
CA,1,LAT,ZBA,LPT,-9,-9,-9,3,3,1987,W,126436,4,26,1,40,M,III,-9,-9,1,550,,,,,,,,,,,,,,,,,,,,,,,,,,,,,,,,,,,,
CA,1,LAT,ZBA,LPT,-9,-9,-9,3,3,1987,W,126436,4,26,1,55,F,III,-9,-9,1,1840,,,,,,,,,,,,,,,,,,,,,,,,,,,,,,,,,,,,
CA,1,LAT,ZBA,LPT,-9,-9,-9,3,3,1987,W,126436,4,26,1,41,M,III,-9,-9,1,650,,,,,,,,,,,,,,,,,,,,,,,,,,,,,,,,,,,,
CA,1,LAT,ZBA,LPT,-9,-9,-9,3,3,1987,W,126436,4,26,1,47,M,II,-9,-9,1,850,,,,,,,,,,,,,,,,,,,,,,,,,,,,,,,,,,,,
CA,1,LAT,ZBA,LPT,-9,-9,-9,3,3,1987,W,126436,4,26,1,46,M,III,-9,-9,1,900,,,,,,,,,,,,,,,,,,,,,,,,,,,,,,,,,,,,
CA,1,LAT,ZBA,LPT,-9,-9,-9,3,3,1987,W,126436,4,26,1,40,M,III,-9,-9,1,600,,,,,,,,,,,,,,,,,,,,,,,,,,,,,,,,,,,,
CA,1,LAT,ZBA,LPT,-9,-9,-9,3,3,1987,W,126436,4,26,1,37,F,II,-9,-9,1,500,,,,,,,,,,,,,,,,,,,,,,,,,,,,,,,,,,,,
CA,1,LAT,ZBA,LPT,-9,-9,-9,3,3,1987,W,126436,4,26,1,39,M,III,-9,-9,1,660,,,,,,,,,,,,,,,,,,,,,,,,,,,,,,,,,,,,
CA,1,LAT,ZBA,LPT,-9,-9,-9,3,3,1987,W,126436,4,26,1,40,F,II,-9,-9,1,600,,,,,,,,,,,,,,,,,,,,,,,,,,,,,,,,,,,,
CA,1,LAT,ZBA,LPT,-9,-9,-9,3,3,1987,W,126436,4,26,1,43,F,II,-9,-9,1,650,,,,,,,,,,,,,,,,,,,,,,,,,,,,,,,,,,,,
CA,1,LAT,ZBA,LPT,-9,-9,-9,3,3,1987,W,126436,4,26,1,39,F,II,-9,-9,1,650,,,,,,,,,,,,,,,,,,,,,,,,,,,,,,,,,,,,
CA,1,LAT,ZBA,LPT,-9,-9,-9,3,3,1987,W,126436,4,26,1,45,F,II,-9,-9,1,850,,,,,,,,,,,,,,,,,,,,,,,,,,,,,,,,,,,,
CA,1,LAT,ZBA,LPT,-9,-9,-9,3,3,1987,W,126436,4,26,1,62,M,IV,-9,-9,1,2160,,,,,,,,,,,,,,,,,,,,,,,,,,,,,,,,,,,,
CA,1,LAT,ZBA,LPT,-9,-9,-9,3,3,1987,W,126436,4,26,1,42,F,II,-9,-9,1,600,,,,,,,,,,,,,,,,,,,,,,,,,,,,,,,,,,,,
CA,1,LAT,ZBA,LPT,-9,-9,-9,3,3,1987,W,126436,4,26,1,41,M,III,-9,-9,1,640,,,,,,,,,,,,,,,,,,,,,,,,,,,,,,,,,,,,
CA,1,LAT,ZBA,LPT,-9,-9,-9,3,3,1987,W,126436,4,26,1,45,M,III,-9,-9,1,920,,,,,,,,,,,,,,,,,,,,,,,,,,,,,,,,,,,,
CA,1,LAT,ZBA,LPT,-9,-9,-9,3,3,1987,W,126436,4,26,1,38,F,II,-9,-9,1,500,,,,,,,,,,,,,,,,,,,,,,,,,,,,,,,,,,,,
CA,1,LAT,ZBA,LPT,-9,-9,-9,3,3,1987,W,126436,4,26,1,37,M,II,-9,-9,1,450,,,,,,,,,,,,,,,,,,,,,,,,,,,,,,,,,,,,
CA,1,LAT,ZBA,LPT,-9,-9,-9,3,3,1987,W,126436,4,26,1,39,M,III,-9,-9,1,570,,,,,,,,,,,,,,,,,,,,,,,,,,,,,,,,,,,,
CA,1,LAT,ZBA,LPT,-9,-9,-9,3,3,1987,W,126436,4,26,1,31,M,I,-9,-9,1,300,,,,,,,,,,,,,,,,,,,,,,,,,,,,,,,,,,,,
CA,1,LAT,ZBA,LPT,-9,-9,-9,3,3,1987,W,126436,4,26,1,56,M,III,-9,-9,1,2750,,,,,,,,,,,,,,,,,,,,,,,,,,,,,,,,,,,,
CA,1,LAT,ZBA,LPT,-9,-9,-9,3,3,1987,W,126436,4,26,1,52,M,III,-9,-9,1,2300,,,,,,,,,,,,,,,,,,,,,,,,,,,,,,,,,,,,
CA,1,LAT,ZBA,LPT,-9,-9,-9,3,3,1987,W,126436,4,26,1,56,M,IV,-9,-9,1,1560,,,,,,,,,,,,,,,,,,,,,,,,,,,,,,,,,,,,
CA,1,LAT,ZBA,LPT,-9,-9,-9,3,3,1987,W,126436,4,26,1,52,M,III,-9,-9,1,1150,,,,,,,,,,,,,,,,,,,,,,,,,,,,,,,,,,,,
CA,1,LAT,ZBA,LPT,-9,-9,-9,3,3,1987,W,126436,4,26,1,67,F,III,-9,-9,1,2100,,,,,,,,,,,,,,,,,,,,,,,,,,,,,,,,,,,,
CA,1,LAT,ZBA,LPT,-9,-9,-9,3,3,1987,W,126436,4,26,1,38,F,II,-9,-9,1,570,,,,,,,,,,,,,,,,,,,,,,,,,,,,,,,,,,,,
CA,1,LAT,ZBA,LPT,-9,-9,-9,3,3,1987,W,126436,4,26,1,59,M,III,-9,-9,1,1640,,,,,,,,,,,,,,,,,,,,,,,,,,,,,,,,,,,,
CA,1,LAT,ZBA,LPT,-9,-9,-9,3,3,1987,W,126436,4,26,1,58,M,III,-9,-9,1,1540,,,,,,,,,,,,,,,,,,,,,,,,,,,,,,,,,,,,
CA,1,LAT,ZBA,LPT,-9,-9,-9,3,3,1987,W,126436,4,26,1,44,M,III,-9,-9,1,970,,,,,,,,,,,,,,,,,,,,,,,,,,,,,,,,,,,,
CA,1,LAT,ZBA,LPT,-9,-9,-9,3,3,1987,W,126436,4,26,1,49,M,II,-9,-9,1,1020,,,,,,,,,,,,,,,,,,,,,,,,,,,,,,,,,,,,
CA,1,LAT,ZBA,LPT,-9,-9,-9,3,3,1987,W,126436,4,26,1,42,F,III,-9,-9,1,780,,,,,,,,,,,,,,,,,,,,,,,,,,,,,,,,,,,,
CA,1,LAT,ZBA,LPT,-9,-9,-9,3,3,1987,W,126436,4,26,1,50,M,III,-9,-9,1,1170,,,,,,,,,,,,,,,,,,,,,,,,,,,,,,,,,,,,
CA,1,LAT,ZBA,LPT,-9,-9,-9,3,3,1987,W,126436,4,26,1,55,M,III,-9,-9,1,1280,,,,,,,,,,,,,,,,,,,,,,,,,,,,,,,,,,,,
CA,1,LAT,ZBA,LPT,-9,-9,-9,3,3,1987,W,126436,4,26,1,56,M,III,-9,-9,1,1650,,,,,,,,,,,,,,,,,,,,,,,,,,,,,,,,,,,,
HH,1,LAT,ZBA,LPT,-9,-9,-9,3,4,1987,3,17,0640,-9,60,D,56.2500,19.2667,56.3333,19.3000,41G9,90,V,-9,1,1,C,-9,-9,-9,-9,250,22,-9,3,580,-9,-9,-9,-9,-9,20,-9,-9,-9,-9,-9,-9,135,4,-9,0.5,-0.1,3.7,-9,-9,-9,-9
HL,1,LAT,ZBA,LPT,-9,-9,-9,3,4,1987,W,126436,1,-9,65,1,65,1,-9,149000,1,54,1,,,,,,,,,,,,,,,,,,,,,,,,,,,,,,,,,,,
HL,1,LAT,ZBA,LPT,-9,-9,-9,3,4,1987,W,126436,1,-9,65,1,65,1,-9,149000,1,52,2,,,,,,,,,,,,,,,,,,,,,,,,,,,,,,,,,,,
HL,1,LAT,ZBA,LPT,-9,-9,-9,3,4,1987,W,126436,1,-9,65,1,65,1,-9,149000,1,51,1,,,,,,,,,,,,,,,,,,,,,,,,,,,,,,,,,,,
HL,1,LAT,ZBA,LPT,-9,-9,-9,3,4,1987,W,126436,1,-9,65,1,65,1,-9,149000,1,50,4,,,,,,,,,,,,,,,,,,,,,,,,,,,,,,,,,,,
HL,1,LAT,ZBA,LPT,-9,-9,-9,3,4,1987,W,126436,1,-9,65,1,65,1,-9,149000,1,49,1,,,,,,,,,,,,,,,,,,,,,,,,,,,,,,,,,,,
HL,1,LAT,ZBA,LPT,-9,-9,-9,3,4,1987,W,126436,1,-9,65,1,65,1,-9,149000,1,40,1,,,,,,,,,,,,,,,,,,,,,,,,,,,,,,,,,,,
HL,1,LAT,ZBA,LPT,-9,-9,-9,3,4,1987,W,126436,1,-9,65,1,65,1,-9,149000,1,48,1,,,,,,,,,,,,,,,,,,,,,,,,,,,,,,,,,,,
HL,1,LAT,ZBA,LPT,-9,-9,-9,3,4,1987,W,126436,1,-9,65,1,65,1,-9,149000,1,41,1,,,,,,,,,,,,,,,,,,,,,,,,,,,,,,,,,,,
HL,1,LAT,ZBA,LPT,-9,-9,-9,3,4,1987,W,126436,1,-9,65,1,65,1,-9,149000,1,55,1,,,,,,,,,,,,,,,,,,,,,,,,,,,,,,,,,,,
HL,1,LAT,ZBA,LPT,-9,-9,-9,3,4,1987,W,126436,1,-9,65,1,65,1,-9,149000,1,47,2,,,,,,,,,,,,,,,,,,,,,,,,,,,,,,,,,,,
HL,1,LAT,ZBA,LPT,-9,-9,-9,3,4,1987,W,126436,1,-9,65,1,65,1,-9,149000,1,46,1,,,,,,,,,,,,,,,,,,,,,,,,,,,,,,,,,,,
HL,1,LAT,ZBA,LPT,-9,-9,-9,3,4,1987,W,126436,1,-9,65,1,65,1,-9,149000,1,44,2,,,,,,,,,,,,,,,,,,,,,,,,,,,,,,,,,,,
HL,1,LAT,ZBA,LPT,-9,-9,-9,3,4,1987,W,126436,1,-9,65,1,65,1,-9,149000,1,43,3,,,,,,,,,,,,,,,,,,,,,,,,,,,,,,,,,,,
HL,1,LAT,ZBA,LPT,-9,-9,-9,3,4,1987,W,126436,1,-9,65,1,65,1,-9,149000,1,42,1,,,,,,,,,,,,,,,,,,,,,,,,,,,,,,,,,,,
HL,1,LAT,ZBA,LPT,-9,-9,-9,3,4,1987,W,126436,1,-9,65,1,65,1,-9,149000,1,39,1,,,,,,,,,,,,,,,,,,,,,,,,,,,,,,,,,,,
HL,1,LAT,ZBA,LPT,-9,-9,-9,3,4,1987,W,126436,1,-9,65,1,65,1,-9,149000,1,71,3,,,,,,,,,,,,,,,,,,,,,,,,,,,,,,,,,,,
HL,1,LAT,ZBA,LPT,-9,-9,-9,3,4,1987,W,126436,1,-9,65,1,65,1,-9,149000,1,65,2,,,,,,,,,,,,,,,,,,,,,,,,,,,,,,,,,,,
HL,1,LAT,ZBA,LPT,-9,-9,-9,3,4,1987,W,126436,1,-9,65,1,65,1,-9,149000,1,38,1,,,,,,,,,,,,,,,,,,,,,,,,,,,,,,,,,,,
HL,1,LAT,ZBA,LPT,-9,-9,-9,3,4,1987,W,126436,1,-9,65,1,65,1,-9,149000,1,82,1,,,,,,,,,,,,,,,,,,,,,,,,,,,,,,,,,,,
HL,1,LAT,ZBA,LPT,-9,-9,-9,3,4,1987,W,126436,1,-9,65,1,65,1,-9,149000,1,77,1,,,,,,,,,,,,,,,,,,,,,,,,,,,,,,,,,,,
HL,1,LAT,ZBA,LPT,-9,-9,-9,3,4,1987,W,126436,1,-9,65,1,65,1,-9,149000,1,76,4,,,,,,,,,,,,,,,,,,,,,,,,,,,,,,,,,,,
HL,1,LAT,ZBA,LPT,-9,-9,-9,3,4,1987,W,126436,1,-9,65,1,65,1,-9,149000,1,75,1,,,,,,,,,,,,,,,,,,,,,,,,,,,,,,,,,,,
HL,1,LAT,ZBA,LPT,-9,-9,-9,3,4,1987,W,126436,1,-9,65,1,65,1,-9,149000,1,67,2,,,,,,,,,,,,,,,,,,,,,,,,,,,,,,,,,,,
HL,1,LAT,ZBA,LPT,-9,-9,-9,3,4,1987,W,126436,1,-9,65,1,65,1,-9,149000,1,72,3,,,,,,,,,,,,,,,,,,,,,,,,,,,,,,,,,,,
HL,1,LAT,ZBA,LPT,-9,-9,-9,3,4,1987,W,126436,1,-9,65,1,65,1,-9,149000,1,56,3,,,,,,,,,,,,,,,,,,,,,,,,,,,,,,,,,,,
HL,1,LAT,ZBA,LPT,-9,-9,-9,3,4,1987,W,126436,1,-9,65,1,65,1,-9,149000,1,64,2,,,,,,,,,,,,,,,,,,,,,,,,,,,,,,,,,,,
HL,1,LAT,ZBA,LPT,-9,-9,-9,3,4,1987,W,126436,1,-9,65,1,65,1,-9,149000,1,63,3,,,,,,,,,,,,,,,,,,,,,,,,,,,,,,,,,,,
HL,1,LAT,ZBA,LPT,-9,-9,-9,3,4,1987,W,126436,1,-9,65,1,65,1,-9,149000,1,61,3,,,,,,,,,,,,,,,,,,,,,,,,,,,,,,,,,,,
HL,1,LAT,ZBA,LPT,-9,-9,-9,3,4,1987,W,126436,1,-9,65,1,65,1,-9,149000,1,60,3,,,,,,,,,,,,,,,,,,,,,,,,,,,,,,,,,,,
HL,1,LAT,ZBA,LPT,-9,-9,-9,3,4,1987,W,126436,1,-9,65,1,65,1,-9,149000,1,59,2,,,,,,,,,,,,,,,,,,,,,,,,,,,,,,,,,,,
HL,1,LAT,ZBA,LPT,-9,-9,-9,3,4,1987,W,126436,1,-9,65,1,65,1,-9,149000,1,57,4,,,,,,,,,,,,,,,,,,,,,,,,,,,,,,,,,,,
HL,1,LAT,ZBA,LPT,-9,-9,-9,3,4,1987,W,126436,1,-9,65,1,65,1,-9,149000,1,74,1,,,,,,,,,,,,,,,,,,,,,,,,,,,,,,,,,,,
HL,1,LAT,ZBA,LPT,-9,-9,-9,3,4,1987,W,126436,1,-9,65,1,65,1,-9,149000,1,70,3,,,,,,,,,,,,,,,,,,,,,,,,,,,,,,,,,,,
CA,1,LAT,ZBA,LPT,-9,-9,-9,3,4,1987,W,126436,4,26,1,64,F,V,-9,-9,1,2740,,,,,,,,,,,,,,,,,,,,,,,,,,,,,,,,,,,,
CA,1,LAT,ZBA,LPT,-9,-9,-9,3,4,1987,W,126436,4,26,1,65,M,IV,-9,-9,1,2100,,,,,,,,,,,,,,,,,,,,,,,,,,,,,,,,,,,,
CA,1,LAT,ZBA,LPT,-9,-9,-9,3,4,1987,W,126436,4,26,1,72,F,V,-9,-9,1,3400,,,,,,,,,,,,,,,,,,,,,,,,,,,,,,,,,,,,
CA,1,LAT,ZBA,LPT,-9,-9,-9,3,4,1987,W,126436,4,26,1,64,F,IV,-9,-9,1,2800,,,,,,,,,,,,,,,,,,,,,,,,,,,,,,,,,,,,
CA,1,LAT,ZBA,LPT,-9,-9,-9,3,4,1987,W,126436,4,26,1,76,F,IV,-9,-9,1,4220,,,,,,,,,,,,,,,,,,,,,,,,,,,,,,,,,,,,
CA,1,LAT,ZBA,LPT,-9,-9,-9,3,4,1987,W,126436,4,26,1,70,F,IV,-9,-9,1,3320,,,,,,,,,,,,,,,,,,,,,,,,,,,,,,,,,,,,
CA,1,LAT,ZBA,LPT,-9,-9,-9,3,4,1987,W,126436,4,26,1,60,F,IV,-9,-9,1,2350,,,,,,,,,,,,,,,,,,,,,,,,,,,,,,,,,,,,
CA,1,LAT,ZBA,LPT,-9,-9,-9,3,4,1987,W,126436,4,26,1,57,M,IV,-9,-9,1,1640,,,,,,,,,,,,,,,,,,,,,,,,,,,,,,,,,,,,
CA,1,LAT,ZBA,LPT,-9,-9,-9,3,4,1987,W,126436,4,26,1,76,F,V,-9,-9,1,4700,,,,,,,,,,,,,,,,,,,,,,,,,,,,,,,,,,,,
CA,1,LAT,ZBA,LPT,-9,-9,-9,3,4,1987,W,126436,4,26,1,56,M,IV,-9,-9,1,1800,,,,,,,,,,,,,,,,,,,,,,,,,,,,,,,,,,,,
CA,1,LAT,ZBA,LPT,-9,-9,-9,3,4,1987,W,126436,4,26,1,56,F,IV,-9,-9,1,1950,,,,,,,,,,,,,,,,,,,,,,,,,,,,,,,,,,,,
CA,1,LAT,ZBA,LPT,-9,-9,-9,3,4,1987,W,126436,4,26,1,57,F,V,-9,-9,1,2300,,,,,,,,,,,,,,,,,,,,,,,,,,,,,,,,,,,,
CA,1,LAT,ZBA,LPT,-9,-9,-9,3,4,1987,W,126436,4,26,1,63,F,IV,-9,-9,1,2550,,,,,,,,,,,,,,,,,,,,,,,,,,,,,,,,,,,,
CA,1,LAT,ZBA,LPT,-9,-9,-9,3,4,1987,W,126436,4,26,1,70,F,IV,-9,-9,1,3700,,,,,,,,,,,,,,,,,,,,,,,,,,,,,,,,,,,,
CA,1,LAT,ZBA,LPT,-9,-9,-9,3,4,1987,W,126436,4,26,1,50,F,III,-9,-9,1,1350,,,,,,,,,,,,,,,,,,,,,,,,,,,,,,,,,,,,
CA,1,LAT,ZBA,LPT,-9,-9,-9,3,4,1987,W,126436,4,26,1,38,M,III,-9,-9,1,500,,,,,,,,,,,,,,,,,,,,,,,,,,,,,,,,,,,,
CA,1,LAT,ZBA,LPT,-9,-9,-9,3,4,1987,W,126436,4,26,1,40,M,II,-9,-9,1,560,,,,,,,,,,,,,,,,,,,,,,,,,,,,,,,,,,,,
CA,1,LAT,ZBA,LPT,-9,-9,-9,3,4,1987,W,126436,4,26,1,47,M,IV,-9,-9,1,1000,,,,,,,,,,,,,,,,,,,,,,,,,,,,,,,,,,,,
CA,1,LAT,ZBA,LPT,-9,-9,-9,3,4,1987,W,126436,4,26,1,43,M,III,-9,-9,1,750,,,,,,,,,,,,,,,,,,,,,,,,,,,,,,,,,,,,
CA,1,LAT,ZBA,LPT,-9,-9,-9,3,4,1987,W,126436,4,26,1,52,M,IV,-9,-9,1,1250,,,,,,,,,,,,,,,,,,,,,,,,,,,,,,,,,,,,
CA,1,LAT,ZBA,LPT,-9,-9,-9,3,4,1987,W,126436,4,26,1,46,F,III,-9,-9,1,1000,,,,,,,,,,,,,,,,,,,,,,,,,,,,,,,,,,,,
CA,1,LAT,ZBA,LPT,-9,-9,-9,3,4,1987,W,126436,4,26,1,60,M,IV,-9,-9,1,2050,,,,,,,,,,,,,,,,,,,,,,,,,,,,,,,,,,,,
CA,1,LAT,ZBA,LPT,-9,-9,-9,3,4,1987,W,126436,4,26,1,63,F,V,-9,-9,1,2550,,,,,,,,,,,,,,,,,,,,,,,,,,,,,,,,,,,,
CA,1,LAT,ZBA,LPT,-9,-9,-9,3,4,1987,W,126436,4,26,1,42,M,II,-9,-9,1,740,,,,,,,,,,,,,,,,,,,,,,,,,,,,,,,,,,,,
CA,1,LAT,ZBA,LPT,-9,-9,-9,3,4,1987,W,126436,4,26,1,48,M,III,-9,-9,1,1200,,,,,,,,,,,,,,,,,,,,,,,,,,,,,,,,,,,,
CA,1,LAT,ZBA,LPT,-9,-9,-9,3,4,1987,W,126436,4,26,1,47,M,III,-9,-9,1,1000,,,,,,,,,,,,,,,,,,,,,,,,,,,,,,,,,,,,
CA,1,LAT,ZBA,LPT,-9,-9,-9,3,4,1987,W,126436,4,26,1,50,F,III,-9,-9,1,1400,,,,,,,,,,,,,,,,,,,,,,,,,,,,,,,,,,,,
CA,1,LAT,ZBA,LPT,-9,-9,-9,3,4,1987,W,126436,4,26,1,50,M,III,-9,-9,1,1250,,,,,,,,,,,,,,,,,,,,,,,,,,,,,,,,,,,,
CA,1,LAT,ZBA,LPT,-9,-9,-9,3,4,1987,W,126436,4,26,1,49,F,III,-9,-9,1,1200,,,,,,,,,,,,,,,,,,,,,,,,,,,,,,,,,,,,
CA,1,LAT,ZBA,LPT,-9,-9,-9,3,4,1987,W,126436,4,26,1,50,F,IV,-9,-9,1,1300,,,,,,,,,,,,,,,,,,,,,,,,,,,,,,,,,,,,
CA,1,LAT,ZBA,LPT,-9,-9,-9,3,4,1987,W,126436,4,26,1,44,M,I,-9,-9,1,820,,,,,,,,,,,,,,,,,,,,,,,,,,,,,,,,,,,,
CA,1,LAT,ZBA,LPT,-9,-9,-9,3,4,1987,W,126436,4,26,1,43,M,IV,-9,-9,1,760,,,,,,,,,,,,,,,,,,,,,,,,,,,,,,,,,,,,
CA,1,LAT,ZBA,LPT,-9,-9,-9,3,4,1987,W,126436,4,26,1,75,F,III,-9,-9,1,4920,,,,,,,,,,,,,,,,,,,,,,,,,,,,,,,,,,,,
CA,1,LAT,ZBA,LPT,-9,-9,-9,3,4,1987,W,126436,4,26,1,71,F,V,-9,-9,1,3960,,,,,,,,,,,,,,,,,,,,,,,,,,,,,,,,,,,,
CA,1,LAT,ZBA,LPT,-9,-9,-9,3,4,1987,W,126436,4,26,1,59,F,IV,-9,-9,1,2320,,,,,,,,,,,,,,,,,,,,,,,,,,,,,,,,,,,,
CA,1,LAT,ZBA,LPT,-9,-9,-9,3,4,1987,W,126436,4,26,1,43,M,IV,-9,-9,1,900,,,,,,,,,,,,,,,,,,,,,,,,,,,,,,,,,,,,
CA,1,LAT,ZBA,LPT,-9,-9,-9,3,4,1987,W,126436,4,26,1,56,F,V,-9,-9,1,2300,,,,,,,,,,,,,,,,,,,,,,,,,,,,,,,,,,,,
CA,1,LAT,ZBA,LPT,-9,-9,-9,3,4,1987,W,126436,4,26,1,57,M,II,-9,-9,1,1620,,,,,,,,,,,,,,,,,,,,,,,,,,,,,,,,,,,,
CA,1,LAT,ZBA,LPT,-9,-9,-9,3,4,1987,W,126436,4,26,1,65,F,IV,-9,-9,1,2700,,,,,,,,,,,,,,,,,,,,,,,,,,,,,,,,,,,,
CA,1,LAT,ZBA,LPT,-9,-9,-9,3,4,1987,W,126436,4,26,1,77,F,IV,-9,-9,1,4950,,,,,,,,,,,,,,,,,,,,,,,,,,,,,,,,,,,,
CA,1,LAT,ZBA,LPT,-9,-9,-9,3,4,1987,W,126436,4,26,1,57,F,V,-9,-9,1,1850,,,,,,,,,,,,,,,,,,,,,,,,,,,,,,,,,,,,
CA,1,LAT,ZBA,LPT,-9,-9,-9,3,4,1987,W,126436,4,26,1,63,F,IV,-9,-9,1,2650,,,,,,,,,,,,,,,,,,,,,,,,,,,,,,,,,,,,
CA,1,LAT,ZBA,LPT,-9,-9,-9,3,4,1987,W,126436,4,26,1,61,F,IV,-9,-9,1,1920,,,,,,,,,,,,,,,,,,,,,,,,,,,,,,,,,,,,
CA,1,LAT,ZBA,LPT,-9,-9,-9,3,4,1987,W,126436,4,26,1,71,F,IV,-9,-9,1,3270,,,,,,,,,,,,,,,,,,,,,,,,,,,,,,,,,,,,
CA,1,LAT,ZBA,LPT,-9,-9,-9,3,4,1987,W,126436,4,26,1,44,M,IV,-9,-9,1,860,,,,,,,,,,,,,,,,,,,,,,,,,,,,,,,,,,,,
CA,1,LAT,ZBA,LPT,-9,-9,-9,3,4,1987,W,126436,4,26,1,39,F,II,-9,-9,1,750,,,,,,,,,,,,,,,,,,,,,,,,,,,,,,,,,,,,
CA,1,LAT,ZBA,LPT,-9,-9,-9,3,4,1987,W,126436,4,26,1,72,M,IV,-9,-9,1,3000,,,,,,,,,,,,,,,,,,,,,,,,,,,,,,,,,,,,
CA,1,LAT,ZBA,LPT,-9,-9,-9,3,4,1987,W,126436,4,26,1,82,F,IV,-9,-9,1,6430,,,,,,,,,,,,,,,,,,,,,,,,,,,,,,,,,,,,
CA,1,LAT,ZBA,LPT,-9,-9,-9,3,4,1987,W,126436,4,26,1,74,F,V,-9,-9,1,3920,,,,,,,,,,,,,,,,,,,,,,,,,,,,,,,,,,,,
CA,1,LAT,ZBA,LPT,-9,-9,-9,3,4,1987,W,126436,4,26,1,41,F,II,-9,-9,1,600,,,,,,,,,,,,,,,,,,,,,,,,,,,,,,,,,,,,
CA,1,LAT,ZBA,LPT,-9,-9,-9,3,4,1987,W,126436,4,26,1,59,F,IV,-9,-9,1,2070,,,,,,,,,,,,,,,,,,,,,,,,,,,,,,,,,,,,
CA,1,LAT,ZBA,LPT,-9,-9,-9,3,4,1987,W,126436,4,26,1,61,F,V,-9,-9,1,2700,,,,,,,,,,,,,,,,,,,,,,,,,,,,,,,,,,,,
CA,1,LAT,ZBA,LPT,-9,-9,-9,3,4,1987,W,126436,4,26,1,61,M,IV,-9,-9,1,2200,,,,,,,,,,,,,,,,,,,,,,,,,,,,,,,,,,,,
CA,1,LAT,ZBA,LPT,-9,-9,-9,3,4,1987,W,126436,4,26,1,72,M,IV,-9,-9,1,2500,,,,,,,,,,,,,,,,,,,,,,,,,,,,,,,,,,,,
CA,1,LAT,ZBA,LPT,-9,-9,-9,3,4,1987,W,126436,4,26,1,67,F,V,-9,-9,1,2850,,,,,,,,,,,,,,,,,,,,,,,,,,,,,,,,,,,,
CA,1,LAT,ZBA,LPT,-9,-9,-9,3,4,1987,W,126436,4,26,1,70,F,V,-9,-9,1,3520,,,,,,,,,,,,,,,,,,,,,,,,,,,,,,,,,,,,
CA,1,LAT,ZBA,LPT,-9,-9,-9,3,4,1987,W,126436,4,26,1,76,F,III,-9,-9,1,3550,,,,,,,,,,,,,,,,,,,,,,,,,,,,,,,,,,,,
CA,1,LAT,ZBA,LPT,-9,-9,-9,3,4,1987,W,126436,4,26,1,67,M,IV,-9,-9,1,2800,,,,,,,,,,,,,,,,,,,,,,,,,,,,,,,,,,,,
CA,1,LAT,ZBA,LPT,-9,-9,-9,3,4,1987,W,126436,4,26,1,52,F,III,-9,-9,1,1460,,,,,,,,,,,,,,,,,,,,,,,,,,,,,,,,,,,,
CA,1,LAT,ZBA,LPT,-9,-9,-9,3,4,1987,W,126436,4,26,1,55,M,IV,-9,-9,1,1700,,,,,,,,,,,,,,,,,,,,,,,,,,,,,,,,,,,,
CA,1,LAT,ZBA,LPT,-9,-9,-9,3,4,1987,W,126436,4,26,1,51,M,IV,-9,-9,1,1200,,,,,,,,,,,,,,,,,,,,,,,,,,,,,,,,,,,,
CA,1,LAT,ZBA,LPT,-9,-9,-9,3,4,1987,W,126436,4,26,1,60,M,IV,-9,-9,1,2100,,,,,,,,,,,,,,,,,,,,,,,,,,,,,,,,,,,,
CA,1,LAT,ZBA,LPT,-9,-9,-9,3,4,1987,W,126436,4,26,1,54,F,V,-9,-9,1,1940,,,,,,,,,,,,,,,,,,,,,,,,,,,,,,,,,,,,
CA,1,LAT,ZBA,LPT,-9,-9,-9,3,4,1987,W,126436,4,26,1,71,M,IV,-9,-9,1,3070,,,,,,,,,,,,,,,,,,,,,,,,,,,,,,,,,,,,
CA,1,LAT,ZBA,LPT,-9,-9,-9,3,4,1987,W,126436,4,26,1,76,F,VI,-9,-9,1,5650,,,,,,,,,,,,,,,,,,,,,,,,,,,,,,,,,,,,
HH,1,LAT,ZBA,LPT,-9,-9,-9,3,5,1987,3,17,0830,-9,60,D,56.3167,19.2833,56.2500,19.2333,41G9,131,V,-9,1,1,C,-9,-9,-9,-9,250,22,-9,3,580,-9,-9,-9,-9,-9,200,-9,-9,-9,-9,-9,-9,135,4,-9,0.5,-0.1,4.9,-9,-9,-9,-9
HL,1,LAT,ZBA,LPT,-9,-9,-9,3,5,1987,W,126436,1,-9,4,1,4,1,-9,6000,1,43,1,,,,,,,,,,,,,,,,,,,,,,,,,,,,,,,,,,,
HL,1,LAT,ZBA,LPT,-9,-9,-9,3,5,1987,W,126436,1,-9,4,1,4,1,-9,6000,1,68,2,,,,,,,,,,,,,,,,,,,,,,,,,,,,,,,,,,,
HL,1,LAT,ZBA,LPT,-9,-9,-9,3,5,1987,W,126436,1,-9,4,1,4,1,-9,6000,1,52,1,,,,,,,,,,,,,,,,,,,,,,,,,,,,,,,,,,,
HH,1,LAT,ZBA,LPT,-9,-9,-9,3,6,1987,3,17,1035,-9,60,D,56.1500,19.2333,56.0667,19.2167,41G9,117,V,-9,1,1,C,-9,-9,-9,-9,250,22,-9,3,580,-9,-9,-9,-9,-9,185,-9,-9,-9,-9,-9,-9,180,4,-9,0.1,0.1,4.6,-9,-9,-9,-9
HL,1,LAT,ZBA,LPT,-9,-9,-9,3,6,1987,W,126436,1,-9,16,1,16,1,-9,15000,1,49,1,,,,,,,,,,,,,,,,,,,,,,,,,,,,,,,,,,,
HL,1,LAT,ZBA,LPT,-9,-9,-9,3,6,1987,W,126436,1,-9,16,1,16,1,-9,15000,1,47,1,,,,,,,,,,,,,,,,,,,,,,,,,,,,,,,,,,,
HL,1,LAT,ZBA,LPT,-9,-9,-9,3,6,1987,W,126436,1,-9,16,1,16,1,-9,15000,1,46,1,,,,,,,,,,,,,,,,,,,,,,,,,,,,,,,,,,,
HL,1,LAT,ZBA,LPT,-9,-9,-9,3,6,1987,W,126436,1,-9,16,1,16,1,-9,15000,1,44,1,,,,,,,,,,,,,,,,,,,,,,,,,,,,,,,,,,,
HL,1,LAT,ZBA,LPT,-9,-9,-9,3,6,1987,W,126436,1,-9,16,1,16,1,-9,15000,1,74,1,,,,,,,,,,,,,,,,,,,,,,,,,,,,,,,,,,,
HL,1,LAT,ZBA,LPT,-9,-9,-9,3,6,1987,W,126436,1,-9,16,1,16,1,-9,15000,1,53,1,,,,,,,,,,,,,,,,,,,,,,,,,,,,,,,,,,,
HL,1,LAT,ZBA,LPT,-9,-9,-9,3,6,1987,W,126436,1,-9,16,1,16,1,-9,15000,1,65,2,,,,,,,,,,,,,,,,,,,,,,,,,,,,,,,,,,,
HL,1,LAT,ZBA,LPT,-9,-9,-9,3,6,1987,W,126436,1,-9,16,1,16,1,-9,15000,1,71,1,,,,,,,,,,,,,,,,,,,,,,,,,,,,,,,,,,,
HL,1,LAT,ZBA,LPT,-9,-9,-9,3,6,1987,W,126436,1,-9,16,1,16,1,-9,15000,1,35,1,,,,,,,,,,,,,,,,,,,,,,,,,,,,,,,,,,,
HL,1,LAT,ZBA,LPT,-9,-9,-9,3,6,1987,W,126436,1,-9,16,1,16,1,-9,15000,1,32,1,,,,,,,,,,,,,,,,,,,,,,,,,,,,,,,,,,,
HL,1,LAT,ZBA,LPT,-9,-9,-9,3,6,1987,W,126436,1,-9,16,1,16,1,-9,15000,1,26,1,,,,,,,,,,,,,,,,,,,,,,,,,,,,,,,,,,,
HL,1,LAT,ZBA,LPT,-9,-9,-9,3,6,1987,W,126436,1,-9,16,1,16,1,-9,15000,1,10,1,,,,,,,,,,,,,,,,,,,,,,,,,,,,,,,,,,,
HL,1,LAT,ZBA,LPT,-9,-9,-9,3,6,1987,W,126436,1,-9,16,1,16,1,-9,15000,1,41,3,,,,,,,,,,,,,,,,,,,,,,,,,,,,,,,,,,,
HH,1,LAT,ZBA,LPT,-9,-9,-9,3,7,1987,3,18,0635,-9,60,D,55.9500,19.1000,56.0167,19.0833,40G9,112,V,-9,1,1,C,-9,-9,-9,-9,250,22,-9,3,580,-9,-9,-9,-9,-9,350,-9,-9,-9,-9,-9,-9,135,12,-9,1,0.1,4.3,-9,-9,-9,-9
HL,1,LAT,ZBA,LPT,-9,-9,-9,3,7,1987,W,126436,1,-9,99,1,99,1,-9,80000,1,68,1,,,,,,,,,,,,,,,,,,,,,,,,,,,,,,,,,,,
HL,1,LAT,ZBA,LPT,-9,-9,-9,3,7,1987,W,126436,1,-9,99,1,99,1,-9,80000,1,71,2,,,,,,,,,,,,,,,,,,,,,,,,,,,,,,,,,,,
HL,1,LAT,ZBA,LPT,-9,-9,-9,3,7,1987,W,126436,1,-9,99,1,99,1,-9,80000,1,63,2,,,,,,,,,,,,,,,,,,,,,,,,,,,,,,,,,,,
HL,1,LAT,ZBA,LPT,-9,-9,-9,3,7,1987,W,126436,1,-9,99,1,99,1,-9,80000,1,32,6,,,,,,,,,,,,,,,,,,,,,,,,,,,,,,,,,,,
HL,1,LAT,ZBA,LPT,-9,-9,-9,3,7,1987,W,126436,1,-9,99,1,99,1,-9,80000,1,45,4,,,,,,,,,,,,,,,,,,,,,,,,,,,,,,,,,,,
HL,1,LAT,ZBA,LPT,-9,-9,-9,3,7,1987,W,126436,1,-9,99,1,99,1,-9,80000,1,27,2,,,,,,,,,,,,,,,,,,,,,,,,,,,,,,,,,,,
HL,1,LAT,ZBA,LPT,-9,-9,-9,3,7,1987,W,126436,1,-9,99,1,99,1,-9,80000,1,29,1,,,,,,,,,,,,,,,,,,,,,,,,,,,,,,,,,,,
HL,1,LAT,ZBA,LPT,-9,-9,-9,3,7,1987,W,126436,1,-9,99,1,99,1,-9,80000,1,30,3,,,,,,,,,,,,,,,,,,,,,,,,,,,,,,,,,,,
HL,1,LAT,ZBA,LPT,-9,-9,-9,3,7,1987,W,126436,1,-9,99,1,99,1,-9,80000,1,33,4,,,,,,,,,,,,,,,,,,,,,,,,,,,,,,,,,,,
HL,1,LAT,ZBA,LPT,-9,-9,-9,3,7,1987,W,126436,1,-9,99,1,99,1,-9,80000,1,35,3,,,,,,,,,,,,,,,,,,,,,,,,,,,,,,,,,,,
HL,1,LAT,ZBA,LPT,-9,-9,-9,3,7,1987,W,126436,1,-9,99,1,99,1,-9,80000,1,36,1,,,,,,,,,,,,,,,,,,,,,,,,,,,,,,,,,,,
HL,1,LAT,ZBA,LPT,-9,-9,-9,3,7,1987,W,126436,1,-9,99,1,99,1,-9,80000,1,37,3,,,,,,,,,,,,,,,,,,,,,,,,,,,,,,,,,,,
HL,1,LAT,ZBA,LPT,-9,-9,-9,3,7,1987,W,126436,1,-9,99,1,99,1,-9,80000,1,38,6,,,,,,,,,,,,,,,,,,,,,,,,,,,,,,,,,,,
HL,1,LAT,ZBA,LPT,-9,-9,-9,3,7,1987,W,126436,1,-9,99,1,99,1,-9,80000,1,39,4,,,,,,,,,,,,,,,,,,,,,,,,,,,,,,,,,,,
HL,1,LAT,ZBA,LPT,-9,-9,-9,3,7,1987,W,126436,1,-9,99,1,99,1,-9,80000,1,40,9,,,,,,,,,,,,,,,,,,,,,,,,,,,,,,,,,,,
HL,1,LAT,ZBA,LPT,-9,-9,-9,3,7,1987,W,126436,1,-9,99,1,99,1,-9,80000,1,41,7,,,,,,,,,,,,,,,,,,,,,,,,,,,,,,,,,,,
HL,1,LAT,ZBA,LPT,-9,-9,-9,3,7,1987,W,126436,1,-9,99,1,99,1,-9,80000,1,42,5,,,,,,,,,,,,,,,,,,,,,,,,,,,,,,,,,,,
HL,1,LAT,ZBA,LPT,-9,-9,-9,3,7,1987,W,126436,1,-9,99,1,99,1,-9,80000,1,34,3,,,,,,,,,,,,,,,,,,,,,,,,,,,,,,,,,,,
HL,1,LAT,ZBA,LPT,-9,-9,-9,3,7,1987,W,126436,1,-9,99,1,99,1,-9,80000,1,44,3,,,,,,,,,,,,,,,,,,,,,,,,,,,,,,,,,,,
HL,1,LAT,ZBA,LPT,-9,-9,-9,3,7,1987,W,126436,1,-9,99,1,99,1,-9,80000,1,52,2,,,,,,,,,,,,,,,,,,,,,,,,,,,,,,,,,,,
HL,1,LAT,ZBA,LPT,-9,-9,-9,3,7,1987,W,126436,1,-9,99,1,99,1,-9,80000,1,61,2,,,,,,,,,,,,,,,,,,,,,,,,,,,,,,,,,,,
HL,1,LAT,ZBA,LPT,-9,-9,-9,3,7,1987,W,126436,1,-9,99,1,99,1,-9,80000,1,60,1,,,,,,,,,,,,,,,,,,,,,,,,,,,,,,,,,,,
HL,1,LAT,ZBA,LPT,-9,-9,-9,3,7,1987,W,126436,1,-9,99,1,99,1,-9,80000,1,59,1,,,,,,,,,,,,,,,,,,,,,,,,,,,,,,,,,,,
HL,1,LAT,ZBA,LPT,-9,-9,-9,3,7,1987,W,126436,1,-9,99,1,99,1,-9,80000,1,58,1,,,,,,,,,,,,,,,,,,,,,,,,,,,,,,,,,,,
HL,1,LAT,ZBA,LPT,-9,-9,-9,3,7,1987,W,126436,1,-9,99,1,99,1,-9,80000,1,56,2,,,,,,,,,,,,,,,,,,,,,,,,,,,,,,,,,,,
HL,1,LAT,ZBA,LPT,-9,-9,-9,3,7,1987,W,126436,1,-9,99,1,99,1,-9,80000,1,43,4,,,,,,,,,,,,,,,,,,,,,,,,,,,,,,,,,,,
HL,1,LAT,ZBA,LPT,-9,-9,-9,3,7,1987,W,126436,1,-9,99,1,99,1,-9,80000,1,54,3,,,,,,,,,,,,,,,,,,,,,,,,,,,,,,,,,,,
HL,1,LAT,ZBA,LPT,-9,-9,-9,3,7,1987,W,126436,1,-9,99,1,99,1,-9,80000,1,62,1,,,,,,,,,,,,,,,,,,,,,,,,,,,,,,,,,,,
HL,1,LAT,ZBA,LPT,-9,-9,-9,3,7,1987,W,126436,1,-9,99,1,99,1,-9,80000,1,51,1,,,,,,,,,,,,,,,,,,,,,,,,,,,,,,,,,,,
HL,1,LAT,ZBA,LPT,-9,-9,-9,3,7,1987,W,126436,1,-9,99,1,99,1,-9,80000,1,50,5,,,,,,,,,,,,,,,,,,,,,,,,,,,,,,,,,,,
HL,1,LAT,ZBA,LPT,-9,-9,-9,3,7,1987,W,126436,1,-9,99,1,99,1,-9,80000,1,49,1,,,,,,,,,,,,,,,,,,,,,,,,,,,,,,,,,,,
HL,1,LAT,ZBA,LPT,-9,-9,-9,3,7,1987,W,126436,1,-9,99,1,99,1,-9,80000,1,48,2,,,,,,,,,,,,,,,,,,,,,,,,,,,,,,,,,,,
HL,1,LAT,ZBA,LPT,-9,-9,-9,3,7,1987,W,126436,1,-9,99,1,99,1,-9,80000,1,47,1,,,,,,,,,,,,,,,,,,,,,,,,,,,,,,,,,,,
HL,1,LAT,ZBA,LPT,-9,-9,-9,3,7,1987,W,126436,1,-9,99,1,99,1,-9,80000,1,46,1,,,,,,,,,,,,,,,,,,,,,,,,,,,,,,,,,,,
HL,1,LAT,ZBA,LPT,-9,-9,-9,3,7,1987,W,126436,1,-9,99,1,99,1,-9,80000,1,55,2,,,,,,,,,,,,,,,,,,,,,,,,,,,,,,,,,,,
CA,1,LAT,ZBA,LPT,-9,-9,-9,3,7,1987,W,126436,4,26,1,38,M,IV,-9,-9,1,500,,,,,,,,,,,,,,,,,,,,,,,,,,,,,,,,,,,,
CA,1,LAT,ZBA,LPT,-9,-9,-9,3,7,1987,W,126436,4,26,1,51,F,III,-9,-9,1,1500,,,,,,,,,,,,,,,,,,,,,,,,,,,,,,,,,,,,
CA,1,LAT,ZBA,LPT,-9,-9,-9,3,7,1987,W,126436,4,26,1,41,M,IV,-9,-9,1,650,,,,,,,,,,,,,,,,,,,,,,,,,,,,,,,,,,,,
CA,1,LAT,ZBA,LPT,-9,-9,-9,3,7,1987,W,126436,4,26,1,38,M,IV,-9,-9,1,600,,,,,,,,,,,,,,,,,,,,,,,,,,,,,,,,,,,,
CA,1,LAT,ZBA,LPT,-9,-9,-9,3,7,1987,W,126436,4,26,1,38,M,III,-9,-9,1,450,,,,,,,,,,,,,,,,,,,,,,,,,,,,,,,,,,,,
CA,1,LAT,ZBA,LPT,-9,-9,-9,3,7,1987,W,126436,4,26,1,48,F,II,-9,-9,1,940,,,,,,,,,,,,,,,,,,,,,,,,,,,,,,,,,,,,
CA,1,LAT,ZBA,LPT,-9,-9,-9,3,7,1987,W,126436,4,26,1,42,M,II,-9,-9,1,600,,,,,,,,,,,,,,,,,,,,,,,,,,,,,,,,,,,,
CA,1,LAT,ZBA,LPT,-9,-9,-9,3,7,1987,W,126436,4,26,1,40,M,III,-9,-9,1,600,,,,,,,,,,,,,,,,,,,,,,,,,,,,,,,,,,,,
CA,1,LAT,ZBA,LPT,-9,-9,-9,3,7,1987,W,126436,4,26,1,41,M,III,-9,-9,1,620,,,,,,,,,,,,,,,,,,,,,,,,,,,,,,,,,,,,
CA,1,LAT,ZBA,LPT,-9,-9,-9,3,7,1987,W,126436,4,26,1,41,M,III,-9,-9,1,620,,,,,,,,,,,,,,,,,,,,,,,,,,,,,,,,,,,,
CA,1,LAT,ZBA,LPT,-9,-9,-9,3,7,1987,W,126436,4,26,1,43,M,II,-9,-9,1,730,,,,,,,,,,,,,,,,,,,,,,,,,,,,,,,,,,,,
CA,1,LAT,ZBA,LPT,-9,-9,-9,3,7,1987,W,126436,4,26,1,35,M,II,-9,-9,1,400,,,,,,,,,,,,,,,,,,,,,,,,,,,,,,,,,,,,
CA,1,LAT,ZBA,LPT,-9,-9,-9,3,7,1987,W,126436,4,26,1,41,F,II,-9,-9,1,500,,,,,,,,,,,,,,,,,,,,,,,,,,,,,,,,,,,,
CA,1,LAT,ZBA,LPT,-9,-9,-9,3,7,1987,W,126436,4,26,1,40,F,III,-9,-9,1,650,,,,,,,,,,,,,,,,,,,,,,,,,,,,,,,,,,,,
CA,1,LAT,ZBA,LPT,-9,-9,-9,3,7,1987,W,126436,4,26,1,45,F,III,-9,-9,1,850,,,,,,,,,,,,,,,,,,,,,,,,,,,,,,,,,,,,
CA,1,LAT,ZBA,LPT,-9,-9,-9,3,7,1987,W,126436,4,26,1,45,F,II,-9,-9,1,920,,,,,,,,,,,,,,,,,,,,,,,,,,,,,,,,,,,,
CA,1,LAT,ZBA,LPT,-9,-9,-9,3,7,1987,W,126436,4,26,1,46,F,III,-9,-9,1,1200,,,,,,,,,,,,,,,,,,,,,,,,,,,,,,,,,,,,
CA,1,LAT,ZBA,LPT,-9,-9,-9,3,7,1987,W,126436,4,26,1,45,M,II,-9,-9,1,840,,,,,,,,,,,,,,,,,,,,,,,,,,,,,,,,,,,,
CA,1,LAT,ZBA,LPT,-9,-9,-9,3,7,1987,W,126436,4,26,1,45,F,III,-9,-9,1,950,,,,,,,,,,,,,,,,,,,,,,,,,,,,,,,,,,,,
CA,1,LAT,ZBA,LPT,-9,-9,-9,3,7,1987,W,126436,4,26,1,35,M,IV,-9,-9,1,350,,,,,,,,,,,,,,,,,,,,,,,,,,,,,,,,,,,,
CA,1,LAT,ZBA,LPT,-9,-9,-9,3,7,1987,W,126436,4,26,1,50,M,IV,-9,-9,1,1100,,,,,,,,,,,,,,,,,,,,,,,,,,,,,,,,,,,,
CA,1,LAT,ZBA,LPT,-9,-9,-9,3,7,1987,W,126436,4,26,1,52,M,IV,-9,-9,1,1200,,,,,,,,,,,,,,,,,,,,,,,,,,,,,,,,,,,,
CA,1,LAT,ZBA,LPT,-9,-9,-9,3,7,1987,W,126436,4,26,1,55,F,III,-9,-9,1,1900,,,,,,,,,,,,,,,,,,,,,,,,,,,,,,,,,,,,
CA,1,LAT,ZBA,LPT,-9,-9,-9,3,7,1987,W,126436,4,26,1,27,F,II,-9,-9,1,300,,,,,,,,,,,,,,,,,,,,,,,,,,,,,,,,,,,,
CA,1,LAT,ZBA,LPT,-9,-9,-9,3,7,1987,W,126436,4,26,1,63,F,V,-9,-9,1,2460,,,,,,,,,,,,,,,,,,,,,,,,,,,,,,,,,,,,
CA,1,LAT,ZBA,LPT,-9,-9,-9,3,7,1987,W,126436,4,26,1,42,F,II,-9,-9,1,650,,,,,,,,,,,,,,,,,,,,,,,,,,,,,,,,,,,,
CA,1,LAT,ZBA,LPT,-9,-9,-9,3,7,1987,W,126436,4,26,1,32,M,II,-9,-9,1,300,,,,,,,,,,,,,,,,,,,,,,,,,,,,,,,,,,,,
CA,1,LAT,ZBA,LPT,-9,-9,-9,3,7,1987,W,126436,4,26,1,32,M,II,-9,-9,1,300,,,,,,,,,,,,,,,,,,,,,,,,,,,,,,,,,,,,
CA,1,LAT,ZBA,LPT,-9,-9,-9,3,7,1987,W,126436,4,26,1,34,M,II,-9,-9,1,450,,,,,,,,,,,,,,,,,,,,,,,,,,,,,,,,,,,,
CA,1,LAT,ZBA,LPT,-9,-9,-9,3,7,1987,W,126436,4,26,1,37,F,II,-9,-9,1,500,,,,,,,,,,,,,,,,,,,,,,,,,,,,,,,,,,,,
CA,1,LAT,ZBA,LPT,-9,-9,-9,3,7,1987,W,126436,4,26,1,33,F,II,-9,-9,1,350,,,,,,,,,,,,,,,,,,,,,,,,,,,,,,,,,,,,
CA,1,LAT,ZBA,LPT,-9,-9,-9,3,7,1987,W,126436,4,26,1,34,F,II,-9,-9,1,350,,,,,,,,,,,,,,,,,,,,,,,,,,,,,,,,,,,,
CA,1,LAT,ZBA,LPT,-9,-9,-9,3,7,1987,W,126436,4,26,1,32,M,IV,-9,-9,1,400,,,,,,,,,,,,,,,,,,,,,,,,,,,,,,,,,,,,
CA,1,LAT,ZBA,LPT,-9,-9,-9,3,7,1987,W,126436,4,26,1,33,M,II,-9,-9,1,500,,,,,,,,,,,,,,,,,,,,,,,,,,,,,,,,,,,,
CA,1,LAT,ZBA,LPT,-9,-9,-9,3,7,1987,W,126436,4,26,1,37,F,II,-9,-9,1,700,,,,,,,,,,,,,,,,,,,,,,,,,,,,,,,,,,,,
CA,1,LAT,ZBA,LPT,-9,-9,-9,3,7,1987,W,126436,4,26,1,38,M,IV,-9,-9,1,600,,,,,,,,,,,,,,,,,,,,,,,,,,,,,,,,,,,,
CA,1,LAT,ZBA,LPT,-9,-9,-9,3,7,1987,W,126436,4,26,1,49,F,II,-9,-9,1,1160,,,,,,,,,,,,,,,,,,,,,,,,,,,,,,,,,,,,
CA,1,LAT,ZBA,LPT,-9,-9,-9,3,7,1987,W,126436,4,26,1,33,F,II,-9,-9,1,400,,,,,,,,,,,,,,,,,,,,,,,,,,,,,,,,,,,,
CA,1,LAT,ZBA,LPT,-9,-9,-9,3,7,1987,W,126436,4,26,1,40,M,IV,-9,-9,1,800,,,,,,,,,,,,,,,,,,,,,,,,,,,,,,,,,,,,
CA,1,LAT,ZBA,LPT,-9,-9,-9,3,7,1987,W,126436,4,26,1,35,F,II,-9,-9,1,510,,,,,,,,,,,,,,,,,,,,,,,,,,,,,,,,,,,,
CA,1,LAT,ZBA,LPT,-9,-9,-9,3,7,1987,W,126436,4,26,1,39,M,IV,-9,-9,1,520,,,,,,,,,,,,,,,,,,,,,,,,,,,,,,,,,,,,
CA,1,LAT,ZBA,LPT,-9,-9,-9,3,7,1987,W,126436,4,26,1,39,M,IV,-9,-9,1,540,,,,,,,,,,,,,,,,,,,,,,,,,,,,,,,,,,,,
CA,1,LAT,ZBA,LPT,-9,-9,-9,3,7,1987,W,126436,4,26,1,40,F,III,-9,-9,1,600,,,,,,,,,,,,,,,,,,,,,,,,,,,,,,,,,,,,
CA,1,LAT,ZBA,LPT,-9,-9,-9,3,7,1987,W,126436,4,26,1,38,M,IV,-9,-9,1,600,,,,,,,,,,,,,,,,,,,,,,,,,,,,,,,,,,,,
CA,1,LAT,ZBA,LPT,-9,-9,-9,3,7,1987,W,126436,4,26,1,40,F,II,-9,-9,1,800,,,,,,,,,,,,,,,,,,,,,,,,,,,,,,,,,,,,
CA,1,LAT,ZBA,LPT,-9,-9,-9,3,7,1987,W,126436,4,26,1,41,M,II,-9,-9,1,600,,,,,,,,,,,,,,,,,,,,,,,,,,,,,,,,,,,,
CA,1,LAT,ZBA,LPT,-9,-9,-9,3,7,1987,W,126436,4,26,1,38,M,IV,-9,-9,1,500,,,,,,,,,,,,,,,,,,,,,,,,,,,,,,,,,,,,
CA,1,LAT,ZBA,LPT,-9,-9,-9,3,7,1987,W,126436,4,26,1,41,F,II,-9,-9,1,650,,,,,,,,,,,,,,,,,,,,,,,,,,,,,,,,,,,,
CA,1,LAT,ZBA,LPT,-9,-9,-9,3,7,1987,W,126436,4,26,1,54,F,III,-9,-9,1,1720,,,,,,,,,,,,,,,,,,,,,,,,,,,,,,,,,,,,
CA,1,LAT,ZBA,LPT,-9,-9,-9,3,7,1987,W,126436,4,26,1,36,M,IV,-9,-9,1,500,,,,,,,,,,,,,,,,,,,,,,,,,,,,,,,,,,,,
CA,1,LAT,ZBA,LPT,-9,-9,-9,3,7,1987,W,126436,4,26,1,27,M,II,-9,-9,1,150,,,,,,,,,,,,,,,,,,,,,,,,,,,,,,,,,,,,
CA,1,LAT,ZBA,LPT,-9,-9,-9,3,7,1987,W,126436,4,26,1,71,M,IV,-9,-9,1,3400,,,,,,,,,,,,,,,,,,,,,,,,,,,,,,,,,,,,
CA,1,LAT,ZBA,LPT,-9,-9,-9,3,7,1987,W,126436,4,26,1,30,F,II,-9,-9,1,300,,,,,,,,,,,,,,,,,,,,,,,,,,,,,,,,,,,,
CA,1,LAT,ZBA,LPT,-9,-9,-9,3,7,1987,W,126436,4,26,1,42,M,IV,-9,-9,1,900,,,,,,,,,,,,,,,,,,,,,,,,,,,,,,,,,,,,
CA,1,LAT,ZBA,LPT,-9,-9,-9,3,7,1987,W,126436,4,26,1,40,M,IV,-9,-9,1,670,,,,,,,,,,,,,,,,,,,,,,,,,,,,,,,,,,,,
CA,1,LAT,ZBA,LPT,-9,-9,-9,3,7,1987,W,126436,4,26,1,54,M,IV,-9,-9,1,1600,,,,,,,,,,,,,,,,,,,,,,,,,,,,,,,,,,,,
CA,1,LAT,ZBA,LPT,-9,-9,-9,3,7,1987,W,126436,4,26,1,34,M,II,-9,-9,1,350,,,,,,,,,,,,,,,,,,,,,,,,,,,,,,,,,,,,
CA,1,LAT,ZBA,LPT,-9,-9,-9,3,7,1987,W,126436,4,26,1,30,F,II,-9,-9,1,260,,,,,,,,,,,,,,,,,,,,,,,,,,,,,,,,,,,,
CA,1,LAT,ZBA,LPT,-9,-9,-9,3,7,1987,W,126436,4,26,1,32,F,II,-9,-9,1,300,,,,,,,,,,,,,,,,,,,,,,,,,,,,,,,,,,,,
CA,1,LAT,ZBA,LPT,-9,-9,-9,3,7,1987,W,126436,4,26,1,33,F,II,-9,-9,1,370,,,,,,,,,,,,,,,,,,,,,,,,,,,,,,,,,,,,
CA,1,LAT,ZBA,LPT,-9,-9,-9,3,7,1987,W,126436,4,26,1,30,F,II,-9,-9,1,250,,,,,,,,,,,,,,,,,,,,,,,,,,,,,,,,,,,,
CA,1,LAT,ZBA,LPT,-9,-9,-9,3,7,1987,W,126436,4,26,1,61,F,III,-9,-9,1,2640,,,,,,,,,,,,,,,,,,,,,,,,,,,,,,,,,,,,
CA,1,LAT,ZBA,LPT,-9,-9,-9,3,7,1987,W,126436,4,26,1,29,M,II,-9,-9,1,200,,,,,,,,,,,,,,,,,,,,,,,,,,,,,,,,,,,,
CA,1,LAT,ZBA,LPT,-9,-9,-9,3,7,1987,W,126436,4,26,1,59,M,IV,-9,-9,1,2000,,,,,,,,,,,,,,,,,,,,,,,,,,,,,,,,,,,,
CA,1,LAT,ZBA,LPT,-9,-9,-9,3,7,1987,W,126436,4,26,1,50,F,III,-9,-9,1,1320,,,,,,,,,,,,,,,,,,,,,,,,,,,,,,,,,,,,
CA,1,LAT,ZBA,LPT,-9,-9,-9,3,7,1987,W,126436,4,26,1,55,F,III,-9,-9,1,1670,,,,,,,,,,,,,,,,,,,,,,,,,,,,,,,,,,,,
CA,1,LAT,ZBA,LPT,-9,-9,-9,3,7,1987,W,126436,4,26,1,68,F,IV,-9,-9,1,3270,,,,,,,,,,,,,,,,,,,,,,,,,,,,,,,,,,,,
CA,1,LAT,ZBA,LPT,-9,-9,-9,3,7,1987,W,126436,4,26,1,52,F,III,-9,-9,1,1430,,,,,,,,,,,,,,,,,,,,,,,,,,,,,,,,,,,,
CA,1,LAT,ZBA,LPT,-9,-9,-9,3,7,1987,W,126436,4,26,1,50,M,IV,-9,-9,1,1350,,,,,,,,,,,,,,,,,,,,,,,,,,,,,,,,,,,,
CA,1,LAT,ZBA,LPT,-9,-9,-9,3,7,1987,W,126436,4,26,1,54,F,III,-9,-9,1,1670,,,,,,,,,,,,,,,,,,,,,,,,,,,,,,,,,,,,
CA,1,LAT,ZBA,LPT,-9,-9,-9,3,7,1987,W,126436,4,26,1,37,M,III,-9,-9,1,450,,,,,,,,,,,,,,,,,,,,,,,,,,,,,,,,,,,,
CA,1,LAT,ZBA,LPT,-9,-9,-9,3,7,1987,W,126436,4,26,1,60,F,III,-9,-9,1,1900,,,,,,,,,,,,,,,,,,,,,,,,,,,,,,,,,,,,
CA,1,LAT,ZBA,LPT,-9,-9,-9,3,7,1987,W,126436,4,26,1,58,F,V,-9,-9,1,1950,,,,,,,,,,,,,,,,,,,,,,,,,,,,,,,,,,,,
CA,1,LAT,ZBA,LPT,-9,-9,-9,3,7,1987,W,126436,4,26,1,43,F,III,-9,-9,1,950,,,,,,,,,,,,,,,,,,,,,,,,,,,,,,,,,,,,
CA,1,LAT,ZBA,LPT,-9,-9,-9,3,7,1987,W,126436,4,26,1,32,M,II,-9,-9,1,260,,,,,,,,,,,,,,,,,,,,,,,,,,,,,,,,,,,,
CA,1,LAT,ZBA,LPT,-9,-9,-9,3,7,1987,W,126436,4,26,1,41,M,IV,-9,-9,1,550,,,,,,,,,,,,,,,,,,,,,,,,,,,,,,,,,,,,
CA,1,LAT,ZBA,LPT,-9,-9,-9,3,7,1987,W,126436,4,26,1,32,F,II,-9,-9,1,300,,,,,,,,,,,,,,,,,,,,,,,,,,,,,,,,,,,,
CA,1,LAT,ZBA,LPT,-9,-9,-9,3,7,1987,W,126436,4,26,1,40,F,II,-9,-9,1,600,,,,,,,,,,,,,,,,,,,,,,,,,,,,,,,,,,,,
CA,1,LAT,ZBA,LPT,-9,-9,-9,3,7,1987,W,126436,4,26,1,43,M,III,-9,-9,1,800,,,,,,,,,,,,,,,,,,,,,,,,,,,,,,,,,,,,
CA,1,LAT,ZBA,LPT,-9,-9,-9,3,7,1987,W,126436,4,26,1,43,F,III,-9,-9,1,820,,,,,,,,,,,,,,,,,,,,,,,,,,,,,,,,,,,,
CA,1,LAT,ZBA,LPT,-9,-9,-9,3,7,1987,W,126436,4,26,1,42,M,IV,-9,-9,1,650,,,,,,,,,,,,,,,,,,,,,,,,,,,,,,,,,,,,
CA,1,LAT,ZBA,LPT,-9,-9,-9,3,7,1987,W,126436,4,26,1,39,M,II,-9,-9,1,550,,,,,,,,,,,,,,,,,,,,,,,,,,,,,,,,,,,,
CA,1,LAT,ZBA,LPT,-9,-9,-9,3,7,1987,W,126436,4,26,1,39,M,II,-9,-9,1,620,,,,,,,,,,,,,,,,,,,,,,,,,,,,,,,,,,,,
CA,1,LAT,ZBA,LPT,-9,-9,-9,3,7,1987,W,126436,4,26,1,44,M,III,-9,-9,1,900,,,,,,,,,,,,,,,,,,,,,,,,,,,,,,,,,,,,
CA,1,LAT,ZBA,LPT,-9,-9,-9,3,7,1987,W,126436,4,26,1,40,F,II,-9,-9,1,630,,,,,,,,,,,,,,,,,,,,,,,,,,,,,,,,,,,,
CA,1,LAT,ZBA,LPT,-9,-9,-9,3,7,1987,W,126436,4,26,1,44,M,II,-9,-9,1,800,,,,,,,,,,,,,,,,,,,,,,,,,,,,,,,,,,,,
CA,1,LAT,ZBA,LPT,-9,-9,-9,3,7,1987,W,126436,4,26,1,44,F,II,-9,-9,1,970,,,,,,,,,,,,,,,,,,,,,,,,,,,,,,,,,,,,
CA,1,LAT,ZBA,LPT,-9,-9,-9,3,7,1987,W,126436,4,26,1,50,F,V,-9,-9,1,1300,,,,,,,,,,,,,,,,,,,,,,,,,,,,,,,,,,,,
CA,1,LAT,ZBA,LPT,-9,-9,-9,3,7,1987,W,126436,4,26,1,40,F,III,-9,-9,1,700,,,,,,,,,,,,,,,,,,,,,,,,,,,,,,,,,,,,
CA,1,LAT,ZBA,LPT,-9,-9,-9,3,7,1987,W,126436,4,26,1,71,F,III,-9,-9,1,2850,,,,,,,,,,,,,,,,,,,,,,,,,,,,,,,,,,,,
CA,1,LAT,ZBA,LPT,-9,-9,-9,3,7,1987,W,126436,4,26,1,56,F,III,-9,-9,1,1750,,,,,,,,,,,,,,,,,,,,,,,,,,,,,,,,,,,,
CA,1,LAT,ZBA,LPT,-9,-9,-9,3,7,1987,W,126436,4,26,1,62,F,II,-9,-9,1,1950,,,,,,,,,,,,,,,,,,,,,,,,,,,,,,,,,,,,
CA,1,LAT,ZBA,LPT,-9,-9,-9,3,7,1987,W,126436,4,26,1,56,M,IV,-9,-9,1,1820,,,,,,,,,,,,,,,,,,,,,,,,,,,,,,,,,,,,
CA,1,LAT,ZBA,LPT,-9,-9,-9,3,7,1987,W,126436,4,26,1,47,F,III,-9,-9,1,1000,,,,,,,,,,,,,,,,,,,,,,,,,,,,,,,,,,,,
CA,1,LAT,ZBA,LPT,-9,-9,-9,3,7,1987,W,126436,4,26,1,42,M,IV,-9,-9,1,800,,,,,,,,,,,,,,,,,,,,,,,,,,,,,,,,,,,,
CA,1,LAT,ZBA,LPT,-9,-9,-9,3,7,1987,W,126436,4,26,1,50,M,IV,-9,-9,1,1150,,,,,,,,,,,,,,,,,,,,,,,,,,,,,,,,,,,,
CA,1,LAT,ZBA,LPT,-9,-9,-9,3,7,1987,W,126436,4,26,1,63,F,V,-9,-9,1,2820,,,,,,,,,,,,,,,,,,,,,,,,,,,,,,,,,,,,
CA,1,LAT,ZBA,LPT,-9,-9,-9,3,7,1987,W,126436,4,26,1,48,F,II,-9,-9,1,900,,,,,,,,,,,,,,,,,,,,,,,,,,,,,,,,,,,,
CA,1,LAT,ZBA,LPT,-9,-9,-9,3,7,1987,W,126436,4,26,1,61,F,III,-9,-9,1,2250,,,,,,,,,,,,,,,,,,,,,,,,,,,,,,,,,,,,
HH,1,LAT,ZBA,LPT,-9,-9,-9,3,8,1987,3,18,0845,-9,60,D,56.0500,18.9500,56.1333,18.9333,41G8,117,V,-9,1,1,C,-9,-9,-9,-9,250,22,-9,3,580,-9,-9,-9,-9,-9,350,-9,-9,-9,-9,-9,-9,135,12,-9,1,0.1,4.4,-9,-9,-9,-9
HL,1,LAT,ZBA,LPT,-9,-9,-9,3,8,1987,W,126436,1,-9,57,1,57,1,-9,40000,1,32,4,,,,,,,,,,,,,,,,,,,,,,,,,,,,,,,,,,,
HL,1,LAT,ZBA,LPT,-9,-9,-9,3,8,1987,W,126436,1,-9,57,1,57,1,-9,40000,1,44,1,,,,,,,,,,,,,,,,,,,,,,,,,,,,,,,,,,,
HL,1,LAT,ZBA,LPT,-9,-9,-9,3,8,1987,W,126436,1,-9,57,1,57,1,-9,40000,1,43,5,,,,,,,,,,,,,,,,,,,,,,,,,,,,,,,,,,,
HL,1,LAT,ZBA,LPT,-9,-9,-9,3,8,1987,W,126436,1,-9,57,1,57,1,-9,40000,1,42,6,,,,,,,,,,,,,,,,,,,,,,,,,,,,,,,,,,,
HL,1,LAT,ZBA,LPT,-9,-9,-9,3,8,1987,W,126436,1,-9,57,1,57,1,-9,40000,1,41,1,,,,,,,,,,,,,,,,,,,,,,,,,,,,,,,,,,,
HL,1,LAT,ZBA,LPT,-9,-9,-9,3,8,1987,W,126436,1,-9,57,1,57,1,-9,40000,1,38,3,,,,,,,,,,,,,,,,,,,,,,,,,,,,,,,,,,,
HL,1,LAT,ZBA,LPT,-9,-9,-9,3,8,1987,W,126436,1,-9,57,1,57,1,-9,40000,1,34,1,,,,,,,,,,,,,,,,,,,,,,,,,,,,,,,,,,,
HL,1,LAT,ZBA,LPT,-9,-9,-9,3,8,1987,W,126436,1,-9,57,1,57,1,-9,40000,1,47,3,,,,,,,,,,,,,,,,,,,,,,,,,,,,,,,,,,,
HL,1,LAT,ZBA,LPT,-9,-9,-9,3,8,1987,W,126436,1,-9,57,1,57,1,-9,40000,1,37,1,,,,,,,,,,,,,,,,,,,,,,,,,,,,,,,,,,,
HL,1,LAT,ZBA,LPT,-9,-9,-9,3,8,1987,W,126436,1,-9,57,1,57,1,-9,40000,1,68,1,,,,,,,,,,,,,,,,,,,,,,,,,,,,,,,,,,,
HL,1,LAT,ZBA,LPT,-9,-9,-9,3,8,1987,W,126436,1,-9,57,1,57,1,-9,40000,1,46,2,,,,,,,,,,,,,,,,,,,,,,,,,,,,,,,,,,,
HL,1,LAT,ZBA,LPT,-9,-9,-9,3,8,1987,W,126436,1,-9,57,1,57,1,-9,40000,1,72,1,,,,,,,,,,,,,,,,,,,,,,,,,,,,,,,,,,,
HL,1,LAT,ZBA,LPT,-9,-9,-9,3,8,1987,W,126436,1,-9,57,1,57,1,-9,40000,1,66,1,,,,,,,,,,,,,,,,,,,,,,,,,,,,,,,,,,,
HL,1,LAT,ZBA,LPT,-9,-9,-9,3,8,1987,W,126436,1,-9,57,1,57,1,-9,40000,1,62,2,,,,,,,,,,,,,,,,,,,,,,,,,,,,,,,,,,,
HL,1,LAT,ZBA,LPT,-9,-9,-9,3,8,1987,W,126436,1,-9,57,1,57,1,-9,40000,1,61,2,,,,,,,,,,,,,,,,,,,,,,,,,,,,,,,,,,,
HL,1,LAT,ZBA,LPT,-9,-9,-9,3,8,1987,W,126436,1,-9,57,1,57,1,-9,40000,1,60,1,,,,,,,,,,,,,,,,,,,,,,,,,,,,,,,,,,,
HL,1,LAT,ZBA,LPT,-9,-9,-9,3,8,1987,W,126436,1,-9,57,1,57,1,-9,40000,1,59,1,,,,,,,,,,,,,,,,,,,,,,,,,,,,,,,,,,,
HL,1,LAT,ZBA,LPT,-9,-9,-9,3,8,1987,W,126436,1,-9,57,1,57,1,-9,40000,1,58,1,,,,,,,,,,,,,,,,,,,,,,,,,,,,,,,,,,,
HL,1,LAT,ZBA,LPT,-9,-9,-9,3,8,1987,W,126436,1,-9,57,1,57,1,-9,40000,1,54,5,,,,,,,,,,,,,,,,,,,,,,,,,,,,,,,,,,,
HL,1,LAT,ZBA,LPT,-9,-9,-9,3,8,1987,W,126436,1,-9,57,1,57,1,-9,40000,1,53,1,,,,,,,,,,,,,,,,,,,,,,,,,,,,,,,,,,,
HL,1,LAT,ZBA,LPT,-9,-9,-9,3,8,1987,W,126436,1,-9,57,1,57,1,-9,40000,1,52,1,,,,,,,,,,,,,,,,,,,,,,,,,,,,,,,,,,,
HL,1,LAT,ZBA,LPT,-9,-9,-9,3,8,1987,W,126436,1,-9,57,1,57,1,-9,40000,1,51,2,,,,,,,,,,,,,,,,,,,,,,,,,,,,,,,,,,,
HL,1,LAT,ZBA,LPT,-9,-9,-9,3,8,1987,W,126436,1,-9,57,1,57,1,-9,40000,1,50,1,,,,,,,,,,,,,,,,,,,,,,,,,,,,,,,,,,,
HL,1,LAT,ZBA,LPT,-9,-9,-9,3,8,1987,W,126436,1,-9,57,1,57,1,-9,40000,1,49,2,,,,,,,,,,,,,,,,,,,,,,,,,,,,,,,,,,,
HL,1,LAT,ZBA,LPT,-9,-9,-9,3,8,1987,W,126436,1,-9,57,1,57,1,-9,40000,1,48,1,,,,,,,,,,,,,,,,,,,,,,,,,,,,,,,,,,,
HL,1,LAT,ZBA,LPT,-9,-9,-9,3,8,1987,W,126436,1,-9,57,1,57,1,-9,40000,1,57,2,,,,,,,,,,,,,,,,,,,,,,,,,,,,,,,,,,,
HL,1,LAT,ZBA,LPT,-9,-9,-9,3,8,1987,W,126436,1,-9,57,1,57,1,-9,40000,1,45,5,,,,,,,,,,,,,,,,,,,,,,,,,,,,,,,,,,,
HH,1,LAT,ZBA,LPT,-9,-9,-9,3,9,1987,3,19,0640,-9,60,D,56.0167,19.0833,56.0833,19.1000,41G9,97,V,-9,1,1,C,-9,-9,-9,-9,250,22,-9,3,580,-9,-9,-9,-9,-9,0,-9,-9,-9,-9,-9,-9,135,4,-9,0.5,0,3.9,-9,-9,-9,-9
HL,1,LAT,ZBA,LPT,-9,-9,-9,3,9,1987,W,126436,1,-9,13,1,13,1,-9,13000,1,46,3,,,,,,,,,,,,,,,,,,,,,,,,,,,,,,,,,,,
HL,1,LAT,ZBA,LPT,-9,-9,-9,3,9,1987,W,126436,1,-9,13,1,13,1,-9,13000,1,61,1,,,,,,,,,,,,,,,,,,,,,,,,,,,,,,,,,,,
HL,1,LAT,ZBA,LPT,-9,-9,-9,3,9,1987,W,126436,1,-9,13,1,13,1,-9,13000,1,59,2,,,,,,,,,,,,,,,,,,,,,,,,,,,,,,,,,,,
HL,1,LAT,ZBA,LPT,-9,-9,-9,3,9,1987,W,126436,1,-9,13,1,13,1,-9,13000,1,53,1,,,,,,,,,,,,,,,,,,,,,,,,,,,,,,,,,,,
HL,1,LAT,ZBA,LPT,-9,-9,-9,3,9,1987,W,126436,1,-9,13,1,13,1,-9,13000,1,35,1,,,,,,,,,,,,,,,,,,,,,,,,,,,,,,,,,,,
HL,1,LAT,ZBA,LPT,-9,-9,-9,3,9,1987,W,126436,1,-9,13,1,13,1,-9,13000,1,50,1,,,,,,,,,,,,,,,,,,,,,,,,,,,,,,,,,,,
HL,1,LAT,ZBA,LPT,-9,-9,-9,3,9,1987,W,126436,1,-9,13,1,13,1,-9,13000,1,45,1,,,,,,,,,,,,,,,,,,,,,,,,,,,,,,,,,,,
HL,1,LAT,ZBA,LPT,-9,-9,-9,3,9,1987,W,126436,1,-9,13,1,13,1,-9,13000,1,42,1,,,,,,,,,,,,,,,,,,,,,,,,,,,,,,,,,,,
HL,1,LAT,ZBA,LPT,-9,-9,-9,3,9,1987,W,126436,1,-9,13,1,13,1,-9,13000,1,63,1,,,,,,,,,,,,,,,,,,,,,,,,,,,,,,,,,,,
HL,1,LAT,ZBA,LPT,-9,-9,-9,3,9,1987,W,126436,1,-9,13,1,13,1,-9,13000,1,51,1,,,,,,,,,,,,,,,,,,,,,,,,,,,,,,,,,,,
HH,1,LAT,ZBA,LPT,-9,-9,-9,3,10,1987,3,19,0900,-9,60,D,56.1833,19.0167,56.2667,19.0833,41G9,124,V,-9,1,1,C,-9,-9,-9,-9,250,22,-9,3,580,-9,-9,-9,-9,-9,30,-9,-9,-9,-9,-9,-9,135,4,-9,0.5,-9,-9,-9,-9,-9,-9
HL,1,LAT,ZBA,LPT,-9,-9,-9,3,10,1987,W,126436,1,-9,12,1,12,1,-9,12000,1,55,1,,,,,,,,,,,,,,,,,,,,,,,,,,,,,,,,,,,
HL,1,LAT,ZBA,LPT,-9,-9,-9,3,10,1987,W,126436,1,-9,12,1,12,1,-9,12000,1,72,1,,,,,,,,,,,,,,,,,,,,,,,,,,,,,,,,,,,
HL,1,LAT,ZBA,LPT,-9,-9,-9,3,10,1987,W,126436,1,-9,12,1,12,1,-9,12000,1,62,1,,,,,,,,,,,,,,,,,,,,,,,,,,,,,,,,,,,
HL,1,LAT,ZBA,LPT,-9,-9,-9,3,10,1987,W,126436,1,-9,12,1,12,1,-9,12000,1,61,1,,,,,,,,,,,,,,,,,,,,,,,,,,,,,,,,,,,
HL,1,LAT,ZBA,LPT,-9,-9,-9,3,10,1987,W,126436,1,-9,12,1,12,1,-9,12000,1,60,1,,,,,,,,,,,,,,,,,,,,,,,,,,,,,,,,,,,
HL,1,LAT,ZBA,LPT,-9,-9,-9,3,10,1987,W,126436,1,-9,12,1,12,1,-9,12000,1,51,1,,,,,,,,,,,,,,,,,,,,,,,,,,,,,,,,,,,
HL,1,LAT,ZBA,LPT,-9,-9,-9,3,10,1987,W,126436,1,-9,12,1,12,1,-9,12000,1,49,1,,,,,,,,,,,,,,,,,,,,,,,,,,,,,,,,,,,
HL,1,LAT,ZBA,LPT,-9,-9,-9,3,10,1987,W,126436,1,-9,12,1,12,1,-9,12000,1,45,1,,,,,,,,,,,,,,,,,,,,,,,,,,,,,,,,,,,
HL,1,LAT,ZBA,LPT,-9,-9,-9,3,10,1987,W,126436,1,-9,12,1,12,1,-9,12000,1,43,1,,,,,,,,,,,,,,,,,,,,,,,,,,,,,,,,,,,
HL,1,LAT,ZBA,LPT,-9,-9,-9,3,10,1987,W,126436,1,-9,12,1,12,1,-9,12000,1,40,1,,,,,,,,,,,,,,,,,,,,,,,,,,,,,,,,,,,
HL,1,LAT,ZBA,LPT,-9,-9,-9,3,10,1987,W,126436,1,-9,12,1,12,1,-9,12000,1,52,1,,,,,,,,,,,,,,,,,,,,,,,,,,,,,,,,,,,
HL,1,LAT,ZBA,LPT,-9,-9,-9,3,10,1987,W,126436,1,-9,12,1,12,1,-9,12000,1,41,1,,,,,,,,,,,,,,,,,,,,,,,,,,,,,,,,,,,
CA,1,LAT,ZBA,LPT,-9,-9,-9,3,10,1987,W,126436,4,26,1,61,M,V,-9,-9,1,2150,,,,,,,,,,,,,,,,,,,,,,,,,,,,,,,,,,,,
CA,1,LAT,ZBA,LPT,-9,-9,-9,3,10,1987,W,126436,4,26,1,52,F,III,-9,-9,1,1360,,,,,,,,,,,,,,,,,,,,,,,,,,,,,,,,,,,,
CA,1,LAT,ZBA,LPT,-9,-9,-9,3,10,1987,W,126436,4,26,1,72,F,V,-9,-9,1,3620,,,,,,,,,,,,,,,,,,,,,,,,,,,,,,,,,,,,
CA,1,LAT,ZBA,LPT,-9,-9,-9,3,10,1987,W,126436,4,26,1,41,M,IV,-9,-9,1,950,,,,,,,,,,,,,,,,,,,,,,,,,,,,,,,,,,,,
CA,1,LAT,ZBA,LPT,-9,-9,-9,3,10,1987,W,126436,4,26,1,51,F,IV,-9,-9,1,1600,,,,,,,,,,,,,,,,,,,,,,,,,,,,,,,,,,,,
CA,1,LAT,ZBA,LPT,-9,-9,-9,3,10,1987,W,126436,4,26,1,40,M,III,-9,-9,1,750,,,,,,,,,,,,,,,,,,,,,,,,,,,,,,,,,,,,
CA,1,LAT,ZBA,LPT,-9,-9,-9,3,10,1987,W,126436,4,26,1,43,M,IV,-9,-9,1,900,,,,,,,,,,,,,,,,,,,,,,,,,,,,,,,,,,,,
CA,1,LAT,ZBA,LPT,-9,-9,-9,3,10,1987,W,126436,4,26,1,60,M,V,-9,-9,1,2400,,,,,,,,,,,,,,,,,,,,,,,,,,,,,,,,,,,,
CA,1,LAT,ZBA,LPT,-9,-9,-9,3,10,1987,W,126436,4,26,1,55,F,III,-9,-9,1,1800,,,,,,,,,,,,,,,,,,,,,,,,,,,,,,,,,,,,
CA,1,LAT,ZBA,LPT,-9,-9,-9,3,10,1987,W,126436,4,26,1,49,F,III,-9,-9,1,1750,,,,,,,,,,,,,,,,,,,,,,,,,,,,,,,,,,,,
CA,1,LAT,ZBA,LPT,-9,-9,-9,3,10,1987,W,126436,4,26,1,62,M,IV,-9,-9,1,1560,,,,,,,,,,,,,,,,,,,,,,,,,,,,,,,,,,,,
CA,1,LAT,ZBA,LPT,-9,-9,-9,3,10,1987,W,126436,4,26,1,45,F,III,-9,-9,1,850,,,,,,,,,,,,,,,,,,,,,,,,,,,,,,,,,,,,
HH,1,LAT,ZBA,LPT,-9,-9,-9,3,11,1987,3,20,0910,-9,30,D,57.2833,20.7000,57.2500,20.7167,43H0,75,V,-9,1,1,C,-9,-9,-9,-9,250,22,-9,3,580,-9,-9,-9,-9,-9,163,-9,-9,-9,-9,-9,-9,135,8,-9,0.5,0.2,1.1,-9,-9,-9,-9
HH,1,LAT,ZBA,LPT,-9,-9,-9,3,12,1987,3,21,0855,-9,30,D,55.6333,20.3333,55.6500,20.2833,40H0,71,V,-9,1,1,C,-9,-9,-9,-9,250,22,-9,3,580,-9,-9,-9,-9,-9,280,-9,-9,-9,-9,-9,-9,180,2,-9,0,0.1,1.4,-9,-9,-9,-9
HL,1,LAT,ZBA,LPT,-9,-9,-9,3,12,1987,W,126436,4,-9,4,1,-9,1,-9,1000,-9,-9,-9,,,,,,,,,,,,,,,,,,,,,,,,,,,,,,,,,,,
HH,1,LAT,ZBA,LPT,-9,-9,-9,3,13,1987,3,21,1130,-9,30,D,55.5500,19.7167,55.5500,19.6500,40G9,87,V,-9,1,1,C,-9,-9,-9,-9,250,22,-9,3,580,-9,-9,-9,-9,-9,270,-9,-9,-9,-9,-9,-9,180,2,-9,0,0,4.6,-9,-9,-9,-9
HL,1,LAT,ZBA,LPT,-9,-9,-9,3,13,1987,W,126436,1,-9,22,1,11,1,-9,20000,1,59,2,,,,,,,,,,,,,,,,,,,,,,,,,,,,,,,,,,,
HL,1,LAT,ZBA,LPT,-9,-9,-9,3,13,1987,W,126436,1,-9,22,1,11,1,-9,20000,1,60,4,,,,,,,,,,,,,,,,,,,,,,,,,,,,,,,,,,,
HL,1,LAT,ZBA,LPT,-9,-9,-9,3,13,1987,W,126436,1,-9,22,1,11,1,-9,20000,1,66,2,,,,,,,,,,,,,,,,,,,,,,,,,,,,,,,,,,,
HL,1,LAT,ZBA,LPT,-9,-9,-9,3,13,1987,W,126436,1,-9,22,1,11,1,-9,20000,1,56,2,,,,,,,,,,,,,,,,,,,,,,,,,,,,,,,,,,,
HL,1,LAT,ZBA,LPT,-9,-9,-9,3,13,1987,W,126436,1,-9,22,1,11,1,-9,20000,1,55,4,,,,,,,,,,,,,,,,,,,,,,,,,,,,,,,,,,,
HL,1,LAT,ZBA,LPT,-9,-9,-9,3,13,1987,W,126436,1,-9,22,1,11,1,-9,20000,1,52,2,,,,,,,,,,,,,,,,,,,,,,,,,,,,,,,,,,,
HL,1,LAT,ZBA,LPT,-9,-9,-9,3,13,1987,W,126436,1,-9,22,1,11,1,-9,20000,1,51,2,,,,,,,,,,,,,,,,,,,,,,,,,,,,,,,,,,,
HL,1,LAT,ZBA,LPT,-9,-9,-9,3,13,1987,W,126436,1,-9,22,1,11,1,-9,20000,1,49,2,,,,,,,,,,,,,,,,,,,,,,,,,,,,,,,,,,,
HL,1,LAT,ZBA,LPT,-9,-9,-9,3,13,1987,W,126436,1,-9,22,1,11,1,-9,20000,1,47,2,,,,,,,,,,,,,,,,,,,,,,,,,,,,,,,,,,,
HH,1,LAT,ZBA,LPT,-9,-9,-9,3,14,1987,3,22,0840,-9,60,D,55.0167,19.4167,55.0667,19.5333,39G9,102,V,-9,1,1,C,-9,-9,-9,-9,250,22,-9,3,580,-9,-9,-9,-9,-9,58,-9,-9,-9,-9,-9,-9,135,3,-9,0.5,0.3,5.7,-9,-9,-9,-9
HL,1,LAT,ZBA,LPT,-9,-9,-9,3,14,1987,W,126436,1,-9,148,1,147,1,-9,140000,1,29,1,,,,,,,,,,,,,,,,,,,,,,,,,,,,,,,,,,,
HL,1,LAT,ZBA,LPT,-9,-9,-9,3,14,1987,W,126436,1,-9,148,1,147,1,-9,140000,1,62,3,,,,,,,,,,,,,,,,,,,,,,,,,,,,,,,,,,,
HL,1,LAT,ZBA,LPT,-9,-9,-9,3,14,1987,W,126436,1,-9,148,1,147,1,-9,140000,1,56,2,,,,,,,,,,,,,,,,,,,,,,,,,,,,,,,,,,,
HL,1,LAT,ZBA,LPT,-9,-9,-9,3,14,1987,W,126436,1,-9,148,1,147,1,-9,140000,1,57,1,,,,,,,,,,,,,,,,,,,,,,,,,,,,,,,,,,,
HL,1,LAT,ZBA,LPT,-9,-9,-9,3,14,1987,W,126436,1,-9,148,1,147,1,-9,140000,1,58,2,,,,,,,,,,,,,,,,,,,,,,,,,,,,,,,,,,,
HL,1,LAT,ZBA,LPT,-9,-9,-9,3,14,1987,W,126436,1,-9,148,1,147,1,-9,140000,1,59,1,,,,,,,,,,,,,,,,,,,,,,,,,,,,,,,,,,,
HL,1,LAT,ZBA,LPT,-9,-9,-9,3,14,1987,W,126436,1,-9,148,1,147,1,-9,140000,1,61,1,,,,,,,,,,,,,,,,,,,,,,,,,,,,,,,,,,,
HL,1,LAT,ZBA,LPT,-9,-9,-9,3,14,1987,W,126436,1,-9,148,1,147,1,-9,140000,1,63,2,,,,,,,,,,,,,,,,,,,,,,,,,,,,,,,,,,,
HL,1,LAT,ZBA,LPT,-9,-9,-9,3,14,1987,W,126436,1,-9,148,1,147,1,-9,140000,1,64,2,,,,,,,,,,,,,,,,,,,,,,,,,,,,,,,,,,,
HL,1,LAT,ZBA,LPT,-9,-9,-9,3,14,1987,W,126436,1,-9,148,1,147,1,-9,140000,1,68,3,,,,,,,,,,,,,,,,,,,,,,,,,,,,,,,,,,,
HL,1,LAT,ZBA,LPT,-9,-9,-9,3,14,1987,W,126436,1,-9,148,1,147,1,-9,140000,1,54,2,,,,,,,,,,,,,,,,,,,,,,,,,,,,,,,,,,,
HL,1,LAT,ZBA,LPT,-9,-9,-9,3,14,1987,W,126436,1,-9,148,1,147,1,-9,140000,1,112,1,,,,,,,,,,,,,,,,,,,,,,,,,,,,,,,,,,,
HL,1,LAT,ZBA,LPT,-9,-9,-9,3,14,1987,W,126436,1,-9,148,1,147,1,-9,140000,1,53,4,,,,,,,,,,,,,,,,,,,,,,,,,,,,,,,,,,,
HL,1,LAT,ZBA,LPT,-9,-9,-9,3,14,1987,W,126436,1,-9,148,1,147,1,-9,140000,1,28,1,,,,,,,,,,,,,,,,,,,,,,,,,,,,,,,,,,,
HL,1,LAT,ZBA,LPT,-9,-9,-9,3,14,1987,W,126436,1,-9,148,1,147,1,-9,140000,1,21,1,,,,,,,,,,,,,,,,,,,,,,,,,,,,,,,,,,,
HL,1,LAT,ZBA,LPT,-9,-9,-9,3,14,1987,W,126436,1,-9,148,1,147,1,-9,140000,1,72,1,,,,,,,,,,,,,,,,,,,,,,,,,,,,,,,,,,,
HL,1,LAT,ZBA,LPT,-9,-9,-9,3,14,1987,W,126436,1,-9,148,1,147,1,-9,140000,1,42,7,,,,,,,,,,,,,,,,,,,,,,,,,,,,,,,,,,,
HL,1,LAT,ZBA,LPT,-9,-9,-9,3,14,1987,W,126436,1,-9,148,1,147,1,-9,140000,1,31,5,,,,,,,,,,,,,,,,,,,,,,,,,,,,,,,,,,,
HL,1,LAT,ZBA,LPT,-9,-9,-9,3,14,1987,W,126436,1,-9,148,1,147,1,-9,140000,1,32,4,,,,,,,,,,,,,,,,,,,,,,,,,,,,,,,,,,,
HL,1,LAT,ZBA,LPT,-9,-9,-9,3,14,1987,W,126436,1,-9,148,1,147,1,-9,140000,1,33,5,,,,,,,,,,,,,,,,,,,,,,,,,,,,,,,,,,,
HL,1,LAT,ZBA,LPT,-9,-9,-9,3,14,1987,W,126436,1,-9,148,1,147,1,-9,140000,1,34,1,,,,,,,,,,,,,,,,,,,,,,,,,,,,,,,,,,,
HL,1,LAT,ZBA,LPT,-9,-9,-9,3,14,1987,W,126436,1,-9,148,1,147,1,-9,140000,1,35,4,,,,,,,,,,,,,,,,,,,,,,,,,,,,,,,,,,,
HL,1,LAT,ZBA,LPT,-9,-9,-9,3,14,1987,W,126436,1,-9,148,1,147,1,-9,140000,1,36,5,,,,,,,,,,,,,,,,,,,,,,,,,,,,,,,,,,,
HL,1,LAT,ZBA,LPT,-9,-9,-9,3,14,1987,W,126436,1,-9,148,1,147,1,-9,140000,1,37,3,,,,,,,,,,,,,,,,,,,,,,,,,,,,,,,,,,,
HL,1,LAT,ZBA,LPT,-9,-9,-9,3,14,1987,W,126436,1,-9,148,1,147,1,-9,140000,1,38,4,,,,,,,,,,,,,,,,,,,,,,,,,,,,,,,,,,,
HL,1,LAT,ZBA,LPT,-9,-9,-9,3,14,1987,W,126436,1,-9,148,1,147,1,-9,140000,1,39,3,,,,,,,,,,,,,,,,,,,,,,,,,,,,,,,,,,,
HL,1,LAT,ZBA,LPT,-9,-9,-9,3,14,1987,W,126436,1,-9,148,1,147,1,-9,140000,1,55,2,,,,,,,,,,,,,,,,,,,,,,,,,,,,,,,,,,,
HL,1,LAT,ZBA,LPT,-9,-9,-9,3,14,1987,W,126436,1,-9,148,1,147,1,-9,140000,1,41,7,,,,,,,,,,,,,,,,,,,,,,,,,,,,,,,,,,,
HL,1,LAT,ZBA,LPT,-9,-9,-9,3,14,1987,W,126436,1,-9,148,1,147,1,-9,140000,1,30,2,,,,,,,,,,,,,,,,,,,,,,,,,,,,,,,,,,,
HL,1,LAT,ZBA,LPT,-9,-9,-9,3,14,1987,W,126436,1,-9,148,1,147,1,-9,140000,1,43,3,,,,,,,,,,,,,,,,,,,,,,,,,,,,,,,,,,,
HL,1,LAT,ZBA,LPT,-9,-9,-9,3,14,1987,W,126436,1,-9,148,1,147,1,-9,140000,1,44,6,,,,,,,,,,,,,,,,,,,,,,,,,,,,,,,,,,,
HL,1,LAT,ZBA,LPT,-9,-9,-9,3,14,1987,W,126436,1,-9,148,1,147,1,-9,140000,1,45,8.1,,,,,,,,,,,,,,,,,,,,,,,,,,,,,,,,,,,
HL,1,LAT,ZBA,LPT,-9,-9,-9,3,14,1987,W,126436,1,-9,148,1,147,1,-9,140000,1,46,11.1,,,,,,,,,,,,,,,,,,,,,,,,,,,,,,,,,,,
HL,1,LAT,ZBA,LPT,-9,-9,-9,3,14,1987,W,126436,1,-9,148,1,147,1,-9,140000,1,47,6,,,,,,,,,,,,,,,,,,,,,,,,,,,,,,,,,,,
HL,1,LAT,ZBA,LPT,-9,-9,-9,3,14,1987,W,126436,1,-9,148,1,147,1,-9,140000,1,48,8.1,,,,,,,,,,,,,,,,,,,,,,,,,,,,,,,,,,,
HL,1,LAT,ZBA,LPT,-9,-9,-9,3,14,1987,W,126436,1,-9,148,1,147,1,-9,140000,1,49,4,,,,,,,,,,,,,,,,,,,,,,,,,,,,,,,,,,,
HL,1,LAT,ZBA,LPT,-9,-9,-9,3,14,1987,W,126436,1,-9,148,1,147,1,-9,140000,1,50,4,,,,,,,,,,,,,,,,,,,,,,,,,,,,,,,,,,,
HL,1,LAT,ZBA,LPT,-9,-9,-9,3,14,1987,W,126436,1,-9,148,1,147,1,-9,140000,1,51,5,,,,,,,,,,,,,,,,,,,,,,,,,,,,,,,,,,,
HL,1,LAT,ZBA,LPT,-9,-9,-9,3,14,1987,W,126436,1,-9,148,1,147,1,-9,140000,1,52,9.1,,,,,,,,,,,,,,,,,,,,,,,,,,,,,,,,,,,
HL,1,LAT,ZBA,LPT,-9,-9,-9,3,14,1987,W,126436,1,-9,148,1,147,1,-9,140000,1,40,3,,,,,,,,,,,,,,,,,,,,,,,,,,,,,,,,,,,
CA,1,LAT,ZBA,LPT,-9,-9,-9,3,14,1987,W,126436,4,26,1,39,F,II,-9,-9,1,550,,,,,,,,,,,,,,,,,,,,,,,,,,,,,,,,,,,,
CA,1,LAT,ZBA,LPT,-9,-9,-9,3,14,1987,W,126436,4,26,1,39,F,II,-9,-9,1,800,,,,,,,,,,,,,,,,,,,,,,,,,,,,,,,,,,,,
CA,1,LAT,ZBA,LPT,-9,-9,-9,3,14,1987,W,126436,4,26,1,28,M,III,-9,-9,1,300,,,,,,,,,,,,,,,,,,,,,,,,,,,,,,,,,,,,
CA,1,LAT,ZBA,LPT,-9,-9,-9,3,14,1987,W,126436,4,26,1,29,F,II,-9,-9,1,220,,,,,,,,,,,,,,,,,,,,,,,,,,,,,,,,,,,,
CA,1,LAT,ZBA,LPT,-9,-9,-9,3,14,1987,W,126436,4,26,1,34,F,II,-9,-9,1,300,,,,,,,,,,,,,,,,,,,,,,,,,,,,,,,,,,,,
CA,1,LAT,ZBA,LPT,-9,-9,-9,3,14,1987,W,126436,4,26,1,36,M,III,-9,-9,1,470,,,,,,,,,,,,,,,,,,,,,,,,,,,,,,,,,,,,
CA,1,LAT,ZBA,LPT,-9,-9,-9,3,14,1987,W,126436,4,26,1,35,F,II,-9,-9,1,420,,,,,,,,,,,,,,,,,,,,,,,,,,,,,,,,,,,,
CA,1,LAT,ZBA,LPT,-9,-9,-9,3,14,1987,W,126436,4,26,1,37,M,II,-9,-9,1,460,,,,,,,,,,,,,,,,,,,,,,,,,,,,,,,,,,,,
CA,1,LAT,ZBA,LPT,-9,-9,-9,3,14,1987,W,126436,4,26,1,36,M,III,-9,-9,1,490,,,,,,,,,,,,,,,,,,,,,,,,,,,,,,,,,,,,
CA,1,LAT,ZBA,LPT,-9,-9,-9,3,14,1987,W,126436,4,26,1,36,F,II,-9,-9,1,500,,,,,,,,,,,,,,,,,,,,,,,,,,,,,,,,,,,,
CA,1,LAT,ZBA,LPT,-9,-9,-9,3,14,1987,W,126436,4,26,1,40,M,III,-9,-9,1,640,,,,,,,,,,,,,,,,,,,,,,,,,,,,,,,,,,,,
CA,1,LAT,ZBA,LPT,-9,-9,-9,3,14,1987,W,126436,4,26,1,46,F,II,-9,-9,1,980,,,,,,,,,,,,,,,,,,,,,,,,,,,,,,,,,,,,
CA,1,LAT,ZBA,LPT,-9,-9,-9,3,14,1987,W,126436,4,26,1,42,F,II,-9,-9,1,780,,,,,,,,,,,,,,,,,,,,,,,,,,,,,,,,,,,,
CA,1,LAT,ZBA,LPT,-9,-9,-9,3,14,1987,W,126436,4,26,1,47,M,III,-9,-9,1,1100,,,,,,,,,,,,,,,,,,,,,,,,,,,,,,,,,,,,
CA,1,LAT,ZBA,LPT,-9,-9,-9,3,14,1987,W,126436,4,26,1,45,M,IV,-9,-9,1,850,,,,,,,,,,,,,,,,,,,,,,,,,,,,,,,,,,,,
CA,1,LAT,ZBA,LPT,-9,-9,-9,3,14,1987,W,126436,4,26,1,47,M,IV,-9,-9,1,1250,,,,,,,,,,,,,,,,,,,,,,,,,,,,,,,,,,,,
CA,1,LAT,ZBA,LPT,-9,-9,-9,3,14,1987,W,126436,4,26,1,44,M,V,-9,-9,1,900,,,,,,,,,,,,,,,,,,,,,,,,,,,,,,,,,,,,
CA,1,LAT,ZBA,LPT,-9,-9,-9,3,14,1987,W,126436,4,26,1,39,F,II,-9,-9,1,730,,,,,,,,,,,,,,,,,,,,,,,,,,,,,,,,,,,,
CA,1,LAT,ZBA,LPT,-9,-9,-9,3,14,1987,W,126436,4,26,1,44,M,V,-9,-9,1,1000,,,,,,,,,,,,,,,,,,,,,,,,,,,,,,,,,,,,
CA,1,LAT,ZBA,LPT,-9,-9,-9,3,14,1987,W,126436,4,26,1,46,F,III,-9,-9,1,1200,,,,,,,,,,,,,,,,,,,,,,,,,,,,,,,,,,,,
CA,1,LAT,ZBA,LPT,-9,-9,-9,3,14,1987,W,126436,4,26,1,52,M,V,-9,-9,1,1750,,,,,,,,,,,,,,,,,,,,,,,,,,,,,,,,,,,,
CA,1,LAT,ZBA,LPT,-9,-9,-9,3,14,1987,W,126436,4,26,1,48,F,III,-9,-9,1,1350,,,,,,,,,,,,,,,,,,,,,,,,,,,,,,,,,,,,
CA,1,LAT,ZBA,LPT,-9,-9,-9,3,14,1987,W,126436,4,26,1,53,F,III,-9,-9,1,1650,,,,,,,,,,,,,,,,,,,,,,,,,,,,,,,,,,,,
CA,1,LAT,ZBA,LPT,-9,-9,-9,3,14,1987,W,126436,4,26,1,41,M,V,-9,-9,1,700,,,,,,,,,,,,,,,,,,,,,,,,,,,,,,,,,,,,
CA,1,LAT,ZBA,LPT,-9,-9,-9,3,14,1987,W,126436,4,26,1,41,M,III,-9,-9,1,620,,,,,,,,,,,,,,,,,,,,,,,,,,,,,,,,,,,,
CA,1,LAT,ZBA,LPT,-9,-9,-9,3,14,1987,W,126436,4,26,1,52,F,II,-9,-9,1,1400,,,,,,,,,,,,,,,,,,,,,,,,,,,,,,,,,,,,
CA,1,LAT,ZBA,LPT,-9,-9,-9,3,14,1987,W,126436,4,26,1,37,M,IV,-9,-9,1,500,,,,,,,,,,,,,,,,,,,,,,,,,,,,,,,,,,,,
CA,1,LAT,ZBA,LPT,-9,-9,-9,3,14,1987,W,126436,4,26,1,41,M,IV,-9,-9,1,660,,,,,,,,,,,,,,,,,,,,,,,,,,,,,,,,,,,,
CA,1,LAT,ZBA,LPT,-9,-9,-9,3,14,1987,W,126436,4,26,1,41,F,II,-9,-9,1,640,,,,,,,,,,,,,,,,,,,,,,,,,,,,,,,,,,,,
CA,1,LAT,ZBA,LPT,-9,-9,-9,3,14,1987,W,126436,4,26,1,42,M,IV,-9,-9,1,660,,,,,,,,,,,,,,,,,,,,,,,,,,,,,,,,,,,,
CA,1,LAT,ZBA,LPT,-9,-9,-9,3,14,1987,W,126436,4,26,1,44,F,II,-9,-9,1,760,,,,,,,,,,,,,,,,,,,,,,,,,,,,,,,,,,,,
CA,1,LAT,ZBA,LPT,-9,-9,-9,3,14,1987,W,126436,4,26,1,38,F,II,-9,-9,1,550,,,,,,,,,,,,,,,,,,,,,,,,,,,,,,,,,,,,
CA,1,LAT,ZBA,LPT,-9,-9,-9,3,14,1987,W,126436,4,26,1,45,M,IV,-9,-9,1,1850,,,,,,,,,,,,,,,,,,,,,,,,,,,,,,,,,,,,
CA,1,LAT,ZBA,LPT,-9,-9,-9,3,14,1987,W,126436,4,26,1,49,M,III,-9,-9,1,1340,,,,,,,,,,,,,,,,,,,,,,,,,,,,,,,,,,,,
CA,1,LAT,ZBA,LPT,-9,-9,-9,3,14,1987,W,126436,4,26,1,51,F,V,-9,-9,1,1600,,,,,,,,,,,,,,,,,,,,,,,,,,,,,,,,,,,,
CA,1,LAT,ZBA,LPT,-9,-9,-9,3,14,1987,W,126436,4,26,1,41,M,IV,-9,-9,1,820,,,,,,,,,,,,,,,,,,,,,,,,,,,,,,,,,,,,
CA,1,LAT,ZBA,LPT,-9,-9,-9,3,14,1987,W,126436,4,26,1,30,F,II,-9,-9,1,250,,,,,,,,,,,,,,,,,,,,,,,,,,,,,,,,,,,,
CA,1,LAT,ZBA,LPT,-9,-9,-9,3,14,1987,W,126436,4,26,1,48,M,IV,-9,-9,1,1180,,,,,,,,,,,,,,,,,,,,,,,,,,,,,,,,,,,,
CA,1,LAT,ZBA,LPT,-9,-9,-9,3,14,1987,W,126436,4,26,1,62,F,III,-9,-9,1,2350,,,,,,,,,,,,,,,,,,,,,,,,,,,,,,,,,,,,
CA,1,LAT,ZBA,LPT,-9,-9,-9,3,14,1987,W,126436,4,26,1,50,M,IV,-9,-9,1,1150,,,,,,,,,,,,,,,,,,,,,,,,,,,,,,,,,,,,
CA,1,LAT,ZBA,LPT,-9,-9,-9,3,14,1987,W,126436,4,26,1,46,M,III,-9,-9,1,1000,,,,,,,,,,,,,,,,,,,,,,,,,,,,,,,,,,,,
CA,1,LAT,ZBA,LPT,-9,-9,-9,3,14,1987,W,126436,4,26,1,43,F,III,-9,-9,1,900,,,,,,,,,,,,,,,,,,,,,,,,,,,,,,,,,,,,
CA,1,LAT,ZBA,LPT,-9,-9,-9,3,14,1987,W,126436,4,26,1,46,F,II,-9,-9,1,1050,,,,,,,,,,,,,,,,,,,,,,,,,,,,,,,,,,,,
CA,1,LAT,ZBA,LPT,-9,-9,-9,3,14,1987,W,126436,4,26,1,56,F,II,-9,-9,1,1660,,,,,,,,,,,,,,,,,,,,,,,,,,,,,,,,,,,,
CA,1,LAT,ZBA,LPT,-9,-9,-9,3,14,1987,W,126436,4,26,1,51,M,II,-9,-9,1,1450,,,,,,,,,,,,,,,,,,,,,,,,,,,,,,,,,,,,
CA,1,LAT,ZBA,LPT,-9,-9,-9,3,14,1987,W,126436,4,26,1,57,M,IV,-9,-9,1,1500,,,,,,,,,,,,,,,,,,,,,,,,,,,,,,,,,,,,
CA,1,LAT,ZBA,LPT,-9,-9,-9,3,14,1987,W,126436,4,26,1,45,F,III,-9,-9,1,1120,,,,,,,,,,,,,,,,,,,,,,,,,,,,,,,,,,,,
CA,1,LAT,ZBA,LPT,-9,-9,-9,3,14,1987,W,126436,4,26,1,62,M,IV,-9,-9,1,1260,,,,,,,,,,,,,,,,,,,,,,,,,,,,,,,,,,,,
CA,1,LAT,ZBA,LPT,-9,-9,-9,3,14,1987,W,126436,4,26,1,45,F,II,-9,-9,1,880,,,,,,,,,,,,,,,,,,,,,,,,,,,,,,,,,,,,
CA,1,LAT,ZBA,LPT,-9,-9,-9,3,14,1987,W,126436,4,26,1,44,M,IV,-9,-9,1,820,,,,,,,,,,,,,,,,,,,,,,,,,,,,,,,,,,,,
CA,1,LAT,ZBA,LPT,-9,-9,-9,3,14,1987,W,126436,4,26,1,54,F,III,-9,-9,1,1560,,,,,,,,,,,,,,,,,,,,,,,,,,,,,,,,,,,,
CA,1,LAT,ZBA,LPT,-9,-9,-9,3,14,1987,W,126436,4,26,1,44,F,II,-9,-9,1,840,,,,,,,,,,,,,,,,,,,,,,,,,,,,,,,,,,,,
CA,1,LAT,ZBA,LPT,-9,-9,-9,3,14,1987,W,126436,4,26,1,45,M,III,-9,-9,1,1050,,,,,,,,,,,,,,,,,,,,,,,,,,,,,,,,,,,,
CA,1,LAT,ZBA,LPT,-9,-9,-9,3,14,1987,W,126436,4,26,1,48,F,III,-9,-9,1,1600,,,,,,,,,,,,,,,,,,,,,,,,,,,,,,,,,,,,
CA,1,LAT,ZBA,LPT,-9,-9,-9,3,14,1987,W,126436,4,26,1,51,F,III,-9,-9,1,1280,,,,,,,,,,,,,,,,,,,,,,,,,,,,,,,,,,,,
CA,1,LAT,ZBA,LPT,-9,-9,-9,3,14,1987,W,126436,4,26,1,44,F,II,-9,-9,1,800,,,,,,,,,,,,,,,,,,,,,,,,,,,,,,,,,,,,
CA,1,LAT,ZBA,LPT,-9,-9,-9,3,14,1987,W,126436,4,26,1,40,M,III,-9,-9,1,620,,,,,,,,,,,,,,,,,,,,,,,,,,,,,,,,,,,,
CA,1,LAT,ZBA,LPT,-9,-9,-9,3,14,1987,W,126436,4,26,1,48,F,III,-9,-9,1,1230,,,,,,,,,,,,,,,,,,,,,,,,,,,,,,,,,,,,
CA,1,LAT,ZBA,LPT,-9,-9,-9,3,14,1987,W,126436,4,26,1,52,M,IV,-9,-9,1,1450,,,,,,,,,,,,,,,,,,,,,,,,,,,,,,,,,,,,
CA,1,LAT,ZBA,LPT,-9,-9,-9,3,14,1987,W,126436,4,26,1,51,M,IV,-9,-9,1,1340,,,,,,,,,,,,,,,,,,,,,,,,,,,,,,,,,,,,
CA,1,LAT,ZBA,LPT,-9,-9,-9,3,14,1987,W,126436,4,26,1,48,M,II,-9,-9,1,1070,,,,,,,,,,,,,,,,,,,,,,,,,,,,,,,,,,,,
CA,1,LAT,ZBA,LPT,-9,-9,-9,3,14,1987,W,126436,4,26,1,64,F,IV,-9,-9,1,2700,,,,,,,,,,,,,,,,,,,,,,,,,,,,,,,,,,,,
CA,1,LAT,ZBA,LPT,-9,-9,-9,3,14,1987,W,126436,4,26,1,50,F,III,-9,-9,1,1320,,,,,,,,,,,,,,,,,,,,,,,,,,,,,,,,,,,,
CA,1,LAT,ZBA,LPT,-9,-9,-9,3,14,1987,W,126436,4,26,1,30,M,II,-9,-9,1,230,,,,,,,,,,,,,,,,,,,,,,,,,,,,,,,,,,,,
CA,1,LAT,ZBA,LPT,-9,-9,-9,3,14,1987,W,126436,4,26,1,32,M,II,-9,-9,1,270,,,,,,,,,,,,,,,,,,,,,,,,,,,,,,,,,,,,
CA,1,LAT,ZBA,LPT,-9,-9,-9,3,14,1987,W,126436,4,26,1,35,F,II,-9,-9,1,400,,,,,,,,,,,,,,,,,,,,,,,,,,,,,,,,,,,,
CA,1,LAT,ZBA,LPT,-9,-9,-9,3,14,1987,W,126436,4,26,1,33,M,II,-9,-9,1,310,,,,,,,,,,,,,,,,,,,,,,,,,,,,,,,,,,,,
CA,1,LAT,ZBA,LPT,-9,-9,-9,3,14,1987,W,126436,4,26,1,36,F,II,-9,-9,1,490,,,,,,,,,,,,,,,,,,,,,,,,,,,,,,,,,,,,
CA,1,LAT,ZBA,LPT,-9,-9,-9,3,14,1987,W,126436,4,26,1,36,M,II,-9,-9,1,420,,,,,,,,,,,,,,,,,,,,,,,,,,,,,,,,,,,,
CA,1,LAT,ZBA,LPT,-9,-9,-9,3,14,1987,W,126436,4,26,1,42,M,IV,-9,-9,1,700,,,,,,,,,,,,,,,,,,,,,,,,,,,,,,,,,,,,
CA,1,LAT,ZBA,LPT,-9,-9,-9,3,14,1987,W,126436,4,26,1,52,M,III,-9,-9,1,1280,,,,,,,,,,,,,,,,,,,,,,,,,,,,,,,,,,,,
CA,1,LAT,ZBA,LPT,-9,-9,-9,3,14,1987,W,126436,4,26,1,45,M,IV,-9,-9,1,1150,,,,,,,,,,,,,,,,,,,,,,,,,,,,,,,,,,,,
CA,1,LAT,ZBA,LPT,-9,-9,-9,3,14,1987,W,126436,4,26,1,49,F,II,-9,-9,1,1100,,,,,,,,,,,,,,,,,,,,,,,,,,,,,,,,,,,,
CA,1,LAT,ZBA,LPT,-9,-9,-9,3,14,1987,W,126436,4,26,1,49,F,III,-9,-9,1,1120,,,,,,,,,,,,,,,,,,,,,,,,,,,,,,,,,,,,
CA,1,LAT,ZBA,LPT,-9,-9,-9,3,14,1987,W,126436,4,26,1,41,M,III,-9,-9,1,600,,,,,,,,,,,,,,,,,,,,,,,,,,,,,,,,,,,,
CA,1,LAT,ZBA,LPT,-9,-9,-9,3,14,1987,W,126436,4,26,1,50,F,IV,-9,-9,1,1700,,,,,,,,,,,,,,,,,,,,,,,,,,,,,,,,,,,,
CA,1,LAT,ZBA,LPT,-9,-9,-9,3,14,1987,W,126436,4,26,1,55,F,III,-9,-9,1,1660,,,,,,,,,,,,,,,,,,,,,,,,,,,,,,,,,,,,
CA,1,LAT,ZBA,LPT,-9,-9,-9,3,14,1987,W,126436,4,26,1,48,M,V,-9,-9,1,1150,,,,,,,,,,,,,,,,,,,,,,,,,,,,,,,,,,,,
CA,1,LAT,ZBA,LPT,-9,-9,-9,3,14,1987,W,126436,4,26,1,68,M,V,-9,-9,1,2800,,,,,,,,,,,,,,,,,,,,,,,,,,,,,,,,,,,,
CA,1,LAT,ZBA,LPT,-9,-9,-9,3,14,1987,W,126436,4,26,1,52,M,IV,-9,-9,1,1100,,,,,,,,,,,,,,,,,,,,,,,,,,,,,,,,,,,,
CA,1,LAT,ZBA,LPT,-9,-9,-9,3,14,1987,W,126436,4,26,1,52,M,IV,-9,-9,1,1040,,,,,,,,,,,,,,,,,,,,,,,,,,,,,,,,,,,,
CA,1,LAT,ZBA,LPT,-9,-9,-9,3,14,1987,W,126436,4,26,1,58,F,II,-9,-9,1,2050,,,,,,,,,,,,,,,,,,,,,,,,,,,,,,,,,,,,
CA,1,LAT,ZBA,LPT,-9,-9,-9,3,14,1987,W,126436,4,26,1,32,M,II,-9,-9,1,320,,,,,,,,,,,,,,,,,,,,,,,,,,,,,,,,,,,,
CA,1,LAT,ZBA,LPT,-9,-9,-9,3,14,1987,W,126436,4,26,1,31,M,II,-9,-9,1,290,,,,,,,,,,,,,,,,,,,,,,,,,,,,,,,,,,,,
CA,1,LAT,ZBA,LPT,-9,-9,-9,3,14,1987,W,126436,4,26,1,31,M,III,-9,-9,1,350,,,,,,,,,,,,,,,,,,,,,,,,,,,,,,,,,,,,
CA,1,LAT,ZBA,LPT,-9,-9,-9,3,14,1987,W,126436,4,26,1,46,M,IV,-9,-9,1,930,,,,,,,,,,,,,,,,,,,,,,,,,,,,,,,,,,,,
CA,1,LAT,ZBA,LPT,-9,-9,-9,3,14,1987,W,126436,4,26,1,33,M,II,-9,-9,1,280,,,,,,,,,,,,,,,,,,,,,,,,,,,,,,,,,,,,
CA,1,LAT,ZBA,LPT,-9,-9,-9,3,14,1987,W,126436,4,26,1,50,F,III,-9,-9,1,1320,,,,,,,,,,,,,,,,,,,,,,,,,,,,,,,,,,,,
CA,1,LAT,ZBA,LPT,-9,-9,-9,3,14,1987,W,126436,4,26,1,46,F,II,-9,-9,1,990,,,,,,,,,,,,,,,,,,,,,,,,,,,,,,,,,,,,
CA,1,LAT,ZBA,LPT,-9,-9,-9,3,14,1987,W,126436,4,26,1,46,M,III,-9,-9,1,950,,,,,,,,,,,,,,,,,,,,,,,,,,,,,,,,,,,,
CA,1,LAT,ZBA,LPT,-9,-9,-9,3,14,1987,W,126436,4,26,1,40,F,II,-9,-9,1,620,,,,,,,,,,,,,,,,,,,,,,,,,,,,,,,,,,,,
CA,1,LAT,ZBA,LPT,-9,-9,-9,3,14,1987,W,126436,4,26,1,45,F,II,-9,-9,1,950,,,,,,,,,,,,,,,,,,,,,,,,,,,,,,,,,,,,
CA,1,LAT,ZBA,LPT,-9,-9,-9,3,14,1987,W,126436,4,26,1,58,M,V,-9,-9,1,1870,,,,,,,,,,,,,,,,,,,,,,,,,,,,,,,,,,,,
CA,1,LAT,ZBA,LPT,-9,-9,-9,3,14,1987,W,126436,4,26,1,42,M,IV,-9,-9,1,760,,,,,,,,,,,,,,,,,,,,,,,,,,,,,,,,,,,,
CA,1,LAT,ZBA,LPT,-9,-9,-9,3,14,1987,W,126436,4,26,1,41,F,II,-9,-9,1,620,,,,,,,,,,,,,,,,,,,,,,,,,,,,,,,,,,,,
CA,1,LAT,ZBA,LPT,-9,-9,-9,3,14,1987,W,126436,4,26,1,46,M,V,-9,-9,1,950,,,,,,,,,,,,,,,,,,,,,,,,,,,,,,,,,,,,
CA,1,LAT,ZBA,LPT,-9,-9,-9,3,14,1987,W,126436,4,26,1,47,F,III,-9,-9,1,1150,,,,,,,,,,,,,,,,,,,,,,,,,,,,,,,,,,,,
CA,1,LAT,ZBA,LPT,-9,-9,-9,3,14,1987,W,126436,4,26,1,37,M,II,-9,-9,1,440,,,,,,,,,,,,,,,,,,,,,,,,,,,,,,,,,,,,
CA,1,LAT,ZBA,LPT,-9,-9,-9,3,14,1987,W,126436,4,26,1,33,F,II,-9,-9,1,340,,,,,,,,,,,,,,,,,,,,,,,,,,,,,,,,,,,,
HH,1,LAT,ZBA,LPT,-9,-9,-9,3,15,1987,3,22,1325,-9,60,D,54.6333,19.4667,54.7333,19.5333,38G9,85,V,-9,1,1,C,-9,-9,-9,-9,250,22,-9,3,580,-9,-9,-9,-9,-9,37,-9,-9,-9,-9,-9,-9,158,4,-9,0.1,-9,-9,-9,-9,-9,-9
