HH,1,LAT,BPE,LBT,-9,-9,-9,1,1,1986,1,8,0910,-9,60,D,59.4333,23.3667,59.4000,23.2500,47H3,100,V,-9,1,1,C,-9,-9,-9,-9,300,22,-9,3,580,-9,-9,-9,-9,-9,250,-9,-9,-9,-9,-9,-9,360,5,-9,0.1,0.7,4,-9,-9,-9,-9
HL,1,LAT,BPE,LBT,-9,-9,-9,1,1,1986,W,126436,4,-9,4,1,-9,1,-9,4000,-9,-9,-9,,,,,,,,,,,,,,,,,,,,,,,,,,,,,,,,,,,
HH,1,LAT,BPE,LBT,-9,-9,-9,1,2,1986,1,8,1230,-9,60,D,59.4000,23.8000,59.4333,23.9167,47H3,68,V,-9,1,1,C,-9,-9,-9,-9,250,22,-9,3,580,-9,-9,-9,-9,-9,58,-9,-9,-9,-9,-9,-9,45,2,-9,0.1,0.9,4.2,-9,-9,-9,-9
HL,1,LAT,BPE,LBT,-9,-9,-9,1,2,1986,W,127141,1,-9,52,1,52,1,-9,20000,1,27,4,,,,,,,,,,,,,,,,,,,,,,,,,,,,,,,,,,,
HL,1,LAT,BPE,LBT,-9,-9,-9,1,2,1986,W,126436,1,-9,121,1,121,1,-9,110000,1,53,5,,,,,,,,,,,,,,,,,,,,,,,,,,,,,,,,,,,
HL,1,LAT,BPE,LBT,-9,-9,-9,1,2,1986,W,126436,1,-9,121,1,121,1,-9,110000,1,54,2,,,,,,,,,,,,,,,,,,,,,,,,,,,,,,,,,,,
HL,1,LAT,BPE,LBT,-9,-9,-9,1,2,1986,W,126436,1,-9,121,1,121,1,-9,110000,1,55,3,,,,,,,,,,,,,,,,,,,,,,,,,,,,,,,,,,,
HL,1,LAT,BPE,LBT,-9,-9,-9,1,2,1986,W,126436,1,-9,121,1,121,1,-9,110000,1,56,1,,,,,,,,,,,,,,,,,,,,,,,,,,,,,,,,,,,
HL,1,LAT,BPE,LBT,-9,-9,-9,1,2,1986,W,126436,1,-9,121,1,121,1,-9,110000,1,57,2,,,,,,,,,,,,,,,,,,,,,,,,,,,,,,,,,,,
HL,1,LAT,BPE,LBT,-9,-9,-9,1,2,1986,W,126436,1,-9,121,1,121,1,-9,110000,1,58,2,,,,,,,,,,,,,,,,,,,,,,,,,,,,,,,,,,,
HL,1,LAT,BPE,LBT,-9,-9,-9,1,2,1986,W,126436,1,-9,121,1,121,1,-9,110000,1,60,2,,,,,,,,,,,,,,,,,,,,,,,,,,,,,,,,,,,
HL,1,LAT,BPE,LBT,-9,-9,-9,1,2,1986,W,126436,1,-9,121,1,121,1,-9,110000,1,61,1,,,,,,,,,,,,,,,,,,,,,,,,,,,,,,,,,,,
HL,1,LAT,BPE,LBT,-9,-9,-9,1,2,1986,W,126436,1,-9,121,1,121,1,-9,110000,1,68,1,,,,,,,,,,,,,,,,,,,,,,,,,,,,,,,,,,,
HL,1,LAT,BPE,LBT,-9,-9,-9,1,2,1986,W,126436,1,-9,121,1,121,1,-9,110000,1,75,1,,,,,,,,,,,,,,,,,,,,,,,,,,,,,,,,,,,
HL,1,LAT,BPE,LBT,-9,-9,-9,1,2,1986,W,127141,1,-9,52,1,52,1,-9,20000,1,24,1,,,,,,,,,,,,,,,,,,,,,,,,,,,,,,,,,,,
HL,1,LAT,BPE,LBT,-9,-9,-9,1,2,1986,W,126436,1,-9,121,1,121,1,-9,110000,1,52,4,,,,,,,,,,,,,,,,,,,,,,,,,,,,,,,,,,,
HL,1,LAT,BPE,LBT,-9,-9,-9,1,2,1986,W,127141,1,-9,52,1,52,1,-9,20000,1,26,3,,,,,,,,,,,,,,,,,,,,,,,,,,,,,,,,,,,
HL,1,LAT,BPE,LBT,-9,-9,-9,1,2,1986,W,127141,1,-9,52,1,52,1,-9,20000,1,36,3,,,,,,,,,,,,,,,,,,,,,,,,,,,,,,,,,,,
HL,1,LAT,BPE,LBT,-9,-9,-9,1,2,1986,W,127141,1,-9,52,1,52,1,-9,20000,1,28,4,,,,,,,,,,,,,,,,,,,,,,,,,,,,,,,,,,,
HL,1,LAT,BPE,LBT,-9,-9,-9,1,2,1986,W,127141,1,-9,52,1,52,1,-9,20000,1,29,2,,,,,,,,,,,,,,,,,,,,,,,,,,,,,,,,,,,
HL,1,LAT,BPE,LBT,-9,-9,-9,1,2,1986,W,127141,1,-9,52,1,52,1,-9,20000,1,30,5,,,,,,,,,,,,,,,,,,,,,,,,,,,,,,,,,,,
HL,1,LAT,BPE,LBT,-9,-9,-9,1,2,1986,W,127141,1,-9,52,1,52,1,-9,20000,1,31,5,,,,,,,,,,,,,,,,,,,,,,,,,,,,,,,,,,,
HL,1,LAT,BPE,LBT,-9,-9,-9,1,2,1986,W,127141,1,-9,52,1,52,1,-9,20000,1,32,10,,,,,,,,,,,,,,,,,,,,,,,,,,,,,,,,,,,
HL,1,LAT,BPE,LBT,-9,-9,-9,1,2,1986,W,127141,1,-9,52,1,52,1,-9,20000,1,33,2,,,,,,,,,,,,,,,,,,,,,,,,,,,,,,,,,,,
HL,1,LAT,BPE,LBT,-9,-9,-9,1,2,1986,W,127141,1,-9,52,1,52,1,-9,20000,1,34,4,,,,,,,,,,,,,,,,,,,,,,,,,,,,,,,,,,,
HL,1,LAT,BPE,LBT,-9,-9,-9,1,2,1986,W,127141,1,-9,52,1,52,1,-9,20000,1,35,5,,,,,,,,,,,,,,,,,,,,,,,,,,,,,,,,,,,
HL,1,LAT,BPE,LBT,-9,-9,-9,1,2,1986,W,127141,1,-9,52,1,52,1,-9,20000,1,37,2,,,,,,,,,,,,,,,,,,,,,,,,,,,,,,,,,,,
HL,1,LAT,BPE,LBT,-9,-9,-9,1,2,1986,W,127141,1,-9,52,1,52,1,-9,20000,1,25,1,,,,,,,,,,,,,,,,,,,,,,,,,,,,,,,,,,,
HL,1,LAT,BPE,LBT,-9,-9,-9,1,2,1986,W,126436,1,-9,121,1,121,1,-9,110000,1,26,1,,,,,,,,,,,,,,,,,,,,,,,,,,,,,,,,,,,
HL,1,LAT,BPE,LBT,-9,-9,-9,1,2,1986,W,126436,1,-9,121,1,121,1,-9,110000,1,22,1,,,,,,,,,,,,,,,,,,,,,,,,,,,,,,,,,,,
HL,1,LAT,BPE,LBT,-9,-9,-9,1,2,1986,W,127141,1,-9,52,1,52,1,-9,20000,1,40,1,,,,,,,,,,,,,,,,,,,,,,,,,,,,,,,,,,,
HL,1,LAT,BPE,LBT,-9,-9,-9,1,2,1986,W,126436,1,-9,121,1,121,1,-9,110000,1,51,2,,,,,,,,,,,,,,,,,,,,,,,,,,,,,,,,,,,
HL,1,LAT,BPE,LBT,-9,-9,-9,1,2,1986,W,126436,1,-9,121,1,121,1,-9,110000,1,25,4,,,,,,,,,,,,,,,,,,,,,,,,,,,,,,,,,,,
HL,1,LAT,BPE,LBT,-9,-9,-9,1,2,1986,W,126436,1,-9,121,1,121,1,-9,110000,1,27,3,,,,,,,,,,,,,,,,,,,,,,,,,,,,,,,,,,,
HL,1,LAT,BPE,LBT,-9,-9,-9,1,2,1986,W,126436,1,-9,121,1,121,1,-9,110000,1,28,4,,,,,,,,,,,,,,,,,,,,,,,,,,,,,,,,,,,
HL,1,LAT,BPE,LBT,-9,-9,-9,1,2,1986,W,126436,1,-9,121,1,121,1,-9,110000,1,29,3,,,,,,,,,,,,,,,,,,,,,,,,,,,,,,,,,,,
HL,1,LAT,BPE,LBT,-9,-9,-9,1,2,1986,W,126436,1,-9,121,1,121,1,-9,110000,1,30,3,,,,,,,,,,,,,,,,,,,,,,,,,,,,,,,,,,,
HL,1,LAT,BPE,LBT,-9,-9,-9,1,2,1986,W,126436,1,-9,121,1,121,1,-9,110000,1,31,3,,,,,,,,,,,,,,,,,,,,,,,,,,,,,,,,,,,
HL,1,LAT,BPE,LBT,-9,-9,-9,1,2,1986,W,126436,1,-9,121,1,121,1,-9,110000,1,32,6,,,,,,,,,,,,,,,,,,,,,,,,,,,,,,,,,,,
HL,1,LAT,BPE,LBT,-9,-9,-9,1,2,1986,W,126436,1,-9,121,1,121,1,-9,110000,1,33,1,,,,,,,,,,,,,,,,,,,,,,,,,,,,,,,,,,,
HL,1,LAT,BPE,LBT,-9,-9,-9,1,2,1986,W,126436,1,-9,121,1,121,1,-9,110000,1,34,3,,,,,,,,,,,,,,,,,,,,,,,,,,,,,,,,,,,
HL,1,LAT,BPE,LBT,-9,-9,-9,1,2,1986,W,126436,1,-9,121,1,121,1,-9,110000,1,35,1,,,,,,,,,,,,,,,,,,,,,,,,,,,,,,,,,,,
HL,1,LAT,BPE,LBT,-9,-9,-9,1,2,1986,W,126436,1,-9,121,1,121,1,-9,110000,1,45,5,,,,,,,,,,,,,,,,,,,,,,,,,,,,,,,,,,,
HL,1,LAT,BPE,LBT,-9,-9,-9,1,2,1986,W,126436,1,-9,121,1,121,1,-9,110000,1,50,5,,,,,,,,,,,,,,,,,,,,,,,,,,,,,,,,,,,
HL,1,LAT,BPE,LBT,-9,-9,-9,1,2,1986,W,126436,1,-9,121,1,121,1,-9,110000,1,48,5,,,,,,,,,,,,,,,,,,,,,,,,,,,,,,,,,,,
HL,1,LAT,BPE,LBT,-9,-9,-9,1,2,1986,W,126436,1,-9,121,1,121,1,-9,110000,1,49,1,,,,,,,,,,,,,,,,,,,,,,,,,,,,,,,,,,,
HL,1,LAT,BPE,LBT,-9,-9,-9,1,2,1986,W,126436,1,-9,121,1,121,1,-9,110000,1,36,1,,,,,,,,,,,,,,,,,,,,,,,,,,,,,,,,,,,
HL,1,LAT,BPE,LBT,-9,-9,-9,1,2,1986,W,126436,1,-9,121,1,121,1,-9,110000,1,46,2,,,,,,,,,,,,,,,,,,,,,,,,,,,,,,,,,,,
HL,1,LAT,BPE,LBT,-9,-9,-9,1,2,1986,W,126436,1,-9,121,1,121,1,-9,110000,1,47,1,,,,,,,,,,,,,,,,,,,,,,,,,,,,,,,,,,,
HL,1,LAT,BPE,LBT,-9,-9,-9,1,2,1986,W,126436,1,-9,121,1,121,1,-9,110000,1,44,3,,,,,,,,,,,,,,,,,,,,,,,,,,,,,,,,,,,
HL,1,LAT,BPE,LBT,-9,-9,-9,1,2,1986,W,126436,1,-9,121,1,121,1,-9,110000,1,43,5,,,,,,,,,,,,,,,,,,,,,,,,,,,,,,,,,,,
HL,1,LAT,BPE,LBT,-9,-9,-9,1,2,1986,W,126436,1,-9,121,1,121,1,-9,110000,1,42,7,,,,,,,,,,,,,,,,,,,,,,,,,,,,,,,,,,,
HL,1,LAT,BPE,LBT,-9,-9,-9,1,2,1986,W,126436,1,-9,121,1,121,1,-9,110000,1,41,5,,,,,,,,,,,,,,,,,,,,,,,,,,,,,,,,,,,
HL,1,LAT,BPE,LBT,-9,-9,-9,1,2,1986,W,126436,1,-9,121,1,121,1,-9,110000,1,40,9,,,,,,,,,,,,,,,,,,,,,,,,,,,,,,,,,,,
HL,1,LAT,BPE,LBT,-9,-9,-9,1,2,1986,W,126436,1,-9,121,1,121,1,-9,110000,1,39,5,,,,,,,,,,,,,,,,,,,,,,,,,,,,,,,,,,,
HL,1,LAT,BPE,LBT,-9,-9,-9,1,2,1986,W,126436,1,-9,121,1,121,1,-9,110000,1,37,8,,,,,,,,,,,,,,,,,,,,,,,,,,,,,,,,,,,
CA,1,LAT,BPE,LBT,-9,-9,-9,1,2,1986,W,126436,4,32,1,44,M,III,-9,5,1,1000,,,,,,,,,,,,,,,,,,,,,,,,,,,,,,,,,,,,
CA,1,LAT,BPE,LBT,-9,-9,-9,1,2,1986,W,126436,4,32,1,32,F,II,-9,2,1,430,,,,,,,,,,,,,,,,,,,,,,,,,,,,,,,,,,,,
CA,1,LAT,BPE,LBT,-9,-9,-9,1,2,1986,W,126436,4,32,1,28,F,II,-9,2,1,200,,,,,,,,,,,,,,,,,,,,,,,,,,,,,,,,,,,,
CA,1,LAT,BPE,LBT,-9,-9,-9,1,2,1986,W,126436,4,32,1,37,M,II,-9,4,1,970,,,,,,,,,,,,,,,,,,,,,,,,,,,,,,,,,,,,
CA,1,LAT,BPE,LBT,-9,-9,-9,1,2,1986,W,126436,4,32,1,32,F,II,-9,2,1,370,,,,,,,,,,,,,,,,,,,,,,,,,,,,,,,,,,,,
CA,1,LAT,BPE,LBT,-9,-9,-9,1,2,1986,W,126436,4,32,1,48,F,II,-9,6,1,1310,,,,,,,,,,,,,,,,,,,,,,,,,,,,,,,,,,,,
CA,1,LAT,BPE,LBT,-9,-9,-9,1,2,1986,W,126436,4,32,1,45,M,II,-9,5,1,930,,,,,,,,,,,,,,,,,,,,,,,,,,,,,,,,,,,,
CA,1,LAT,BPE,LBT,-9,-9,-9,1,2,1986,W,126436,4,32,1,37,F,II,-9,3,1,620,,,,,,,,,,,,,,,,,,,,,,,,,,,,,,,,,,,,
CA,1,LAT,BPE,LBT,-9,-9,-9,1,2,1986,W,126436,4,32,1,52,F,III,-9,-9,1,1740,,,,,,,,,,,,,,,,,,,,,,,,,,,,,,,,,,,,
CA,1,LAT,BPE,LBT,-9,-9,-9,1,2,1986,W,126436,4,32,1,40,F,II,-9,4,1,800,,,,,,,,,,,,,,,,,,,,,,,,,,,,,,,,,,,,
CA,1,LAT,BPE,LBT,-9,-9,-9,1,2,1986,W,126436,4,32,1,34,M,II,-9,2,1,380,,,,,,,,,,,,,,,,,,,,,,,,,,,,,,,,,,,,
CA,1,LAT,BPE,LBT,-9,-9,-9,1,2,1986,W,126436,4,32,1,51,M,III,-9,5,1,1430,,,,,,,,,,,,,,,,,,,,,,,,,,,,,,,,,,,,
CA,1,LAT,BPE,LBT,-9,-9,-9,1,2,1986,W,126436,4,32,1,42,M,III,-9,5,1,840,,,,,,,,,,,,,,,,,,,,,,,,,,,,,,,,,,,,
CA,1,LAT,BPE,LBT,-9,-9,-9,1,2,1986,W,126436,4,32,1,32,F,II,-9,2,1,330,,,,,,,,,,,,,,,,,,,,,,,,,,,,,,,,,,,,
CA,1,LAT,BPE,LBT,-9,-9,-9,1,2,1986,W,126436,4,32,1,42,M,II,-9,5,1,770,,,,,,,,,,,,,,,,,,,,,,,,,,,,,,,,,,,,
CA,1,LAT,BPE,LBT,-9,-9,-9,1,2,1986,W,126436,4,32,1,43,M,II,-9,-9,1,790,,,,,,,,,,,,,,,,,,,,,,,,,,,,,,,,,,,,
CA,1,LAT,BPE,LBT,-9,-9,-9,1,2,1986,W,126436,4,32,1,60,F,III,-9,-9,1,2180,,,,,,,,,,,,,,,,,,,,,,,,,,,,,,,,,,,,
CA,1,LAT,BPE,LBT,-9,-9,-9,1,2,1986,W,126436,4,32,1,30,F,II,-9,2,1,310,,,,,,,,,,,,,,,,,,,,,,,,,,,,,,,,,,,,
CA,1,LAT,BPE,LBT,-9,-9,-9,1,2,1986,W,126436,4,32,1,47,F,III,-9,10,1,1800,,,,,,,,,,,,,,,,,,,,,,,,,,,,,,,,,,,,
CA,1,LAT,BPE,LBT,-9,-9,-9,1,2,1986,W,126436,4,32,1,40,M,II,-9,4,1,670,,,,,,,,,,,,,,,,,,,,,,,,,,,,,,,,,,,,
CA,1,LAT,BPE,LBT,-9,-9,-9,1,2,1986,W,126436,4,32,1,33,M,II,-9,2,1,390,,,,,,,,,,,,,,,,,,,,,,,,,,,,,,,,,,,,
CA,1,LAT,BPE,LBT,-9,-9,-9,1,2,1986,W,126436,4,32,1,53,F,III,-9,6,1,1640,,,,,,,,,,,,,,,,,,,,,,,,,,,,,,,,,,,,
CA,1,LAT,BPE,LBT,-9,-9,-9,1,2,1986,W,126436,4,32,1,42,F,II,-9,4,1,730,,,,,,,,,,,,,,,,,,,,,,,,,,,,,,,,,,,,
CA,1,LAT,BPE,LBT,-9,-9,-9,1,2,1986,W,126436,4,32,1,43,M,II,-9,6,1,770,,,,,,,,,,,,,,,,,,,,,,,,,,,,,,,,,,,,
CA,1,LAT,BPE,LBT,-9,-9,-9,1,2,1986,W,126436,4,32,1,40,M,II,-9,4,1,660,,,,,,,,,,,,,,,,,,,,,,,,,,,,,,,,,,,,
CA,1,LAT,BPE,LBT,-9,-9,-9,1,2,1986,W,126436,4,32,1,57,F,III,-9,9,1,2000,,,,,,,,,,,,,,,,,,,,,,,,,,,,,,,,,,,,
CA,1,LAT,BPE,LBT,-9,-9,-9,1,2,1986,W,126436,4,32,1,37,F,II,-9,-9,1,560,,,,,,,,,,,,,,,,,,,,,,,,,,,,,,,,,,,,
CA,1,LAT,BPE,LBT,-9,-9,-9,1,2,1986,W,126436,4,32,1,50,M,III,-9,5,1,1450,,,,,,,,,,,,,,,,,,,,,,,,,,,,,,,,,,,,
CA,1,LAT,BPE,LBT,-9,-9,-9,1,2,1986,W,126436,4,32,1,25,M,II,-9,2,1,160,,,,,,,,,,,,,,,,,,,,,,,,,,,,,,,,,,,,
CA,1,LAT,BPE,LBT,-9,-9,-9,1,2,1986,W,126436,4,32,1,34,F,II,-9,3,1,450,,,,,,,,,,,,,,,,,,,,,,,,,,,,,,,,,,,,
CA,1,LAT,BPE,LBT,-9,-9,-9,1,2,1986,W,126436,4,32,1,44,M,III,-9,4,1,1150,,,,,,,,,,,,,,,,,,,,,,,,,,,,,,,,,,,,
CA,1,LAT,BPE,LBT,-9,-9,-9,1,2,1986,W,126436,4,32,1,30,M,II,-9,2,1,330,,,,,,,,,,,,,,,,,,,,,,,,,,,,,,,,,,,,
CA,1,LAT,BPE,LBT,-9,-9,-9,1,2,1986,W,126436,4,32,1,39,F,II,-9,4,1,750,,,,,,,,,,,,,,,,,,,,,,,,,,,,,,,,,,,,
CA,1,LAT,BPE,LBT,-9,-9,-9,1,2,1986,W,126436,4,32,1,32,M,II,-9,3,1,340,,,,,,,,,,,,,,,,,,,,,,,,,,,,,,,,,,,,
CA,1,LAT,BPE,LBT,-9,-9,-9,1,2,1986,W,126436,4,32,1,28,M,II,-9,2,1,230,,,,,,,,,,,,,,,,,,,,,,,,,,,,,,,,,,,,
CA,1,LAT,BPE,LBT,-9,-9,-9,1,2,1986,W,126436,4,32,1,37,M,II,-9,3,1,560,,,,,,,,,,,,,,,,,,,,,,,,,,,,,,,,,,,,
CA,1,LAT,BPE,LBT,-9,-9,-9,1,2,1986,W,126436,4,32,1,58,F,III,-9,6,1,2050,,,,,,,,,,,,,,,,,,,,,,,,,,,,,,,,,,,,
CA,1,LAT,BPE,LBT,-9,-9,-9,1,2,1986,W,126436,4,32,1,36,F,II,-9,3,1,520,,,,,,,,,,,,,,,,,,,,,,,,,,,,,,,,,,,,
CA,1,LAT,BPE,LBT,-9,-9,-9,1,2,1986,W,126436,4,32,1,40,F,II,-9,4,1,800,,,,,,,,,,,,,,,,,,,,,,,,,,,,,,,,,,,,
CA,1,LAT,BPE,LBT,-9,-9,-9,1,2,1986,W,126436,4,32,1,40,M,II,-9,3,1,650,,,,,,,,,,,,,,,,,,,,,,,,,,,,,,,,,,,,
CA,1,LAT,BPE,LBT,-9,-9,-9,1,2,1986,W,126436,4,32,1,43,F,II,-9,4,1,900,,,,,,,,,,,,,,,,,,,,,,,,,,,,,,,,,,,,
CA,1,LAT,BPE,LBT,-9,-9,-9,1,2,1986,W,126436,4,32,1,75,F,II,-9,6,1,3730,,,,,,,,,,,,,,,,,,,,,,,,,,,,,,,,,,,,
CA,1,LAT,BPE,LBT,-9,-9,-9,1,2,1986,W,126436,4,32,1,27,M,II,-9,2,1,190,,,,,,,,,,,,,,,,,,,,,,,,,,,,,,,,,,,,
CA,1,LAT,BPE,LBT,-9,-9,-9,1,2,1986,W,126436,4,32,1,29,F,II,-9,2,1,250,,,,,,,,,,,,,,,,,,,,,,,,,,,,,,,,,,,,
CA,1,LAT,BPE,LBT,-9,-9,-9,1,2,1986,W,126436,4,32,1,39,F,II,-9,4,1,600,,,,,,,,,,,,,,,,,,,,,,,,,,,,,,,,,,,,
CA,1,LAT,BPE,LBT,-9,-9,-9,1,2,1986,W,126436,4,32,1,45,F,II,-9,5,1,930,,,,,,,,,,,,,,,,,,,,,,,,,,,,,,,,,,,,
CA,1,LAT,BPE,LBT,-9,-9,-9,1,2,1986,W,126436,4,32,1,50,F,III,-9,5,1,1300,,,,,,,,,,,,,,,,,,,,,,,,,,,,,,,,,,,,
CA,1,LAT,BPE,LBT,-9,-9,-9,1,2,1986,W,126436,4,32,1,50,F,III,-9,5,1,1320,,,,,,,,,,,,,,,,,,,,,,,,,,,,,,,,,,,,
CA,1,LAT,BPE,LBT,-9,-9,-9,1,2,1986,W,126436,4,32,1,54,M,III,-9,6,1,1630,,,,,,,,,,,,,,,,,,,,,,,,,,,,,,,,,,,,
CA,1,LAT,BPE,LBT,-9,-9,-9,1,2,1986,W,126436,4,32,1,40,M,III,-9,4,1,740,,,,,,,,,,,,,,,,,,,,,,,,,,,,,,,,,,,,
CA,1,LAT,BPE,LBT,-9,-9,-9,1,2,1986,W,126436,4,32,1,30,M,II,-9,2,1,290,,,,,,,,,,,,,,,,,,,,,,,,,,,,,,,,,,,,
CA,1,LAT,BPE,LBT,-9,-9,-9,1,2,1986,W,126436,4,32,1,57,F,-9,-9,7,1,1690,,,,,,,,,,,,,,,,,,,,,,,,,,,,,,,,,,,,
CA,1,LAT,BPE,LBT,-9,-9,-9,1,2,1986,W,126436,4,32,1,27,M,II,-9,2,1,210,,,,,,,,,,,,,,,,,,,,,,,,,,,,,,,,,,,,
CA,1,LAT,BPE,LBT,-9,-9,-9,1,2,1986,W,126436,4,32,1,37,F,II,-9,4,1,550,,,,,,,,,,,,,,,,,,,,,,,,,,,,,,,,,,,,
CA,1,LAT,BPE,LBT,-9,-9,-9,1,2,1986,W,126436,4,32,1,48,F,II,-9,3,1,1200,,,,,,,,,,,,,,,,,,,,,,,,,,,,,,,,,,,,
CA,1,LAT,BPE,LBT,-9,-9,-9,1,2,1986,W,126436,4,32,1,48,F,III,-9,5,1,1470,,,,,,,,,,,,,,,,,,,,,,,,,,,,,,,,,,,,
CA,1,LAT,BPE,LBT,-9,-9,-9,1,2,1986,W,126436,4,32,1,45,F,III,-9,5,1,1170,,,,,,,,,,,,,,,,,,,,,,,,,,,,,,,,,,,,
CA,1,LAT,BPE,LBT,-9,-9,-9,1,2,1986,W,126436,4,32,1,43,M,II,-9,5,1,890,,,,,,,,,,,,,,,,,,,,,,,,,,,,,,,,,,,,
CA,1,LAT,BPE,LBT,-9,-9,-9,1,2,1986,W,126436,4,32,1,56,F,II,-9,6,1,1870,,,,,,,,,,,,,,,,,,,,,,,,,,,,,,,,,,,,
CA,1,LAT,BPE,LBT,-9,-9,-9,1,2,1986,W,126436,4,32,1,55,F,III,-9,6,1,1800,,,,,,,,,,,,,,,,,,,,,,,,,,,,,,,,,,,,
CA,1,LAT,BPE,LBT,-9,-9,-9,1,2,1986,W,126436,4,32,1,25,F,II,-9,2,1,160,,,,,,,,,,,,,,,,,,,,,,,,,,,,,,,,,,,,
CA,1,LAT,BPE,LBT,-9,-9,-9,1,2,1986,W,126436,4,32,1,37,F,II,-9,3,1,550,,,,,,,,,,,,,,,,,,,,,,,,,,,,,,,,,,,,
CA,1,LAT,BPE,LBT,-9,-9,-9,1,2,1986,W,126436,4,32,1,28,F,II,-9,2,1,230,,,,,,,,,,,,,,,,,,,,,,,,,,,,,,,,,,,,
CA,1,LAT,BPE,LBT,-9,-9,-9,1,2,1986,W,126436,4,32,1,46,F,III,-9,5,1,1000,,,,,,,,,,,,,,,,,,,,,,,,,,,,,,,,,,,,
CA,1,LAT,BPE,LBT,-9,-9,-9,1,2,1986,W,126436,4,32,1,41,F,II,-9,5,1,830,,,,,,,,,,,,,,,,,,,,,,,,,,,,,,,,,,,,
CA,1,LAT,BPE,LBT,-9,-9,-9,1,2,1986,W,126436,4,32,1,40,F,II,-9,5,1,710,,,,,,,,,,,,,,,,,,,,,,,,,,,,,,,,,,,,
CA,1,LAT,BPE,LBT,-9,-9,-9,1,2,1986,W,126436,4,32,1,40,M,II,-9,4,1,520,,,,,,,,,,,,,,,,,,,,,,,,,,,,,,,,,,,,
CA,1,LAT,BPE,LBT,-9,-9,-9,1,2,1986,W,126436,4,32,1,42,M,II,-9,4,1,900,,,,,,,,,,,,,,,,,,,,,,,,,,,,,,,,,,,,
CA,1,LAT,BPE,LBT,-9,-9,-9,1,2,1986,W,126436,4,32,1,34,M,II,-9,-9,1,440,,,,,,,,,,,,,,,,,,,,,,,,,,,,,,,,,,,,
CA,1,LAT,BPE,LBT,-9,-9,-9,1,2,1986,W,126436,4,32,1,39,M,II,-9,4,1,670,,,,,,,,,,,,,,,,,,,,,,,,,,,,,,,,,,,,
CA,1,LAT,BPE,LBT,-9,-9,-9,1,2,1986,W,126436,4,32,1,37,F,II,-9,4,1,550,,,,,,,,,,,,,,,,,,,,,,,,,,,,,,,,,,,,
CA,1,LAT,BPE,LBT,-9,-9,-9,1,2,1986,W,126436,4,32,1,50,M,II,-9,5,1,1350,,,,,,,,,,,,,,,,,,,,,,,,,,,,,,,,,,,,
CA,1,LAT,BPE,LBT,-9,-9,-9,1,2,1986,W,126436,4,32,1,41,F,II,-9,4,1,750,,,,,,,,,,,,,,,,,,,,,,,,,,,,,,,,,,,,
CA,1,LAT,BPE,LBT,-9,-9,-9,1,2,1986,W,126436,4,32,1,52,M,II,-9,6,1,1470,,,,,,,,,,,,,,,,,,,,,,,,,,,,,,,,,,,,
CA,1,LAT,BPE,LBT,-9,-9,-9,1,2,1986,W,126436,4,32,1,31,M,II,-9,2,1,300,,,,,,,,,,,,,,,,,,,,,,,,,,,,,,,,,,,,
CA,1,LAT,BPE,LBT,-9,-9,-9,1,2,1986,W,126436,4,32,1,37,M,II,-9,3,1,480,,,,,,,,,,,,,,,,,,,,,,,,,,,,,,,,,,,,
CA,1,LAT,BPE,LBT,-9,-9,-9,1,2,1986,W,126436,4,32,1,43,M,II,-9,-9,1,800,,,,,,,,,,,,,,,,,,,,,,,,,,,,,,,,,,,,
CA,1,LAT,BPE,LBT,-9,-9,-9,1,2,1986,W,126436,4,32,1,41,F,II,-9,4,1,780,,,,,,,,,,,,,,,,,,,,,,,,,,,,,,,,,,,,
CA,1,LAT,BPE,LBT,-9,-9,-9,1,2,1986,W,126436,4,32,1,48,M,III,-9,5,1,1190,,,,,,,,,,,,,,,,,,,,,,,,,,,,,,,,,,,,
CA,1,LAT,BPE,LBT,-9,-9,-9,1,2,1986,W,126436,4,32,1,55,M,III,-9,6,1,1370,,,,,,,,,,,,,,,,,,,,,,,,,,,,,,,,,,,,
CA,1,LAT,BPE,LBT,-9,-9,-9,1,2,1986,W,126436,4,32,1,42,F,II,-9,7,1,780,,,,,,,,,,,,,,,,,,,,,,,,,,,,,,,,,,,,
CA,1,LAT,BPE,LBT,-9,-9,-9,1,2,1986,W,126436,4,32,1,53,F,III,-9,5,1,1770,,,,,,,,,,,,,,,,,,,,,,,,,,,,,,,,,,,,
CA,1,LAT,BPE,LBT,-9,-9,-9,1,2,1986,W,126436,4,32,1,54,F,III,-9,7,1,1590,,,,,,,,,,,,,,,,,,,,,,,,,,,,,,,,,,,,
CA,1,LAT,BPE,LBT,-9,-9,-9,1,2,1986,W,126436,4,32,1,68,F,III,-9,7,1,3030,,,,,,,,,,,,,,,,,,,,,,,,,,,,,,,,,,,,
CA,1,LAT,BPE,LBT,-9,-9,-9,1,2,1986,W,126436,4,32,1,41,M,II,-9,4,1,840,,,,,,,,,,,,,,,,,,,,,,,,,,,,,,,,,,,,
CA,1,LAT,BPE,LBT,-9,-9,-9,1,2,1986,W,126436,4,32,1,48,M,II,-9,5,1,1150,,,,,,,,,,,,,,,,,,,,,,,,,,,,,,,,,,,,
CA,1,LAT,BPE,LBT,-9,-9,-9,1,2,1986,W,126436,4,32,1,42,M,III,-9,5,1,810,,,,,,,,,,,,,,,,,,,,,,,,,,,,,,,,,,,,
CA,1,LAT,BPE,LBT,-9,-9,-9,1,2,1986,W,126436,4,32,1,39,F,II,-9,5,1,740,,,,,,,,,,,,,,,,,,,,,,,,,,,,,,,,,,,,
CA,1,LAT,BPE,LBT,-9,-9,-9,1,2,1986,W,126436,4,32,1,53,F,III,-9,6,1,1680,,,,,,,,,,,,,,,,,,,,,,,,,,,,,,,,,,,,
CA,1,LAT,BPE,LBT,-9,-9,-9,1,2,1986,W,126436,4,32,1,55,M,III,-9,6,1,2050,,,,,,,,,,,,,,,,,,,,,,,,,,,,,,,,,,,,
CA,1,LAT,BPE,LBT,-9,-9,-9,1,2,1986,W,126436,4,32,1,58,F,III,-9,10,1,1710,,,,,,,,,,,,,,,,,,,,,,,,,,,,,,,,,,,,
CA,1,LAT,BPE,LBT,-9,-9,-9,1,2,1986,W,126436,4,32,1,32,F,II,-9,2,1,330,,,,,,,,,,,,,,,,,,,,,,,,,,,,,,,,,,,,
CA,1,LAT,BPE,LBT,-9,-9,-9,1,2,1986,W,127141,4,32,1,30,M,II,-9,7,1,305,,,,,,,,,,,,,,,,,,,,,,,,,,,,,,,,,,,,
CA,1,LAT,BPE,LBT,-9,-9,-9,1,2,1986,W,126436,4,32,1,45,F,II,-9,4,1,970,,,,,,,,,,,,,,,,,,,,,,,,,,,,,,,,,,,,
CA,1,LAT,BPE,LBT,-9,-9,-9,1,2,1986,W,126436,4,32,1,28,M,II,-9,2,1,240,,,,,,,,,,,,,,,,,,,,,,,,,,,,,,,,,,,,
CA,1,LAT,BPE,LBT,-9,-9,-9,1,2,1986,W,126436,4,32,1,29,M,II,-9,2,1,290,,,,,,,,,,,,,,,,,,,,,,,,,,,,,,,,,,,,
CA,1,LAT,BPE,LBT,-9,-9,-9,1,2,1986,W,126436,4,32,1,45,M,II,-9,5,1,1100,,,,,,,,,,,,,,,,,,,,,,,,,,,,,,,,,,,,
CA,1,LAT,BPE,LBT,-9,-9,-9,1,2,1986,W,126436,4,32,1,41,M,III,-9,4,1,760,,,,,,,,,,,,,,,,,,,,,,,,,,,,,,,,,,,,
CA,1,LAT,BPE,LBT,-9,-9,-9,1,2,1986,W,126436,4,32,1,42,M,III,-9,4,1,770,,,,,,,,,,,,,,,,,,,,,,,,,,,,,,,,,,,,
CA,1,LAT,BPE,LBT,-9,-9,-9,1,2,1986,W,126436,4,32,1,53,F,III,-9,6,1,1570,,,,,,,,,,,,,,,,,,,,,,,,,,,,,,,,,,,,
CA,1,LAT,BPE,LBT,-9,-9,-9,1,2,1986,W,127141,4,32,1,32,F,III,-9,8,1,445,,,,,,,,,,,,,,,,,,,,,,,,,,,,,,,,,,,,
CA,1,LAT,BPE,LBT,-9,-9,-9,1,2,1986,W,127141,4,32,1,26,M,III,-9,6,1,200,,,,,,,,,,,,,,,,,,,,,,,,,,,,,,,,,,,,
CA,1,LAT,BPE,LBT,-9,-9,-9,1,2,1986,W,127141,4,32,1,28,M,III,-9,7,1,290,,,,,,,,,,,,,,,,,,,,,,,,,,,,,,,,,,,,
CA,1,LAT,BPE,LBT,-9,-9,-9,1,2,1986,W,127141,4,32,1,24,M,III,-9,5,1,145,,,,,,,,,,,,,,,,,,,,,,,,,,,,,,,,,,,,
CA,1,LAT,BPE,LBT,-9,-9,-9,1,2,1986,W,127141,4,32,1,26,M,IV,-9,5,1,210,,,,,,,,,,,,,,,,,,,,,,,,,,,,,,,,,,,,
CA,1,LAT,BPE,LBT,-9,-9,-9,1,2,1986,W,127141,4,32,1,28,M,IV,-9,4,1,280,,,,,,,,,,,,,,,,,,,,,,,,,,,,,,,,,,,,
CA,1,LAT,BPE,LBT,-9,-9,-9,1,2,1986,W,127141,4,32,1,30,M,III,-9,7,1,275,,,,,,,,,,,,,,,,,,,,,,,,,,,,,,,,,,,,
CA,1,LAT,BPE,LBT,-9,-9,-9,1,2,1986,W,127141,4,32,1,27,M,III,-9,5,1,255,,,,,,,,,,,,,,,,,,,,,,,,,,,,,,,,,,,,
CA,1,LAT,BPE,LBT,-9,-9,-9,1,2,1986,W,127141,4,32,1,32,F,III,-9,6,1,455,,,,,,,,,,,,,,,,,,,,,,,,,,,,,,,,,,,,
CA,1,LAT,BPE,LBT,-9,-9,-9,1,2,1986,W,127141,4,32,1,36,F,III,-9,7,1,830,,,,,,,,,,,,,,,,,,,,,,,,,,,,,,,,,,,,
CA,1,LAT,BPE,LBT,-9,-9,-9,1,2,1986,W,127141,4,32,1,32,F,III,-9,5,1,525,,,,,,,,,,,,,,,,,,,,,,,,,,,,,,,,,,,,
CA,1,LAT,BPE,LBT,-9,-9,-9,1,2,1986,W,127141,4,32,1,34,F,III,-9,11,1,540,,,,,,,,,,,,,,,,,,,,,,,,,,,,,,,,,,,,
CA,1,LAT,BPE,LBT,-9,-9,-9,1,2,1986,W,126436,4,32,1,39,F,III,-9,4,1,670,,,,,,,,,,,,,,,,,,,,,,,,,,,,,,,,,,,,
CA,1,LAT,BPE,LBT,-9,-9,-9,1,2,1986,W,127141,4,32,1,31,M,III,-9,6,1,370,,,,,,,,,,,,,,,,,,,,,,,,,,,,,,,,,,,,
CA,1,LAT,BPE,LBT,-9,-9,-9,1,2,1986,W,127141,4,32,1,25,M,IV,-9,6,1,170,,,,,,,,,,,,,,,,,,,,,,,,,,,,,,,,,,,,
CA,1,LAT,BPE,LBT,-9,-9,-9,1,2,1986,W,127141,4,32,1,26,M,III,-9,4,1,185,,,,,,,,,,,,,,,,,,,,,,,,,,,,,,,,,,,,
CA,1,LAT,BPE,LBT,-9,-9,-9,1,2,1986,W,127141,4,32,1,30,M,III,-9,8,1,335,,,,,,,,,,,,,,,,,,,,,,,,,,,,,,,,,,,,
CA,1,LAT,BPE,LBT,-9,-9,-9,1,2,1986,W,127141,4,32,1,30,M,IV,-9,7,1,335,,,,,,,,,,,,,,,,,,,,,,,,,,,,,,,,,,,,
CA,1,LAT,BPE,LBT,-9,-9,-9,1,2,1986,W,127141,4,32,1,32,M,IV,-9,7,1,445,,,,,,,,,,,,,,,,,,,,,,,,,,,,,,,,,,,,
CA,1,LAT,BPE,LBT,-9,-9,-9,1,2,1986,W,127141,4,32,1,40,F,III,-9,10,1,910,,,,,,,,,,,,,,,,,,,,,,,,,,,,,,,,,,,,
CA,1,LAT,BPE,LBT,-9,-9,-9,1,2,1986,W,127141,4,32,1,30,F,III,-9,7,1,345,,,,,,,,,,,,,,,,,,,,,,,,,,,,,,,,,,,,
CA,1,LAT,BPE,LBT,-9,-9,-9,1,2,1986,W,127141,4,32,1,32,F,III,-9,6,1,415,,,,,,,,,,,,,,,,,,,,,,,,,,,,,,,,,,,,
CA,1,LAT,BPE,LBT,-9,-9,-9,1,2,1986,W,127141,4,32,1,36,F,III,-9,8,1,690,,,,,,,,,,,,,,,,,,,,,,,,,,,,,,,,,,,,
CA,1,LAT,BPE,LBT,-9,-9,-9,1,2,1986,W,127141,4,32,1,35,F,III,-9,7,1,555,,,,,,,,,,,,,,,,,,,,,,,,,,,,,,,,,,,,
CA,1,LAT,BPE,LBT,-9,-9,-9,1,2,1986,W,127141,4,32,1,32,M,III,-9,6,1,410,,,,,,,,,,,,,,,,,,,,,,,,,,,,,,,,,,,,
CA,1,LAT,BPE,LBT,-9,-9,-9,1,2,1986,W,127141,4,32,1,34,F,III,-9,9,1,560,,,,,,,,,,,,,,,,,,,,,,,,,,,,,,,,,,,,
CA,1,LAT,BPE,LBT,-9,-9,-9,1,2,1986,W,127141,4,32,1,35,F,III,-9,7,1,580,,,,,,,,,,,,,,,,,,,,,,,,,,,,,,,,,,,,
CA,1,LAT,BPE,LBT,-9,-9,-9,1,2,1986,W,127141,4,32,1,27,M,IV,-9,5,1,240,,,,,,,,,,,,,,,,,,,,,,,,,,,,,,,,,,,,
CA,1,LAT,BPE,LBT,-9,-9,-9,1,2,1986,W,127141,4,32,1,35,F,III,-9,8,1,640,,,,,,,,,,,,,,,,,,,,,,,,,,,,,,,,,,,,
CA,1,LAT,BPE,LBT,-9,-9,-9,1,2,1986,W,127141,4,32,1,31,M,III,-9,6,1,370,,,,,,,,,,,,,,,,,,,,,,,,,,,,,,,,,,,,
CA,1,LAT,BPE,LBT,-9,-9,-9,1,2,1986,W,127141,4,32,1,37,F,III,-9,10,1,680,,,,,,,,,,,,,,,,,,,,,,,,,,,,,,,,,,,,
CA,1,LAT,BPE,LBT,-9,-9,-9,1,2,1986,W,127141,4,32,1,32,M,IV,-9,8,1,425,,,,,,,,,,,,,,,,,,,,,,,,,,,,,,,,,,,,
CA,1,LAT,BPE,LBT,-9,-9,-9,1,2,1986,W,127141,4,32,1,27,M,IV,-9,7,1,250,,,,,,,,,,,,,,,,,,,,,,,,,,,,,,,,,,,,
CA,1,LAT,BPE,LBT,-9,-9,-9,1,2,1986,W,127141,4,32,1,32,F,III,-9,6,1,400,,,,,,,,,,,,,,,,,,,,,,,,,,,,,,,,,,,,
CA,1,LAT,BPE,LBT,-9,-9,-9,1,2,1986,W,127141,4,32,1,31,F,III,-9,7,1,375,,,,,,,,,,,,,,,,,,,,,,,,,,,,,,,,,,,,
CA,1,LAT,BPE,LBT,-9,-9,-9,1,2,1986,W,127141,4,32,1,34,F,III,-9,8,1,585,,,,,,,,,,,,,,,,,,,,,,,,,,,,,,,,,,,,
CA,1,LAT,BPE,LBT,-9,-9,-9,1,2,1986,W,127141,4,32,1,34,F,III,-9,9,1,575,,,,,,,,,,,,,,,,,,,,,,,,,,,,,,,,,,,,
CA,1,LAT,BPE,LBT,-9,-9,-9,1,2,1986,W,127141,4,32,1,33,M,III,-9,8,1,500,,,,,,,,,,,,,,,,,,,,,,,,,,,,,,,,,,,,
CA,1,LAT,BPE,LBT,-9,-9,-9,1,2,1986,W,127141,4,32,1,35,F,III,-9,9,1,605,,,,,,,,,,,,,,,,,,,,,,,,,,,,,,,,,,,,
CA,1,LAT,BPE,LBT,-9,-9,-9,1,2,1986,W,127141,4,32,1,35,F,III,-9,9,1,675,,,,,,,,,,,,,,,,,,,,,,,,,,,,,,,,,,,,
CA,1,LAT,BPE,LBT,-9,-9,-9,1,2,1986,W,127141,4,32,1,36,F,III,-9,-9,1,650,,,,,,,,,,,,,,,,,,,,,,,,,,,,,,,,,,,,
CA,1,LAT,BPE,LBT,-9,-9,-9,1,2,1986,W,127141,4,32,1,29,F,III,-9,5,1,305,,,,,,,,,,,,,,,,,,,,,,,,,,,,,,,,,,,,
CA,1,LAT,BPE,LBT,-9,-9,-9,1,2,1986,W,127141,4,32,1,31,M,IV,-9,7,1,375,,,,,,,,,,,,,,,,,,,,,,,,,,,,,,,,,,,,
CA,1,LAT,BPE,LBT,-9,-9,-9,1,2,1986,W,127141,4,32,1,33,F,III,-9,7,1,450,,,,,,,,,,,,,,,,,,,,,,,,,,,,,,,,,,,,
CA,1,LAT,BPE,LBT,-9,-9,-9,1,2,1986,W,127141,4,32,1,37,F,III,-9,10,1,695,,,,,,,,,,,,,,,,,,,,,,,,,,,,,,,,,,,,
CA,1,LAT,BPE,LBT,-9,-9,-9,1,2,1986,W,127141,4,32,1,27,M,III,-9,6,1,210,,,,,,,,,,,,,,,,,,,,,,,,,,,,,,,,,,,,
CA,1,LAT,BPE,LBT,-9,-9,-9,1,2,1986,W,127141,4,32,1,28,F,III,-9,7,1,445,,,,,,,,,,,,,,,,,,,,,,,,,,,,,,,,,,,,
CA,1,LAT,BPE,LBT,-9,-9,-9,1,2,1986,W,127141,4,32,1,29,F,III,-9,6,1,350,,,,,,,,,,,,,,,,,,,,,,,,,,,,,,,,,,,,
CA,1,LAT,BPE,LBT,-9,-9,-9,1,2,1986,W,127141,4,32,1,28,M,III,-9,6,1,245,,,,,,,,,,,,,,,,,,,,,,,,,,,,,,,,,,,,
CA,1,LAT,BPE,LBT,-9,-9,-9,1,2,1986,W,127141,4,32,1,32,M,IV,-9,8,1,430,,,,,,,,,,,,,,,,,,,,,,,,,,,,,,,,,,,,
CA,1,LAT,BPE,LBT,-9,-9,-9,1,2,1986,W,127141,4,32,1,31,M,IV,-9,9,1,335,,,,,,,,,,,,,,,,,,,,,,,,,,,,,,,,,,,,
CA,1,LAT,BPE,LBT,-9,-9,-9,1,2,1986,W,127141,4,32,1,32,M,III,-9,5,1,450,,,,,,,,,,,,,,,,,,,,,,,,,,,,,,,,,,,,
HH,1,LAT,BPE,LBT,-9,-9,-9,1,3,1986,1,8,1435,-9,60,D,59.4167,23.9000,59.4000,23.7833,47H3,60,V,-9,1,1,C,-9,-9,-9,-9,250,22,-9,3,580,-9,-9,-9,-9,-9,250,-9,-9,-9,-9,-9,-9,45,3,-9,0.5,0.9,4,-9,-9,-9,-9
HL,1,LAT,BPE,LBT,-9,-9,-9,1,3,1986,W,126436,1,-9,26,1,26,1,-9,10000,1,50,1,,,,,,,,,,,,,,,,,,,,,,,,,,,,,,,,,,,
HL,1,LAT,BPE,LBT,-9,-9,-9,1,3,1986,W,127141,1,-9,69,1,69,1,-9,25000,1,35,6,,,,,,,,,,,,,,,,,,,,,,,,,,,,,,,,,,,
HL,1,LAT,BPE,LBT,-9,-9,-9,1,3,1986,W,127141,1,-9,69,1,69,1,-9,25000,1,37,1,,,,,,,,,,,,,,,,,,,,,,,,,,,,,,,,,,,
HL,1,LAT,BPE,LBT,-9,-9,-9,1,3,1986,W,127141,1,-9,69,1,69,1,-9,25000,1,38,2,,,,,,,,,,,,,,,,,,,,,,,,,,,,,,,,,,,
HL,1,LAT,BPE,LBT,-9,-9,-9,1,3,1986,W,126436,1,-9,26,1,26,1,-9,10000,1,31,2,,,,,,,,,,,,,,,,,,,,,,,,,,,,,,,,,,,
HL,1,LAT,BPE,LBT,-9,-9,-9,1,3,1986,W,126436,1,-9,26,1,26,1,-9,10000,1,33,3,,,,,,,,,,,,,,,,,,,,,,,,,,,,,,,,,,,
HL,1,LAT,BPE,LBT,-9,-9,-9,1,3,1986,W,126436,1,-9,26,1,26,1,-9,10000,1,34,2,,,,,,,,,,,,,,,,,,,,,,,,,,,,,,,,,,,
HL,1,LAT,BPE,LBT,-9,-9,-9,1,3,1986,W,126436,1,-9,26,1,26,1,-9,10000,1,36,2,,,,,,,,,,,,,,,,,,,,,,,,,,,,,,,,,,,
HL,1,LAT,BPE,LBT,-9,-9,-9,1,3,1986,W,126436,1,-9,26,1,26,1,-9,10000,1,41,1,,,,,,,,,,,,,,,,,,,,,,,,,,,,,,,,,,,
HL,1,LAT,BPE,LBT,-9,-9,-9,1,3,1986,W,127141,1,-9,69,1,69,1,-9,25000,1,34,3,,,,,,,,,,,,,,,,,,,,,,,,,,,,,,,,,,,
HL,1,LAT,BPE,LBT,-9,-9,-9,1,3,1986,W,126436,1,-9,26,1,26,1,-9,10000,1,46,1,,,,,,,,,,,,,,,,,,,,,,,,,,,,,,,,,,,
HL,1,LAT,BPE,LBT,-9,-9,-9,1,3,1986,W,126436,1,-9,26,1,26,1,-9,10000,1,35,1,,,,,,,,,,,,,,,,,,,,,,,,,,,,,,,,,,,
HL,1,LAT,BPE,LBT,-9,-9,-9,1,3,1986,W,126436,1,-9,26,1,26,1,-9,10000,1,53,1,,,,,,,,,,,,,,,,,,,,,,,,,,,,,,,,,,,
HL,1,LAT,BPE,LBT,-9,-9,-9,1,3,1986,W,126436,1,-9,26,1,26,1,-9,10000,1,63,1,,,,,,,,,,,,,,,,,,,,,,,,,,,,,,,,,,,
HL,1,LAT,BPE,LBT,-9,-9,-9,1,3,1986,W,126436,1,-9,26,1,26,1,-9,10000,1,64,1,,,,,,,,,,,,,,,,,,,,,,,,,,,,,,,,,,,
HL,1,LAT,BPE,LBT,-9,-9,-9,1,3,1986,W,126436,1,-9,26,1,26,1,-9,10000,1,65,1,,,,,,,,,,,,,,,,,,,,,,,,,,,,,,,,,,,
HL,1,LAT,BPE,LBT,-9,-9,-9,1,3,1986,W,126436,1,-9,26,1,26,1,-9,10000,1,68,1,,,,,,,,,,,,,,,,,,,,,,,,,,,,,,,,,,,
HL,1,LAT,BPE,LBT,-9,-9,-9,1,3,1986,W,126436,1,-9,26,1,26,1,-9,10000,1,24,1,,,,,,,,,,,,,,,,,,,,,,,,,,,,,,,,,,,
HL,1,LAT,BPE,LBT,-9,-9,-9,1,3,1986,W,126436,1,-9,26,1,26,1,-9,10000,1,42,1,,,,,,,,,,,,,,,,,,,,,,,,,,,,,,,,,,,
HL,1,LAT,BPE,LBT,-9,-9,-9,1,3,1986,W,127141,1,-9,69,1,69,1,-9,25000,1,24,1,,,,,,,,,,,,,,,,,,,,,,,,,,,,,,,,,,,
HL,1,LAT,BPE,LBT,-9,-9,-9,1,3,1986,W,126436,1,-9,26,1,26,1,-9,10000,1,39,1,,,,,,,,,,,,,,,,,,,,,,,,,,,,,,,,,,,
HL,1,LAT,BPE,LBT,-9,-9,-9,1,3,1986,W,127141,1,-9,69,1,69,1,-9,25000,1,33,2,,,,,,,,,,,,,,,,,,,,,,,,,,,,,,,,,,,
HL,1,LAT,BPE,LBT,-9,-9,-9,1,3,1986,W,126436,1,-9,26,1,26,1,-9,10000,1,26,1,,,,,,,,,,,,,,,,,,,,,,,,,,,,,,,,,,,
HL,1,LAT,BPE,LBT,-9,-9,-9,1,3,1986,W,126436,1,-9,26,1,26,1,-9,10000,1,27,3,,,,,,,,,,,,,,,,,,,,,,,,,,,,,,,,,,,
HL,1,LAT,BPE,LBT,-9,-9,-9,1,3,1986,W,127141,1,-9,69,1,69,1,-9,25000,1,22,1,,,,,,,,,,,,,,,,,,,,,,,,,,,,,,,,,,,
HL,1,LAT,BPE,LBT,-9,-9,-9,1,3,1986,W,127141,1,-9,69,1,69,1,-9,25000,1,25,1,,,,,,,,,,,,,,,,,,,,,,,,,,,,,,,,,,,
HL,1,LAT,BPE,LBT,-9,-9,-9,1,3,1986,W,127141,1,-9,69,1,69,1,-9,25000,1,26,6,,,,,,,,,,,,,,,,,,,,,,,,,,,,,,,,,,,
HL,1,LAT,BPE,LBT,-9,-9,-9,1,3,1986,W,127141,1,-9,69,1,69,1,-9,25000,1,30,7,,,,,,,,,,,,,,,,,,,,,,,,,,,,,,,,,,,
HL,1,LAT,BPE,LBT,-9,-9,-9,1,3,1986,W,127141,1,-9,69,1,69,1,-9,25000,1,32,9,,,,,,,,,,,,,,,,,,,,,,,,,,,,,,,,,,,
HL,1,LAT,BPE,LBT,-9,-9,-9,1,3,1986,W,127141,1,-9,69,1,69,1,-9,25000,1,28,10,,,,,,,,,,,,,,,,,,,,,,,,,,,,,,,,,,,
HL,1,LAT,BPE,LBT,-9,-9,-9,1,3,1986,W,127141,1,-9,69,1,69,1,-9,25000,1,31,7,,,,,,,,,,,,,,,,,,,,,,,,,,,,,,,,,,,
HL,1,LAT,BPE,LBT,-9,-9,-9,1,3,1986,W,126436,1,-9,26,1,26,1,-9,10000,1,29,1,,,,,,,,,,,,,,,,,,,,,,,,,,,,,,,,,,,
HL,1,LAT,BPE,LBT,-9,-9,-9,1,3,1986,W,127141,1,-9,69,1,69,1,-9,25000,1,27,3,,,,,,,,,,,,,,,,,,,,,,,,,,,,,,,,,,,
HL,1,LAT,BPE,LBT,-9,-9,-9,1,3,1986,W,127141,1,-9,69,1,69,1,-9,25000,1,29,10,,,,,,,,,,,,,,,,,,,,,,,,,,,,,,,,,,,
HH,1,LAT,BPE,LBT,-9,-9,-9,1,4,1986,1,9,0740,-9,80,D,58.5833,22.0833,58.5167,22.0833,46H2,30,V,-9,1,1,C,-9,-9,-9,-9,250,22,-9,3,580,-9,-9,-9,-9,-9,170,-9,-9,-9,-9,-9,-9,360,12,-9,1,0.8,1.9,-9,-9,-9,-9
HL,1,LAT,BPE,LBT,-9,-9,-9,1,4,1986,W,126436,4,-9,17,1,-9,1,-9,5000,-9,-9,-9,,,,,,,,,,,,,,,,,,,,,,,,,,,,,,,,,,,
HL,1,LAT,BPE,LBT,-9,-9,-9,1,4,1986,W,127141,4,-9,2,1,-9,1,-9,300,-9,-9,-9,,,,,,,,,,,,,,,,,,,,,,,,,,,,,,,,,,,
HH,1,LAT,BPE,LBT,-9,-9,-9,1,5,1986,1,9,1115,-9,30,D,58.6167,21.6833,58.5833,21.6500,46H1,54,I,-9,1,1,C,-9,-9,-9,-9,250,22,-9,3,580,-9,-9,-9,-9,-9,210,-9,-9,-9,-9,-9,-9,68,12,-9,1.6,0.8,3.8,-9,-9,-9,-9
HH,1,LAT,BPE,LBT,-9,-9,-9,1,6,1986,1,10,0905,-9,60,D,58.6833,21.9000,58.6333,21.8000,46H1,50,V,-9,1,1,C,-9,-9,-9,-9,250,22,-9,3,580,-9,-9,-9,-9,-9,235,-9,-9,-9,-9,-9,-9,68,10,-9,1.6,0.8,3.3,-9,-9,-9,-9
HL,1,LAT,BPE,LBT,-9,-9,-9,1,6,1986,W,126436,1,-9,70,1,70,1,-9,20000,1,27,3,,,,,,,,,,,,,,,,,,,,,,,,,,,,,,,,,,,
HL,1,LAT,BPE,LBT,-9,-9,-9,1,6,1986,W,126436,1,-9,70,1,70,1,-9,20000,1,45,1,,,,,,,,,,,,,,,,,,,,,,,,,,,,,,,,,,,
HL,1,LAT,BPE,LBT,-9,-9,-9,1,6,1986,W,126436,1,-9,70,1,70,1,-9,20000,1,36,1,,,,,,,,,,,,,,,,,,,,,,,,,,,,,,,,,,,
HL,1,LAT,BPE,LBT,-9,-9,-9,1,6,1986,W,126436,1,-9,70,1,70,1,-9,20000,1,53,1,,,,,,,,,,,,,,,,,,,,,,,,,,,,,,,,,,,
HL,1,LAT,BPE,LBT,-9,-9,-9,1,6,1986,W,126436,1,-9,70,1,70,1,-9,20000,1,33,1,,,,,,,,,,,,,,,,,,,,,,,,,,,,,,,,,,,
HL,1,LAT,BPE,LBT,-9,-9,-9,1,6,1986,W,126436,1,-9,70,1,70,1,-9,20000,1,30,1,,,,,,,,,,,,,,,,,,,,,,,,,,,,,,,,,,,
HL,1,LAT,BPE,LBT,-9,-9,-9,1,6,1986,W,126436,1,-9,70,1,70,1,-9,20000,1,29,3,,,,,,,,,,,,,,,,,,,,,,,,,,,,,,,,,,,
HL,1,LAT,BPE,LBT,-9,-9,-9,1,6,1986,W,126436,1,-9,70,1,70,1,-9,20000,1,28,3,,,,,,,,,,,,,,,,,,,,,,,,,,,,,,,,,,,
HL,1,LAT,BPE,LBT,-9,-9,-9,1,6,1986,W,126436,1,-9,70,1,70,1,-9,20000,1,26,5,,,,,,,,,,,,,,,,,,,,,,,,,,,,,,,,,,,
HL,1,LAT,BPE,LBT,-9,-9,-9,1,6,1986,W,126436,1,-9,70,1,70,1,-9,20000,1,25,13,,,,,,,,,,,,,,,,,,,,,,,,,,,,,,,,,,,
HL,1,LAT,BPE,LBT,-9,-9,-9,1,6,1986,W,126436,1,-9,70,1,70,1,-9,20000,1,24,14,,,,,,,,,,,,,,,,,,,,,,,,,,,,,,,,,,,
HL,1,LAT,BPE,LBT,-9,-9,-9,1,6,1986,W,126436,1,-9,70,1,70,1,-9,20000,1,23,10,,,,,,,,,,,,,,,,,,,,,,,,,,,,,,,,,,,
HL,1,LAT,BPE,LBT,-9,-9,-9,1,6,1986,W,126436,1,-9,70,1,70,1,-9,20000,1,22,4,,,,,,,,,,,,,,,,,,,,,,,,,,,,,,,,,,,
HL,1,LAT,BPE,LBT,-9,-9,-9,1,6,1986,W,126436,1,-9,70,1,70,1,-9,20000,1,19,1,,,,,,,,,,,,,,,,,,,,,,,,,,,,,,,,,,,
HL,1,LAT,BPE,LBT,-9,-9,-9,1,6,1986,W,126436,1,-9,70,1,70,1,-9,20000,1,21,9,,,,,,,,,,,,,,,,,,,,,,,,,,,,,,,,,,,
HH,1,LAT,BPE,LBT,-9,-9,-9,1,7,1986,1,10,1125,-9,60,D,58.6667,21.5500,58.5833,21.4833,46H1,70,V,-9,1,1,C,-9,-9,-9,-9,250,22,-9,3,580,-9,-9,-9,-9,-9,201,-9,-9,-9,-9,-9,-9,68,10,-9,1.6,1.6,4.2,-9,-9,-9,-9
HL,1,LAT,BPE,LBT,-9,-9,-9,1,7,1986,W,126436,1,-9,158,1,158,1,-9,100000,1,26,6,,,,,,,,,,,,,,,,,,,,,,,,,,,,,,,,,,,
HL,1,LAT,BPE,LBT,-9,-9,-9,1,7,1986,W,126436,1,-9,158,1,158,1,-9,100000,1,40,6,,,,,,,,,,,,,,,,,,,,,,,,,,,,,,,,,,,
HL,1,LAT,BPE,LBT,-9,-9,-9,1,7,1986,W,126436,1,-9,158,1,158,1,-9,100000,1,22,3,,,,,,,,,,,,,,,,,,,,,,,,,,,,,,,,,,,
HL,1,LAT,BPE,LBT,-9,-9,-9,1,7,1986,W,126436,1,-9,158,1,158,1,-9,100000,1,23,3,,,,,,,,,,,,,,,,,,,,,,,,,,,,,,,,,,,
HL,1,LAT,BPE,LBT,-9,-9,-9,1,7,1986,W,126436,1,-9,158,1,158,1,-9,100000,1,24,6,,,,,,,,,,,,,,,,,,,,,,,,,,,,,,,,,,,
HL,1,LAT,BPE,LBT,-9,-9,-9,1,7,1986,W,126436,1,-9,158,1,158,1,-9,100000,1,25,2,,,,,,,,,,,,,,,,,,,,,,,,,,,,,,,,,,,
HL,1,LAT,BPE,LBT,-9,-9,-9,1,7,1986,W,126436,1,-9,158,1,158,1,-9,100000,1,61,1,,,,,,,,,,,,,,,,,,,,,,,,,,,,,,,,,,,
HL,1,LAT,BPE,LBT,-9,-9,-9,1,7,1986,W,126436,1,-9,158,1,158,1,-9,100000,1,38,8,,,,,,,,,,,,,,,,,,,,,,,,,,,,,,,,,,,
HL,1,LAT,BPE,LBT,-9,-9,-9,1,7,1986,W,126436,1,-9,158,1,158,1,-9,100000,1,51,1,,,,,,,,,,,,,,,,,,,,,,,,,,,,,,,,,,,
HL,1,LAT,BPE,LBT,-9,-9,-9,1,7,1986,W,126436,1,-9,158,1,158,1,-9,100000,1,53,1,,,,,,,,,,,,,,,,,,,,,,,,,,,,,,,,,,,
HL,1,LAT,BPE,LBT,-9,-9,-9,1,7,1986,W,126436,1,-9,158,1,158,1,-9,100000,1,55,4,,,,,,,,,,,,,,,,,,,,,,,,,,,,,,,,,,,
HL,1,LAT,BPE,LBT,-9,-9,-9,1,7,1986,W,126436,1,-9,158,1,158,1,-9,100000,1,56,1,,,,,,,,,,,,,,,,,,,,,,,,,,,,,,,,,,,
HL,1,LAT,BPE,LBT,-9,-9,-9,1,7,1986,W,126436,1,-9,158,1,158,1,-9,100000,1,57,1,,,,,,,,,,,,,,,,,,,,,,,,,,,,,,,,,,,
HL,1,LAT,BPE,LBT,-9,-9,-9,1,7,1986,W,126436,1,-9,158,1,158,1,-9,100000,1,58,2,,,,,,,,,,,,,,,,,,,,,,,,,,,,,,,,,,,
HL,1,LAT,BPE,LBT,-9,-9,-9,1,7,1986,W,126436,1,-9,158,1,158,1,-9,100000,1,48,7,,,,,,,,,,,,,,,,,,,,,,,,,,,,,,,,,,,
HL,1,LAT,BPE,LBT,-9,-9,-9,1,7,1986,W,126436,1,-9,158,1,158,1,-9,100000,1,60,1,,,,,,,,,,,,,,,,,,,,,,,,,,,,,,,,,,,
HL,1,LAT,BPE,LBT,-9,-9,-9,1,7,1986,W,126436,1,-9,158,1,158,1,-9,100000,1,47,3,,,,,,,,,,,,,,,,,,,,,,,,,,,,,,,,,,,
HL,1,LAT,BPE,LBT,-9,-9,-9,1,7,1986,W,126436,1,-9,158,1,158,1,-9,100000,1,62,1,,,,,,,,,,,,,,,,,,,,,,,,,,,,,,,,,,,
HL,1,LAT,BPE,LBT,-9,-9,-9,1,7,1986,W,126436,1,-9,158,1,158,1,-9,100000,1,63,2,,,,,,,,,,,,,,,,,,,,,,,,,,,,,,,,,,,
HL,1,LAT,BPE,LBT,-9,-9,-9,1,7,1986,W,126436,1,-9,158,1,158,1,-9,100000,1,64,1,,,,,,,,,,,,,,,,,,,,,,,,,,,,,,,,,,,
HL,1,LAT,BPE,LBT,-9,-9,-9,1,7,1986,W,127141,4,-9,4,1,-9,1,-9,1000,-9,-9,-9,,,,,,,,,,,,,,,,,,,,,,,,,,,,,,,,,,,
HL,1,LAT,BPE,LBT,-9,-9,-9,1,7,1986,W,126436,1,-9,158,1,158,1,-9,100000,1,65,1,,,,,,,,,,,,,,,,,,,,,,,,,,,,,,,,,,,
HL,1,LAT,BPE,LBT,-9,-9,-9,1,7,1986,W,126436,1,-9,158,1,158,1,-9,100000,1,69,1,,,,,,,,,,,,,,,,,,,,,,,,,,,,,,,,,,,
HL,1,LAT,BPE,LBT,-9,-9,-9,1,7,1986,W,126436,1,-9,158,1,158,1,-9,100000,1,70,1,,,,,,,,,,,,,,,,,,,,,,,,,,,,,,,,,,,
HL,1,LAT,BPE,LBT,-9,-9,-9,1,7,1986,W,126436,1,-9,158,1,158,1,-9,100000,1,74,1,,,,,,,,,,,,,,,,,,,,,,,,,,,,,,,,,,,
HL,1,LAT,BPE,LBT,-9,-9,-9,1,7,1986,W,126436,1,-9,158,1,158,1,-9,100000,1,59,2,,,,,,,,,,,,,,,,,,,,,,,,,,,,,,,,,,,
HL,1,LAT,BPE,LBT,-9,-9,-9,1,7,1986,W,126436,1,-9,158,1,158,1,-9,100000,1,37,3,,,,,,,,,,,,,,,,,,,,,,,,,,,,,,,,,,,
HL,1,LAT,BPE,LBT,-9,-9,-9,1,7,1986,W,126436,1,-9,158,1,158,1,-9,100000,1,28,10,,,,,,,,,,,,,,,,,,,,,,,,,,,,,,,,,,,
HL,1,LAT,BPE,LBT,-9,-9,-9,1,7,1986,W,126436,1,-9,158,1,158,1,-9,100000,1,29,3,,,,,,,,,,,,,,,,,,,,,,,,,,,,,,,,,,,
HL,1,LAT,BPE,LBT,-9,-9,-9,1,7,1986,W,126436,1,-9,158,1,158,1,-9,100000,1,30,6,,,,,,,,,,,,,,,,,,,,,,,,,,,,,,,,,,,
HL,1,LAT,BPE,LBT,-9,-9,-9,1,7,1986,W,126436,1,-9,158,1,158,1,-9,100000,1,31,3,,,,,,,,,,,,,,,,,,,,,,,,,,,,,,,,,,,
HL,1,LAT,BPE,LBT,-9,-9,-9,1,7,1986,W,126436,1,-9,158,1,158,1,-9,100000,1,32,5,,,,,,,,,,,,,,,,,,,,,,,,,,,,,,,,,,,
HL,1,LAT,BPE,LBT,-9,-9,-9,1,7,1986,W,126436,1,-9,158,1,158,1,-9,100000,1,33,4,,,,,,,,,,,,,,,,,,,,,,,,,,,,,,,,,,,
HL,1,LAT,BPE,LBT,-9,-9,-9,1,7,1986,W,126436,1,-9,158,1,158,1,-9,100000,1,34,3,,,,,,,,,,,,,,,,,,,,,,,,,,,,,,,,,,,
HL,1,LAT,BPE,LBT,-9,-9,-9,1,7,1986,W,126436,1,-9,158,1,158,1,-9,100000,1,49,1,,,,,,,,,,,,,,,,,,,,,,,,,,,,,,,,,,,
HL,1,LAT,BPE,LBT,-9,-9,-9,1,7,1986,W,126436,1,-9,158,1,158,1,-9,100000,1,36,5,,,,,,,,,,,,,,,,,,,,,,,,,,,,,,,,,,,
HL,1,LAT,BPE,LBT,-9,-9,-9,1,7,1986,W,126436,1,-9,158,1,158,1,-9,100000,1,27,6,,,,,,,,,,,,,,,,,,,,,,,,,,,,,,,,,,,
HL,1,LAT,BPE,LBT,-9,-9,-9,1,7,1986,W,126436,1,-9,158,1,158,1,-9,100000,1,39,9,,,,,,,,,,,,,,,,,,,,,,,,,,,,,,,,,,,
HL,1,LAT,BPE,LBT,-9,-9,-9,1,7,1986,W,126436,1,-9,158,1,158,1,-9,100000,1,50,2,,,,,,,,,,,,,,,,,,,,,,,,,,,,,,,,,,,
HL,1,LAT,BPE,LBT,-9,-9,-9,1,7,1986,W,126436,1,-9,158,1,158,1,-9,100000,1,41,5,,,,,,,,,,,,,,,,,,,,,,,,,,,,,,,,,,,
HL,1,LAT,BPE,LBT,-9,-9,-9,1,7,1986,W,126436,1,-9,158,1,158,1,-9,100000,1,42,2,,,,,,,,,,,,,,,,,,,,,,,,,,,,,,,,,,,
HL,1,LAT,BPE,LBT,-9,-9,-9,1,7,1986,W,126436,1,-9,158,1,158,1,-9,100000,1,43,9,,,,,,,,,,,,,,,,,,,,,,,,,,,,,,,,,,,
HL,1,LAT,BPE,LBT,-9,-9,-9,1,7,1986,W,126436,1,-9,158,1,158,1,-9,100000,1,44,3,,,,,,,,,,,,,,,,,,,,,,,,,,,,,,,,,,,
HL,1,LAT,BPE,LBT,-9,-9,-9,1,7,1986,W,126436,1,-9,158,1,158,1,-9,100000,1,45,2,,,,,,,,,,,,,,,,,,,,,,,,,,,,,,,,,,,
HL,1,LAT,BPE,LBT,-9,-9,-9,1,7,1986,W,126436,1,-9,158,1,158,1,-9,100000,1,46,1,,,,,,,,,,,,,,,,,,,,,,,,,,,,,,,,,,,
HL,1,LAT,BPE,LBT,-9,-9,-9,1,7,1986,W,126436,1,-9,158,1,158,1,-9,100000,1,35,6,,,,,,,,,,,,,,,,,,,,,,,,,,,,,,,,,,,
HL,1,LAT,BPE,LBT,-9,-9,-9,1,7,1986,W,126436,1,-9,158,1,158,1,-9,100000,1,52,4,,,,,,,,,,,,,,,,,,,,,,,,,,,,,,,,,,,
CA,1,LAT,BPE,LBT,-9,-9,-9,1,7,1986,W,126436,4,29,1,50,M,III,-9,6,1,1200,,,,,,,,,,,,,,,,,,,,,,,,,,,,,,,,,,,,
CA,1,LAT,BPE,LBT,-9,-9,-9,1,7,1986,W,126436,4,29,1,44,F,III,-9,5,1,840,,,,,,,,,,,,,,,,,,,,,,,,,,,,,,,,,,,,
CA,1,LAT,BPE,LBT,-9,-9,-9,1,7,1986,W,126436,4,29,1,42,F,II,-9,5,1,800,,,,,,,,,,,,,,,,,,,,,,,,,,,,,,,,,,,,
CA,1,LAT,BPE,LBT,-9,-9,-9,1,7,1986,W,126436,4,29,1,52,F,III,-9,4,1,1410,,,,,,,,,,,,,,,,,,,,,,,,,,,,,,,,,,,,
CA,1,LAT,BPE,LBT,-9,-9,-9,1,7,1986,W,126436,4,29,1,48,F,III,-9,5,1,1050,,,,,,,,,,,,,,,,,,,,,,,,,,,,,,,,,,,,
CA,1,LAT,BPE,LBT,-9,-9,-9,1,7,1986,W,126436,4,29,1,30,M,II,-9,3,1,280,,,,,,,,,,,,,,,,,,,,,,,,,,,,,,,,,,,,
CA,1,LAT,BPE,LBT,-9,-9,-9,1,7,1986,W,126436,4,29,1,41,M,II,-9,4,1,660,,,,,,,,,,,,,,,,,,,,,,,,,,,,,,,,,,,,
CA,1,LAT,BPE,LBT,-9,-9,-9,1,7,1986,W,126436,4,29,1,65,F,III,-9,6,1,2450,,,,,,,,,,,,,,,,,,,,,,,,,,,,,,,,,,,,
CA,1,LAT,BPE,LBT,-9,-9,-9,1,7,1986,W,126436,4,29,1,41,F,II,-9,4,1,660,,,,,,,,,,,,,,,,,,,,,,,,,,,,,,,,,,,,
CA,1,LAT,BPE,LBT,-9,-9,-9,1,7,1986,W,126436,4,29,1,33,M,II,-9,2,1,320,,,,,,,,,,,,,,,,,,,,,,,,,,,,,,,,,,,,
CA,1,LAT,BPE,LBT,-9,-9,-9,1,7,1986,W,126436,4,29,1,47,F,II,-9,5,1,900,,,,,,,,,,,,,,,,,,,,,,,,,,,,,,,,,,,,
CA,1,LAT,BPE,LBT,-9,-9,-9,1,7,1986,W,126436,4,29,1,48,M,II,-9,6,1,1380,,,,,,,,,,,,,,,,,,,,,,,,,,,,,,,,,,,,
CA,1,LAT,BPE,LBT,-9,-9,-9,1,7,1986,W,126436,4,29,1,39,F,II,-9,3,1,600,,,,,,,,,,,,,,,,,,,,,,,,,,,,,,,,,,,,
CA,1,LAT,BPE,LBT,-9,-9,-9,1,7,1986,W,126436,4,29,1,28,M,II,-9,2,1,200,,,,,,,,,,,,,,,,,,,,,,,,,,,,,,,,,,,,
CA,1,LAT,BPE,LBT,-9,-9,-9,1,7,1986,W,126436,4,29,1,43,M,II,-9,5,1,780,,,,,,,,,,,,,,,,,,,,,,,,,,,,,,,,,,,,
CA,1,LAT,BPE,LBT,-9,-9,-9,1,7,1986,W,126436,4,29,1,49,F,III,-9,7,1,1400,,,,,,,,,,,,,,,,,,,,,,,,,,,,,,,,,,,,
CA,1,LAT,BPE,LBT,-9,-9,-9,1,7,1986,W,126436,4,29,1,26,F,II,-9,2,1,170,,,,,,,,,,,,,,,,,,,,,,,,,,,,,,,,,,,,
CA,1,LAT,BPE,LBT,-9,-9,-9,1,7,1986,W,126436,4,29,1,38,M,II,-9,2,1,500,,,,,,,,,,,,,,,,,,,,,,,,,,,,,,,,,,,,
CA,1,LAT,BPE,LBT,-9,-9,-9,1,7,1986,W,126436,4,29,1,41,F,II,-9,-9,1,800,,,,,,,,,,,,,,,,,,,,,,,,,,,,,,,,,,,,
CA,1,LAT,BPE,LBT,-9,-9,-9,1,7,1986,W,126436,4,29,1,48,F,II,-9,3,1,585,,,,,,,,,,,,,,,,,,,,,,,,,,,,,,,,,,,,
CA,1,LAT,BPE,LBT,-9,-9,-9,1,7,1986,W,126436,4,29,1,40,F,II,-9,4,1,520,,,,,,,,,,,,,,,,,,,,,,,,,,,,,,,,,,,,
CA,1,LAT,BPE,LBT,-9,-9,-9,1,7,1986,W,126436,4,29,1,35,M,II,-9,-9,1,360,,,,,,,,,,,,,,,,,,,,,,,,,,,,,,,,,,,,
CA,1,LAT,BPE,LBT,-9,-9,-9,1,7,1986,W,126436,4,29,1,35,F,II,-9,3,1,430,,,,,,,,,,,,,,,,,,,,,,,,,,,,,,,,,,,,
CA,1,LAT,BPE,LBT,-9,-9,-9,1,7,1986,W,126436,4,29,1,43,F,III,-9,-9,1,740,,,,,,,,,,,,,,,,,,,,,,,,,,,,,,,,,,,,
CA,1,LAT,BPE,LBT,-9,-9,-9,1,7,1986,W,126436,4,29,1,34,M,II,-9,3,1,340,,,,,,,,,,,,,,,,,,,,,,,,,,,,,,,,,,,,
CA,1,LAT,BPE,LBT,-9,-9,-9,1,7,1986,W,126436,4,29,1,35,M,II,-9,3,1,360,,,,,,,,,,,,,,,,,,,,,,,,,,,,,,,,,,,,
CA,1,LAT,BPE,LBT,-9,-9,-9,1,7,1986,W,126436,4,29,1,28,M,II,-9,2,1,200,,,,,,,,,,,,,,,,,,,,,,,,,,,,,,,,,,,,
CA,1,LAT,BPE,LBT,-9,-9,-9,1,7,1986,W,126436,4,29,1,34,M,II,-9,-9,1,430,,,,,,,,,,,,,,,,,,,,,,,,,,,,,,,,,,,,
CA,1,LAT,BPE,LBT,-9,-9,-9,1,7,1986,W,126436,4,29,1,40,M,II,-9,3,1,660,,,,,,,,,,,,,,,,,,,,,,,,,,,,,,,,,,,,
CA,1,LAT,BPE,LBT,-9,-9,-9,1,7,1986,W,126436,4,29,1,58,M,III,-9,6,1,2100,,,,,,,,,,,,,,,,,,,,,,,,,,,,,,,,,,,,
CA,1,LAT,BPE,LBT,-9,-9,-9,1,7,1986,W,126436,4,29,1,51,M,III,-9,5,1,1520,,,,,,,,,,,,,,,,,,,,,,,,,,,,,,,,,,,,
CA,1,LAT,BPE,LBT,-9,-9,-9,1,7,1986,W,126436,4,29,1,59,M,III,-9,6,1,2150,,,,,,,,,,,,,,,,,,,,,,,,,,,,,,,,,,,,
CA,1,LAT,BPE,LBT,-9,-9,-9,1,7,1986,W,126436,4,29,1,52,F,II,-9,8,1,1630,,,,,,,,,,,,,,,,,,,,,,,,,,,,,,,,,,,,
CA,1,LAT,BPE,LBT,-9,-9,-9,1,7,1986,W,126436,4,29,1,63,F,III,-9,6,1,2430,,,,,,,,,,,,,,,,,,,,,,,,,,,,,,,,,,,,
CA,1,LAT,BPE,LBT,-9,-9,-9,1,7,1986,W,126436,4,29,1,50,M,II,-9,5,1,1250,,,,,,,,,,,,,,,,,,,,,,,,,,,,,,,,,,,,
CA,1,LAT,BPE,LBT,-9,-9,-9,1,7,1986,W,126436,4,29,1,32,F,II,-9,2,1,410,,,,,,,,,,,,,,,,,,,,,,,,,,,,,,,,,,,,
CA,1,LAT,BPE,LBT,-9,-9,-9,1,7,1986,W,126436,4,29,1,38,M,II,-9,4,1,450,,,,,,,,,,,,,,,,,,,,,,,,,,,,,,,,,,,,
CA,1,LAT,BPE,LBT,-9,-9,-9,1,7,1986,W,126436,4,29,1,43,F,II,-9,-9,1,870,,,,,,,,,,,,,,,,,,,,,,,,,,,,,,,,,,,,
CA,1,LAT,BPE,LBT,-9,-9,-9,1,7,1986,W,126436,4,29,1,39,F,II,-9,3,1,560,,,,,,,,,,,,,,,,,,,,,,,,,,,,,,,,,,,,
CA,1,LAT,BPE,LBT,-9,-9,-9,1,7,1986,W,126436,4,29,1,45,M,II,-9,5,1,820,,,,,,,,,,,,,,,,,,,,,,,,,,,,,,,,,,,,
CA,1,LAT,BPE,LBT,-9,-9,-9,1,7,1986,W,126436,4,29,1,41,M,II,-9,4,1,700,,,,,,,,,,,,,,,,,,,,,,,,,,,,,,,,,,,,
CA,1,LAT,BPE,LBT,-9,-9,-9,1,7,1986,W,126436,4,29,1,43,F,II,-9,4,1,820,,,,,,,,,,,,,,,,,,,,,,,,,,,,,,,,,,,,
CA,1,LAT,BPE,LBT,-9,-9,-9,1,7,1986,W,126436,4,29,1,56,M,II,-9,6,1,1700,,,,,,,,,,,,,,,,,,,,,,,,,,,,,,,,,,,,
CA,1,LAT,BPE,LBT,-9,-9,-9,1,7,1986,W,126436,4,29,1,48,F,III,-9,-9,1,1000,,,,,,,,,,,,,,,,,,,,,,,,,,,,,,,,,,,,
CA,1,LAT,BPE,LBT,-9,-9,-9,1,7,1986,W,126436,4,29,1,33,M,II,-9,2,1,350,,,,,,,,,,,,,,,,,,,,,,,,,,,,,,,,,,,,
CA,1,LAT,BPE,LBT,-9,-9,-9,1,7,1986,W,126436,4,29,1,24,F,II,-9,2,1,135,,,,,,,,,,,,,,,,,,,,,,,,,,,,,,,,,,,,
CA,1,LAT,BPE,LBT,-9,-9,-9,1,7,1986,W,126436,4,29,1,31,M,II,-9,2,1,250,,,,,,,,,,,,,,,,,,,,,,,,,,,,,,,,,,,,
CA,1,LAT,BPE,LBT,-9,-9,-9,1,7,1986,W,126436,4,29,1,28,M,II,-9,2,1,230,,,,,,,,,,,,,,,,,,,,,,,,,,,,,,,,,,,,
CA,1,LAT,BPE,LBT,-9,-9,-9,1,7,1986,W,126436,4,29,1,28,F,II,-9,2,1,225,,,,,,,,,,,,,,,,,,,,,,,,,,,,,,,,,,,,
CA,1,LAT,BPE,LBT,-9,-9,-9,1,7,1986,W,126436,4,29,1,25,F,II,-9,-9,1,155,,,,,,,,,,,,,,,,,,,,,,,,,,,,,,,,,,,,
CA,1,LAT,BPE,LBT,-9,-9,-9,1,7,1986,W,126436,4,29,1,28,M,II,-9,2,1,225,,,,,,,,,,,,,,,,,,,,,,,,,,,,,,,,,,,,
CA,1,LAT,BPE,LBT,-9,-9,-9,1,7,1986,W,126436,4,29,1,43,M,III,-9,5,1,900,,,,,,,,,,,,,,,,,,,,,,,,,,,,,,,,,,,,
CA,1,LAT,BPE,LBT,-9,-9,-9,1,7,1986,W,126436,4,29,1,28,F,II,-9,2,1,230,,,,,,,,,,,,,,,,,,,,,,,,,,,,,,,,,,,,
CA,1,LAT,BPE,LBT,-9,-9,-9,1,7,1986,W,126436,4,29,1,60,M,II,-9,8,1,1900,,,,,,,,,,,,,,,,,,,,,,,,,,,,,,,,,,,,
CA,1,LAT,BPE,LBT,-9,-9,-9,1,7,1986,W,126436,4,29,1,26,F,II,-9,-9,1,165,,,,,,,,,,,,,,,,,,,,,,,,,,,,,,,,,,,,
CA,1,LAT,BPE,LBT,-9,-9,-9,1,7,1986,W,126436,4,29,1,26,F,II,-9,2,1,210,,,,,,,,,,,,,,,,,,,,,,,,,,,,,,,,,,,,
CA,1,LAT,BPE,LBT,-9,-9,-9,1,7,1986,W,126436,4,29,1,36,F,II,-9,4,1,520,,,,,,,,,,,,,,,,,,,,,,,,,,,,,,,,,,,,
CA,1,LAT,BPE,LBT,-9,-9,-9,1,7,1986,W,126436,4,29,1,55,F,III,-9,6,1,1600,,,,,,,,,,,,,,,,,,,,,,,,,,,,,,,,,,,,
CA,1,LAT,BPE,LBT,-9,-9,-9,1,7,1986,W,126436,4,29,1,63,F,III,-9,8,1,2350,,,,,,,,,,,,,,,,,,,,,,,,,,,,,,,,,,,,
CA,1,LAT,BPE,LBT,-9,-9,-9,1,7,1986,W,126436,4,29,1,28,M,II,-9,2,1,265,,,,,,,,,,,,,,,,,,,,,,,,,,,,,,,,,,,,
CA,1,LAT,BPE,LBT,-9,-9,-9,1,7,1986,W,126436,4,29,1,26,F,II,-9,2,1,170,,,,,,,,,,,,,,,,,,,,,,,,,,,,,,,,,,,,
CA,1,LAT,BPE,LBT,-9,-9,-9,1,7,1986,W,126436,4,29,1,52,F,III,-9,4,1,1150,,,,,,,,,,,,,,,,,,,,,,,,,,,,,,,,,,,,
CA,1,LAT,BPE,LBT,-9,-9,-9,1,7,1986,W,126436,4,29,1,48,M,II,-9,5,1,1170,,,,,,,,,,,,,,,,,,,,,,,,,,,,,,,,,,,,
CA,1,LAT,BPE,LBT,-9,-9,-9,1,7,1986,W,126436,4,29,1,36,M,II,-9,2,1,470,,,,,,,,,,,,,,,,,,,,,,,,,,,,,,,,,,,,
CA,1,LAT,BPE,LBT,-9,-9,-9,1,7,1986,W,126436,4,29,1,32,M,II,-9,3,1,300,,,,,,,,,,,,,,,,,,,,,,,,,,,,,,,,,,,,
CA,1,LAT,BPE,LBT,-9,-9,-9,1,7,1986,W,126436,4,29,1,40,M,II,-9,4,1,650,,,,,,,,,,,,,,,,,,,,,,,,,,,,,,,,,,,,
CA,1,LAT,BPE,LBT,-9,-9,-9,1,7,1986,W,126436,4,29,1,32,F,II,-9,2,1,310,,,,,,,,,,,,,,,,,,,,,,,,,,,,,,,,,,,,
CA,1,LAT,BPE,LBT,-9,-9,-9,1,7,1986,W,126436,4,29,1,47,F,III,-9,5,1,930,,,,,,,,,,,,,,,,,,,,,,,,,,,,,,,,,,,,
CA,1,LAT,BPE,LBT,-9,-9,-9,1,7,1986,W,126436,4,29,1,59,F,III,-9,7,1,2170,,,,,,,,,,,,,,,,,,,,,,,,,,,,,,,,,,,,
CA,1,LAT,BPE,LBT,-9,-9,-9,1,7,1986,W,126436,4,29,1,44,F,III,-9,5,1,840,,,,,,,,,,,,,,,,,,,,,,,,,,,,,,,,,,,,
CA,1,LAT,BPE,LBT,-9,-9,-9,1,7,1986,W,126436,4,29,1,38,F,II,-9,4,1,580,,,,,,,,,,,,,,,,,,,,,,,,,,,,,,,,,,,,
CA,1,LAT,BPE,LBT,-9,-9,-9,1,7,1986,W,126436,4,29,1,74,F,II,-9,7,1,3590,,,,,,,,,,,,,,,,,,,,,,,,,,,,,,,,,,,,
CA,1,LAT,BPE,LBT,-9,-9,-9,1,7,1986,W,126436,4,29,1,43,M,II,-9,3,1,650,,,,,,,,,,,,,,,,,,,,,,,,,,,,,,,,,,,,
CA,1,LAT,BPE,LBT,-9,-9,-9,1,7,1986,W,126436,4,29,1,38,F,II,-9,3,1,520,,,,,,,,,,,,,,,,,,,,,,,,,,,,,,,,,,,,
CA,1,LAT,BPE,LBT,-9,-9,-9,1,7,1986,W,126436,4,29,1,38,F,II,-9,3,1,580,,,,,,,,,,,,,,,,,,,,,,,,,,,,,,,,,,,,
CA,1,LAT,BPE,LBT,-9,-9,-9,1,7,1986,W,126436,4,29,1,37,F,II,-9,3,1,520,,,,,,,,,,,,,,,,,,,,,,,,,,,,,,,,,,,,
CA,1,LAT,BPE,LBT,-9,-9,-9,1,7,1986,W,126436,4,29,1,52,F,II,-9,3,1,480,,,,,,,,,,,,,,,,,,,,,,,,,,,,,,,,,,,,
CA,1,LAT,BPE,LBT,-9,-9,-9,1,7,1986,W,126436,4,29,1,62,F,II,-9,6,1,2000,,,,,,,,,,,,,,,,,,,,,,,,,,,,,,,,,,,,
CA,1,LAT,BPE,LBT,-9,-9,-9,1,7,1986,W,126436,4,29,1,29,F,II,-9,2,1,200,,,,,,,,,,,,,,,,,,,,,,,,,,,,,,,,,,,,
CA,1,LAT,BPE,LBT,-9,-9,-9,1,7,1986,W,126436,4,29,1,53,F,III,-9,5,1,1470,,,,,,,,,,,,,,,,,,,,,,,,,,,,,,,,,,,,
CA,1,LAT,BPE,LBT,-9,-9,-9,1,7,1986,W,126436,4,29,1,47,F,II,-9,5,1,1000,,,,,,,,,,,,,,,,,,,,,,,,,,,,,,,,,,,,
CA,1,LAT,BPE,LBT,-9,-9,-9,1,7,1986,W,126436,4,29,1,43,F,II,-9,3,1,660,,,,,,,,,,,,,,,,,,,,,,,,,,,,,,,,,,,,
CA,1,LAT,BPE,LBT,-9,-9,-9,1,7,1986,W,126436,4,29,1,37,M,II,-9,-9,1,520,,,,,,,,,,,,,,,,,,,,,,,,,,,,,,,,,,,,
CA,1,LAT,BPE,LBT,-9,-9,-9,1,7,1986,W,126436,4,29,1,61,F,III,-9,7,1,2470,,,,,,,,,,,,,,,,,,,,,,,,,,,,,,,,,,,,
CA,1,LAT,BPE,LBT,-9,-9,-9,1,7,1986,W,126436,4,29,1,42,F,III,-9,5,1,920,,,,,,,,,,,,,,,,,,,,,,,,,,,,,,,,,,,,
CA,1,LAT,BPE,LBT,-9,-9,-9,1,7,1986,W,126436,4,29,1,31,F,II,-9,2,1,300,,,,,,,,,,,,,,,,,,,,,,,,,,,,,,,,,,,,
CA,1,LAT,BPE,LBT,-9,-9,-9,1,7,1986,W,126436,4,29,1,31,F,II,-9,2,1,320,,,,,,,,,,,,,,,,,,,,,,,,,,,,,,,,,,,,
CA,1,LAT,BPE,LBT,-9,-9,-9,1,7,1986,W,126436,4,29,1,29,M,II,-9,2,1,220,,,,,,,,,,,,,,,,,,,,,,,,,,,,,,,,,,,,
CA,1,LAT,BPE,LBT,-9,-9,-9,1,7,1986,W,126436,4,29,1,48,M,II,-9,8,1,1130,,,,,,,,,,,,,,,,,,,,,,,,,,,,,,,,,,,,
CA,1,LAT,BPE,LBT,-9,-9,-9,1,7,1986,W,126436,4,29,1,48,M,II,-9,8,1,660,,,,,,,,,,,,,,,,,,,,,,,,,,,,,,,,,,,,
CA,1,LAT,BPE,LBT,-9,-9,-9,1,7,1986,W,126436,4,29,1,30,F,II,-9,2,1,240,,,,,,,,,,,,,,,,,,,,,,,,,,,,,,,,,,,,
CA,1,LAT,BPE,LBT,-9,-9,-9,1,7,1986,W,126436,4,29,1,35,F,II,-9,2,1,350,,,,,,,,,,,,,,,,,,,,,,,,,,,,,,,,,,,,
CA,1,LAT,BPE,LBT,-9,-9,-9,1,7,1986,W,126436,4,29,1,40,F,II,-9,4,1,670,,,,,,,,,,,,,,,,,,,,,,,,,,,,,,,,,,,,
CA,1,LAT,BPE,LBT,-9,-9,-9,1,7,1986,W,126436,4,29,1,44,M,II,-9,8,1,900,,,,,,,,,,,,,,,,,,,,,,,,,,,,,,,,,,,,
CA,1,LAT,BPE,LBT,-9,-9,-9,1,7,1986,W,126436,4,29,1,55,F,III,-9,6,1,1600,,,,,,,,,,,,,,,,,,,,,,,,,,,,,,,,,,,,
CA,1,LAT,BPE,LBT,-9,-9,-9,1,7,1986,W,126436,4,29,1,45,M,II,-9,5,1,840,,,,,,,,,,,,,,,,,,,,,,,,,,,,,,,,,,,,
CA,1,LAT,BPE,LBT,-9,-9,-9,1,7,1986,W,126436,4,29,1,39,F,II,-9,-9,1,600,,,,,,,,,,,,,,,,,,,,,,,,,,,,,,,,,,,,
CA,1,LAT,BPE,LBT,-9,-9,-9,1,7,1986,W,126436,4,29,1,35,M,II,-9,3,1,640,,,,,,,,,,,,,,,,,,,,,,,,,,,,,,,,,,,,
CA,1,LAT,BPE,LBT,-9,-9,-9,1,7,1986,W,126436,4,29,1,36,F,II,-9,3,1,420,,,,,,,,,,,,,,,,,,,,,,,,,,,,,,,,,,,,
CA,1,LAT,BPE,LBT,-9,-9,-9,1,7,1986,W,126436,4,29,1,64,F,III,-9,7,1,2850,,,,,,,,,,,,,,,,,,,,,,,,,,,,,,,,,,,,
HH,1,LAT,BPE,LBT,-9,-9,-9,1,8,1986,1,10,1335,-9,60,D,58.5500,21.3667,58.5000,21.3333,46H1,95,V,-9,1,1,C,-9,-9,-9,-9,250,22,-9,3,580,-9,-9,-9,-9,-9,195,-9,-9,-9,-9,-9,-9,360,6,-9,1,3.3,3.8,-9,-9,-9,-9
HL,1,LAT,BPE,LBT,-9,-9,-9,1,8,1986,W,127141,4,-9,4,1,-9,1,-9,1000,-9,-9,-9,,,,,,,,,,,,,,,,,,,,,,,,,,,,,,,,,,,
HL,1,LAT,BPE,LBT,-9,-9,-9,1,8,1986,W,126436,4,-9,14,1,-9,1,-9,8000,-9,-9,-9,,,,,,,,,,,,,,,,,,,,,,,,,,,,,,,,,,,
HH,1,LAT,BPE,LBT,-9,-9,-9,1,9,1986,1,11,0800,-9,50,D,57.9333,21.3333,58.0167,21.2833,44H1,60,V,-9,1,1,C,-9,-9,-9,-9,250,22,-9,3,580,-9,-9,-9,-9,-9,350,-9,-9,-9,-9,-9,-9,180,6,-9,0.5,3.5,3.7,-9,-9,-9,-9
HL,1,LAT,BPE,LBT,-9,-9,-9,1,9,1986,W,126436,1,-9,286,1,238,1,-9,144000,1,80,1.2,,,,,,,,,,,,,,,,,,,,,,,,,,,,,,,,,,,
HL,1,LAT,BPE,LBT,-9,-9,-9,1,9,1986,W,126436,1,-9,286,1,238,1,-9,144000,1,38,6,,,,,,,,,,,,,,,,,,,,,,,,,,,,,,,,,,,
HL,1,LAT,BPE,LBT,-9,-9,-9,1,9,1986,W,126436,1,-9,286,1,238,1,-9,144000,1,51,1.2,,,,,,,,,,,,,,,,,,,,,,,,,,,,,,,,,,,
HL,1,LAT,BPE,LBT,-9,-9,-9,1,9,1986,W,126436,1,-9,286,1,238,1,-9,144000,1,39,6,,,,,,,,,,,,,,,,,,,,,,,,,,,,,,,,,,,
HL,1,LAT,BPE,LBT,-9,-9,-9,1,9,1986,W,126436,1,-9,286,1,238,1,-9,144000,1,40,2.4,,,,,,,,,,,,,,,,,,,,,,,,,,,,,,,,,,,
HL,1,LAT,BPE,LBT,-9,-9,-9,1,9,1986,W,126436,1,-9,286,1,238,1,-9,144000,1,43,2.4,,,,,,,,,,,,,,,,,,,,,,,,,,,,,,,,,,,
HL,1,LAT,BPE,LBT,-9,-9,-9,1,9,1986,W,126436,1,-9,286,1,238,1,-9,144000,1,44,1.2,,,,,,,,,,,,,,,,,,,,,,,,,,,,,,,,,,,
HL,1,LAT,BPE,LBT,-9,-9,-9,1,9,1986,W,126436,1,-9,286,1,238,1,-9,144000,1,22,2.4,,,,,,,,,,,,,,,,,,,,,,,,,,,,,,,,,,,
HL,1,LAT,BPE,LBT,-9,-9,-9,1,9,1986,W,126436,1,-9,286,1,238,1,-9,144000,1,50,1.2,,,,,,,,,,,,,,,,,,,,,,,,,,,,,,,,,,,
HL,1,LAT,BPE,LBT,-9,-9,-9,1,9,1986,W,126436,1,-9,286,1,238,1,-9,144000,1,65,1.2,,,,,,,,,,,,,,,,,,,,,,,,,,,,,,,,,,,
HL,1,LAT,BPE,LBT,-9,-9,-9,1,9,1986,W,126436,1,-9,286,1,238,1,-9,144000,1,63,1.2,,,,,,,,,,,,,,,,,,,,,,,,,,,,,,,,,,,
HL,1,LAT,BPE,LBT,-9,-9,-9,1,9,1986,W,126436,1,-9,286,1,238,1,-9,144000,1,69,1.2,,,,,,,,,,,,,,,,,,,,,,,,,,,,,,,,,,,
HL,1,LAT,BPE,LBT,-9,-9,-9,1,9,1986,W,126436,1,-9,286,1,238,1,-9,144000,1,32,27.6,,,,,,,,,,,,,,,,,,,,,,,,,,,,,,,,,,,
HL,1,LAT,BPE,LBT,-9,-9,-9,1,9,1986,W,126436,1,-9,286,1,238,1,-9,144000,1,21,1.2,,,,,,,,,,,,,,,,,,,,,,,,,,,,,,,,,,,
HL,1,LAT,BPE,LBT,-9,-9,-9,1,9,1986,W,126436,1,-9,286,1,238,1,-9,144000,1,45,1.2,,,,,,,,,,,,,,,,,,,,,,,,,,,,,,,,,,,
HL,1,LAT,BPE,LBT,-9,-9,-9,1,9,1986,W,126436,1,-9,286,1,238,1,-9,144000,1,27,20.4,,,,,,,,,,,,,,,,,,,,,,,,,,,,,,,,,,,
HL,1,LAT,BPE,LBT,-9,-9,-9,1,9,1986,W,126436,1,-9,286,1,238,1,-9,144000,1,25,13.2,,,,,,,,,,,,,,,,,,,,,,,,,,,,,,,,,,,
HL,1,LAT,BPE,LBT,-9,-9,-9,1,9,1986,W,126436,1,-9,286,1,238,1,-9,144000,1,26,16.8,,,,,,,,,,,,,,,,,,,,,,,,,,,,,,,,,,,
HL,1,LAT,BPE,LBT,-9,-9,-9,1,9,1986,W,126436,1,-9,286,1,238,1,-9,144000,1,24,2.4,,,,,,,,,,,,,,,,,,,,,,,,,,,,,,,,,,,
HL,1,LAT,BPE,LBT,-9,-9,-9,1,9,1986,W,126436,1,-9,286,1,238,1,-9,144000,1,23,8.4,,,,,,,,,,,,,,,,,,,,,,,,,,,,,,,,,,,
HL,1,LAT,BPE,LBT,-9,-9,-9,1,9,1986,W,126436,1,-9,286,1,238,1,-9,144000,1,34,10.8,,,,,,,,,,,,,,,,,,,,,,,,,,,,,,,,,,,
HL,1,LAT,BPE,LBT,-9,-9,-9,1,9,1986,W,127141,4,-9,4,1,-9,1,-9,600,-9,-9,-9,,,,,,,,,,,,,,,,,,,,,,,,,,,,,,,,,,,
HL,1,LAT,BPE,LBT,-9,-9,-9,1,9,1986,W,126436,1,-9,286,1,238,1,-9,144000,1,37,9.6,,,,,,,,,,,,,,,,,,,,,,,,,,,,,,,,,,,
HL,1,LAT,BPE,LBT,-9,-9,-9,1,9,1986,W,126436,1,-9,286,1,238,1,-9,144000,1,28,38.5,,,,,,,,,,,,,,,,,,,,,,,,,,,,,,,,,,,
HL,1,LAT,BPE,LBT,-9,-9,-9,1,9,1986,W,126436,1,-9,286,1,238,1,-9,144000,1,29,20.4,,,,,,,,,,,,,,,,,,,,,,,,,,,,,,,,,,,
HL,1,LAT,BPE,LBT,-9,-9,-9,1,9,1986,W,126436,1,-9,286,1,238,1,-9,144000,1,33,19.2,,,,,,,,,,,,,,,,,,,,,,,,,,,,,,,,,,,
HL,1,LAT,BPE,LBT,-9,-9,-9,1,9,1986,W,126436,1,-9,286,1,238,1,-9,144000,1,36,6,,,,,,,,,,,,,,,,,,,,,,,,,,,,,,,,,,,
HL,1,LAT,BPE,LBT,-9,-9,-9,1,9,1986,W,126436,1,-9,286,1,238,1,-9,144000,1,35,12,,,,,,,,,,,,,,,,,,,,,,,,,,,,,,,,,,,
HL,1,LAT,BPE,LBT,-9,-9,-9,1,9,1986,W,126436,1,-9,286,1,238,1,-9,144000,1,30,24,,,,,,,,,,,,,,,,,,,,,,,,,,,,,,,,,,,
HL,1,LAT,BPE,LBT,-9,-9,-9,1,9,1986,W,126436,1,-9,286,1,238,1,-9,144000,1,31,26.4,,,,,,,,,,,,,,,,,,,,,,,,,,,,,,,,,,,
CA,1,LAT,BPE,LBT,-9,-9,-9,1,9,1986,W,126436,4,28,1,34,M,II,-9,2,1,450,,,,,,,,,,,,,,,,,,,,,,,,,,,,,,,,,,,,
CA,1,LAT,BPE,LBT,-9,-9,-9,1,9,1986,W,126436,4,28,1,38,M,II,-9,3,1,570,,,,,,,,,,,,,,,,,,,,,,,,,,,,,,,,,,,,
CA,1,LAT,BPE,LBT,-9,-9,-9,1,9,1986,W,126436,4,28,1,43,F,II,-9,3,1,750,,,,,,,,,,,,,,,,,,,,,,,,,,,,,,,,,,,,
CA,1,LAT,BPE,LBT,-9,-9,-9,1,9,1986,W,126436,4,28,1,36,F,II,-9,2,1,520,,,,,,,,,,,,,,,,,,,,,,,,,,,,,,,,,,,,
CA,1,LAT,BPE,LBT,-9,-9,-9,1,9,1986,W,126436,4,28,1,35,F,II,-9,3,1,550,,,,,,,,,,,,,,,,,,,,,,,,,,,,,,,,,,,,
CA,1,LAT,BPE,LBT,-9,-9,-9,1,9,1986,W,126436,4,28,1,50,F,II,-9,7,1,1220,,,,,,,,,,,,,,,,,,,,,,,,,,,,,,,,,,,,
CA,1,LAT,BPE,LBT,-9,-9,-9,1,9,1986,W,126436,4,28,1,51,F,III,-9,6,1,1600,,,,,,,,,,,,,,,,,,,,,,,,,,,,,,,,,,,,
CA,1,LAT,BPE,LBT,-9,-9,-9,1,9,1986,W,126436,4,28,1,37,F,II,-9,2,1,590,,,,,,,,,,,,,,,,,,,,,,,,,,,,,,,,,,,,
CA,1,LAT,BPE,LBT,-9,-9,-9,1,9,1986,W,126436,4,28,1,65,F,III,-9,7,1,3300,,,,,,,,,,,,,,,,,,,,,,,,,,,,,,,,,,,,
CA,1,LAT,BPE,LBT,-9,-9,-9,1,9,1986,W,126436,4,28,1,32,M,II,-9,2,1,350,,,,,,,,,,,,,,,,,,,,,,,,,,,,,,,,,,,,
CA,1,LAT,BPE,LBT,-9,-9,-9,1,9,1986,W,126436,4,28,1,31,M,II,-9,2,1,370,,,,,,,,,,,,,,,,,,,,,,,,,,,,,,,,,,,,
CA,1,LAT,BPE,LBT,-9,-9,-9,1,9,1986,W,126436,4,28,1,30,M,II,-9,2,1,320,,,,,,,,,,,,,,,,,,,,,,,,,,,,,,,,,,,,
CA,1,LAT,BPE,LBT,-9,-9,-9,1,9,1986,W,126436,4,28,1,40,F,II,-9,3,1,560,,,,,,,,,,,,,,,,,,,,,,,,,,,,,,,,,,,,
CA,1,LAT,BPE,LBT,-9,-9,-9,1,9,1986,W,126436,4,28,1,35,M,II,-9,2,1,480,,,,,,,,,,,,,,,,,,,,,,,,,,,,,,,,,,,,
CA,1,LAT,BPE,LBT,-9,-9,-9,1,9,1986,W,126436,4,28,1,34,M,II,-9,2,1,470,,,,,,,,,,,,,,,,,,,,,,,,,,,,,,,,,,,,
CA,1,LAT,BPE,LBT,-9,-9,-9,1,9,1986,W,126436,4,28,1,31,F,II,-9,2,1,350,,,,,,,,,,,,,,,,,,,,,,,,,,,,,,,,,,,,
CA,1,LAT,BPE,LBT,-9,-9,-9,1,9,1986,W,126436,4,28,1,32,M,II,-9,2,1,360,,,,,,,,,,,,,,,,,,,,,,,,,,,,,,,,,,,,
CA,1,LAT,BPE,LBT,-9,-9,-9,1,9,1986,W,126436,4,28,1,30,M,II,-9,2,1,320,,,,,,,,,,,,,,,,,,,,,,,,,,,,,,,,,,,,
CA,1,LAT,BPE,LBT,-9,-9,-9,1,9,1986,W,126436,4,28,1,35,M,II,-9,-9,1,460,,,,,,,,,,,,,,,,,,,,,,,,,,,,,,,,,,,,
CA,1,LAT,BPE,LBT,-9,-9,-9,1,9,1986,W,126436,4,28,1,31,M,II,-9,2,1,350,,,,,,,,,,,,,,,,,,,,,,,,,,,,,,,,,,,,
CA,1,LAT,BPE,LBT,-9,-9,-9,1,9,1986,W,126436,4,28,1,32,F,II,-9,2,1,390,,,,,,,,,,,,,,,,,,,,,,,,,,,,,,,,,,,,
CA,1,LAT,BPE,LBT,-9,-9,-9,1,9,1986,W,126436,4,28,1,33,M,II,-9,2,1,430,,,,,,,,,,,,,,,,,,,,,,,,,,,,,,,,,,,,
CA,1,LAT,BPE,LBT,-9,-9,-9,1,9,1986,W,126436,4,28,1,43,M,II,-9,5,1,840,,,,,,,,,,,,,,,,,,,,,,,,,,,,,,,,,,,,
CA,1,LAT,BPE,LBT,-9,-9,-9,1,9,1986,W,126436,4,28,1,37,M,II,-9,3,1,540,,,,,,,,,,,,,,,,,,,,,,,,,,,,,,,,,,,,
CA,1,LAT,BPE,LBT,-9,-9,-9,1,9,1986,W,126436,4,28,1,28,F,II,-9,2,1,290,,,,,,,,,,,,,,,,,,,,,,,,,,,,,,,,,,,,
CA,1,LAT,BPE,LBT,-9,-9,-9,1,9,1986,W,126436,4,28,1,30,F,II,-9,2,1,310,,,,,,,,,,,,,,,,,,,,,,,,,,,,,,,,,,,,
CA,1,LAT,BPE,LBT,-9,-9,-9,1,9,1986,W,126436,4,28,1,31,M,II,-9,2,1,310,,,,,,,,,,,,,,,,,,,,,,,,,,,,,,,,,,,,
CA,1,LAT,BPE,LBT,-9,-9,-9,1,9,1986,W,126436,4,28,1,28,M,II,-9,2,1,240,,,,,,,,,,,,,,,,,,,,,,,,,,,,,,,,,,,,
CA,1,LAT,BPE,LBT,-9,-9,-9,1,9,1986,W,126436,4,28,1,31,M,II,-9,2,1,340,,,,,,,,,,,,,,,,,,,,,,,,,,,,,,,,,,,,
CA,1,LAT,BPE,LBT,-9,-9,-9,1,9,1986,W,126436,4,28,1,28,F,II,-9,2,1,290,,,,,,,,,,,,,,,,,,,,,,,,,,,,,,,,,,,,
CA,1,LAT,BPE,LBT,-9,-9,-9,1,9,1986,W,126436,4,28,1,31,F,II,-9,2,1,350,,,,,,,,,,,,,,,,,,,,,,,,,,,,,,,,,,,,
CA,1,LAT,BPE,LBT,-9,-9,-9,1,9,1986,W,126436,4,28,1,33,M,II,-9,2,1,360,,,,,,,,,,,,,,,,,,,,,,,,,,,,,,,,,,,,
CA,1,LAT,BPE,LBT,-9,-9,-9,1,9,1986,W,126436,4,28,1,33,F,II,-9,2,1,420,,,,,,,,,,,,,,,,,,,,,,,,,,,,,,,,,,,,
CA,1,LAT,BPE,LBT,-9,-9,-9,1,9,1986,W,126436,4,28,1,30,F,II,-9,2,1,340,,,,,,,,,,,,,,,,,,,,,,,,,,,,,,,,,,,,
CA,1,LAT,BPE,LBT,-9,-9,-9,1,9,1986,W,126436,4,28,1,69,F,III,-9,7,1,3840,,,,,,,,,,,,,,,,,,,,,,,,,,,,,,,,,,,,
CA,1,LAT,BPE,LBT,-9,-9,-9,1,9,1986,W,126436,4,28,1,32,M,II,-9,2,1,310,,,,,,,,,,,,,,,,,,,,,,,,,,,,,,,,,,,,
CA,1,LAT,BPE,LBT,-9,-9,-9,1,9,1986,W,126436,4,28,1,36,F,II,-9,2,1,480,,,,,,,,,,,,,,,,,,,,,,,,,,,,,,,,,,,,
CA,1,LAT,BPE,LBT,-9,-9,-9,1,9,1986,W,126436,4,28,1,31,M,II,-9,2,1,390,,,,,,,,,,,,,,,,,,,,,,,,,,,,,,,,,,,,
CA,1,LAT,BPE,LBT,-9,-9,-9,1,9,1986,W,126436,4,28,1,34,F,II,-9,3,1,400,,,,,,,,,,,,,,,,,,,,,,,,,,,,,,,,,,,,
CA,1,LAT,BPE,LBT,-9,-9,-9,1,9,1986,W,126436,4,28,1,36,F,II,-9,4,1,660,,,,,,,,,,,,,,,,,,,,,,,,,,,,,,,,,,,,
CA,1,LAT,BPE,LBT,-9,-9,-9,1,9,1986,W,126436,4,28,1,40,M,II,-9,4,1,710,,,,,,,,,,,,,,,,,,,,,,,,,,,,,,,,,,,,
CA,1,LAT,BPE,LBT,-9,-9,-9,1,9,1986,W,126436,4,28,1,30,M,II,-9,2,1,300,,,,,,,,,,,,,,,,,,,,,,,,,,,,,,,,,,,,
CA,1,LAT,BPE,LBT,-9,-9,-9,1,9,1986,W,126436,4,28,1,39,F,III,-9,3,1,630,,,,,,,,,,,,,,,,,,,,,,,,,,,,,,,,,,,,
CA,1,LAT,BPE,LBT,-9,-9,-9,1,9,1986,W,126436,4,28,1,32,F,II,-9,2,1,330,,,,,,,,,,,,,,,,,,,,,,,,,,,,,,,,,,,,
CA,1,LAT,BPE,LBT,-9,-9,-9,1,9,1986,W,126436,4,28,1,33,F,II,-9,4,1,370,,,,,,,,,,,,,,,,,,,,,,,,,,,,,,,,,,,,
CA,1,LAT,BPE,LBT,-9,-9,-9,1,9,1986,W,126436,4,28,1,45,F,III,-9,5,1,1000,,,,,,,,,,,,,,,,,,,,,,,,,,,,,,,,,,,,
CA,1,LAT,BPE,LBT,-9,-9,-9,1,9,1986,W,126436,4,28,1,44,M,II,-9,6,1,940,,,,,,,,,,,,,,,,,,,,,,,,,,,,,,,,,,,,
CA,1,LAT,BPE,LBT,-9,-9,-9,1,9,1986,W,126436,4,28,1,33,M,II,-9,-9,1,380,,,,,,,,,,,,,,,,,,,,,,,,,,,,,,,,,,,,
CA,1,LAT,BPE,LBT,-9,-9,-9,1,9,1986,W,126436,4,28,1,38,F,II,-9,3,1,550,,,,,,,,,,,,,,,,,,,,,,,,,,,,,,,,,,,,
CA,1,LAT,BPE,LBT,-9,-9,-9,1,9,1986,W,126436,4,28,1,39,F,II,-9,3,1,630,,,,,,,,,,,,,,,,,,,,,,,,,,,,,,,,,,,,
HH,1,LAT,BPE,LBT,-9,-9,-9,1,10,1986,1,11,1025,-9,60,D,57.9667,21.5500,57.9167,21.6167,44H1,47,V,-9,1,1,C,-9,-9,-9,-9,250,22,-9,3,580,-9,-9,-9,-9,-9,150,-9,-9,-9,-9,-9,-9,135,8,-9,1,1.3,2.9,-9,-9,-9,-9
HL,1,LAT,BPE,LBT,-9,-9,-9,1,10,1986,W,126436,1,-9,247,1,247,1,-9,90000,1,38,2,,,,,,,,,,,,,,,,,,,,,,,,,,,,,,,,,,,
HL,1,LAT,BPE,LBT,-9,-9,-9,1,10,1986,W,126436,1,-9,247,1,247,1,-9,90000,1,30,6,,,,,,,,,,,,,,,,,,,,,,,,,,,,,,,,,,,
HL,1,LAT,BPE,LBT,-9,-9,-9,1,10,1986,W,126436,1,-9,247,1,247,1,-9,90000,1,97,1,,,,,,,,,,,,,,,,,,,,,,,,,,,,,,,,,,,
HL,1,LAT,BPE,LBT,-9,-9,-9,1,10,1986,W,126436,1,-9,247,1,247,1,-9,90000,1,31,8,,,,,,,,,,,,,,,,,,,,,,,,,,,,,,,,,,,
HL,1,LAT,BPE,LBT,-9,-9,-9,1,10,1986,W,126436,1,-9,247,1,247,1,-9,90000,1,32,3,,,,,,,,,,,,,,,,,,,,,,,,,,,,,,,,,,,
HL,1,LAT,BPE,LBT,-9,-9,-9,1,10,1986,W,126436,1,-9,247,1,247,1,-9,90000,1,33,4,,,,,,,,,,,,,,,,,,,,,,,,,,,,,,,,,,,
HL,1,LAT,BPE,LBT,-9,-9,-9,1,10,1986,W,126436,1,-9,247,1,247,1,-9,90000,1,34,4,,,,,,,,,,,,,,,,,,,,,,,,,,,,,,,,,,,
HL,1,LAT,BPE,LBT,-9,-9,-9,1,10,1986,W,126436,1,-9,247,1,247,1,-9,90000,1,35,2,,,,,,,,,,,,,,,,,,,,,,,,,,,,,,,,,,,
HL,1,LAT,BPE,LBT,-9,-9,-9,1,10,1986,W,126436,1,-9,247,1,247,1,-9,90000,1,58,2,,,,,,,,,,,,,,,,,,,,,,,,,,,,,,,,,,,
HL,1,LAT,BPE,LBT,-9,-9,-9,1,10,1986,W,126436,1,-9,247,1,247,1,-9,90000,1,37,1,,,,,,,,,,,,,,,,,,,,,,,,,,,,,,,,,,,
HL,1,LAT,BPE,LBT,-9,-9,-9,1,10,1986,W,126436,1,-9,247,1,247,1,-9,90000,1,64,1,,,,,,,,,,,,,,,,,,,,,,,,,,,,,,,,,,,
HL,1,LAT,BPE,LBT,-9,-9,-9,1,10,1986,W,126436,1,-9,247,1,247,1,-9,90000,1,41,1,,,,,,,,,,,,,,,,,,,,,,,,,,,,,,,,,,,
HL,1,LAT,BPE,LBT,-9,-9,-9,1,10,1986,W,126436,1,-9,247,1,247,1,-9,90000,1,43,1,,,,,,,,,,,,,,,,,,,,,,,,,,,,,,,,,,,
HL,1,LAT,BPE,LBT,-9,-9,-9,1,10,1986,W,126436,1,-9,247,1,247,1,-9,90000,1,47,1,,,,,,,,,,,,,,,,,,,,,,,,,,,,,,,,,,,
HL,1,LAT,BPE,LBT,-9,-9,-9,1,10,1986,W,126436,1,-9,247,1,247,1,-9,90000,1,57,1,,,,,,,,,,,,,,,,,,,,,,,,,,,,,,,,,,,
HL,1,LAT,BPE,LBT,-9,-9,-9,1,10,1986,W,126436,1,-9,247,1,247,1,-9,90000,1,21,8,,,,,,,,,,,,,,,,,,,,,,,,,,,,,,,,,,,
HL,1,LAT,BPE,LBT,-9,-9,-9,1,10,1986,W,126436,1,-9,247,1,247,1,-9,90000,1,86,1,,,,,,,,,,,,,,,,,,,,,,,,,,,,,,,,,,,
HL,1,LAT,BPE,LBT,-9,-9,-9,1,10,1986,W,126436,1,-9,247,1,247,1,-9,90000,1,68,1,,,,,,,,,,,,,,,,,,,,,,,,,,,,,,,,,,,
HL,1,LAT,BPE,LBT,-9,-9,-9,1,10,1986,W,126436,1,-9,247,1,247,1,-9,90000,1,36,3,,,,,,,,,,,,,,,,,,,,,,,,,,,,,,,,,,,
HL,1,LAT,BPE,LBT,-9,-9,-9,1,10,1986,W,126436,1,-9,247,1,247,1,-9,90000,1,18,2,,,,,,,,,,,,,,,,,,,,,,,,,,,,,,,,,,,
HL,1,LAT,BPE,LBT,-9,-9,-9,1,10,1986,W,126436,1,-9,247,1,247,1,-9,90000,1,23,27,,,,,,,,,,,,,,,,,,,,,,,,,,,,,,,,,,,
HL,1,LAT,BPE,LBT,-9,-9,-9,1,10,1986,W,126436,1,-9,247,1,247,1,-9,90000,1,29,14,,,,,,,,,,,,,,,,,,,,,,,,,,,,,,,,,,,
HL,1,LAT,BPE,LBT,-9,-9,-9,1,10,1986,W,126436,1,-9,247,1,247,1,-9,90000,1,24,29,,,,,,,,,,,,,,,,,,,,,,,,,,,,,,,,,,,
HL,1,LAT,BPE,LBT,-9,-9,-9,1,10,1986,W,126436,1,-9,247,1,247,1,-9,90000,1,17,1,,,,,,,,,,,,,,,,,,,,,,,,,,,,,,,,,,,
HL,1,LAT,BPE,LBT,-9,-9,-9,1,10,1986,W,126436,1,-9,247,1,247,1,-9,90000,1,19,5,,,,,,,,,,,,,,,,,,,,,,,,,,,,,,,,,,,
HL,1,LAT,BPE,LBT,-9,-9,-9,1,10,1986,W,126436,1,-9,247,1,247,1,-9,90000,1,20,5,,,,,,,,,,,,,,,,,,,,,,,,,,,,,,,,,,,
HL,1,LAT,BPE,LBT,-9,-9,-9,1,10,1986,W,126436,1,-9,247,1,247,1,-9,90000,1,22,16,,,,,,,,,,,,,,,,,,,,,,,,,,,,,,,,,,,
HL,1,LAT,BPE,LBT,-9,-9,-9,1,10,1986,W,126436,1,-9,247,1,247,1,-9,90000,1,46,1,,,,,,,,,,,,,,,,,,,,,,,,,,,,,,,,,,,
HL,1,LAT,BPE,LBT,-9,-9,-9,1,10,1986,W,126436,1,-9,247,1,247,1,-9,90000,1,25,21,,,,,,,,,,,,,,,,,,,,,,,,,,,,,,,,,,,
HL,1,LAT,BPE,LBT,-9,-9,-9,1,10,1986,W,126436,1,-9,247,1,247,1,-9,90000,1,28,18,,,,,,,,,,,,,,,,,,,,,,,,,,,,,,,,,,,
HL,1,LAT,BPE,LBT,-9,-9,-9,1,10,1986,W,126436,1,-9,247,1,247,1,-9,90000,1,26,32,,,,,,,,,,,,,,,,,,,,,,,,,,,,,,,,,,,
HL,1,LAT,BPE,LBT,-9,-9,-9,1,10,1986,W,127141,4,-9,5,1,-9,1,-9,2000,-9,-9,-9,,,,,,,,,,,,,,,,,,,,,,,,,,,,,,,,,,,
HL,1,LAT,BPE,LBT,-9,-9,-9,1,10,1986,W,126436,1,-9,247,1,247,1,-9,90000,1,27,25,,,,,,,,,,,,,,,,,,,,,,,,,,,,,,,,,,,
HH,1,LAT,BPE,LBT,-9,-9,-9,1,11,1986,1,11,1235,-9,60,D,58.0167,21.6500,58.0833,21.6667,45H1,44,V,-9,1,1,C,-9,-9,-9,-9,250,22,-9,3,580,-9,-9,-9,-9,-9,70,-9,-9,-9,-9,-9,-9,135,10,-9,1.6,2.7,2.9,-9,-9,-9,-9
HL,1,LAT,BPE,LBT,-9,-9,-9,1,11,1986,W,126436,1,-9,69,1,69,1,-9,30000,1,19,2,,,,,,,,,,,,,,,,,,,,,,,,,,,,,,,,,,,
HL,1,LAT,BPE,LBT,-9,-9,-9,1,11,1986,W,126436,1,-9,69,1,69,1,-9,30000,1,24,9,,,,,,,,,,,,,,,,,,,,,,,,,,,,,,,,,,,
HL,1,LAT,BPE,LBT,-9,-9,-9,1,11,1986,W,126436,1,-9,69,1,69,1,-9,30000,1,23,8,,,,,,,,,,,,,,,,,,,,,,,,,,,,,,,,,,,
HL,1,LAT,BPE,LBT,-9,-9,-9,1,11,1986,W,126436,1,-9,69,1,69,1,-9,30000,1,22,10,,,,,,,,,,,,,,,,,,,,,,,,,,,,,,,,,,,
HL,1,LAT,BPE,LBT,-9,-9,-9,1,11,1986,W,126436,1,-9,69,1,69,1,-9,30000,1,20,10,,,,,,,,,,,,,,,,,,,,,,,,,,,,,,,,,,,
HL,1,LAT,BPE,LBT,-9,-9,-9,1,11,1986,W,126436,1,-9,69,1,69,1,-9,30000,1,25,6,,,,,,,,,,,,,,,,,,,,,,,,,,,,,,,,,,,
HL,1,LAT,BPE,LBT,-9,-9,-9,1,11,1986,W,126436,1,-9,69,1,69,1,-9,30000,1,40,1,,,,,,,,,,,,,,,,,,,,,,,,,,,,,,,,,,,
HL,1,LAT,BPE,LBT,-9,-9,-9,1,11,1986,W,126436,1,-9,69,1,69,1,-9,30000,1,21,4,,,,,,,,,,,,,,,,,,,,,,,,,,,,,,,,,,,
HL,1,LAT,BPE,LBT,-9,-9,-9,1,11,1986,W,126436,1,-9,69,1,69,1,-9,30000,1,51,1,,,,,,,,,,,,,,,,,,,,,,,,,,,,,,,,,,,
HL,1,LAT,BPE,LBT,-9,-9,-9,1,11,1986,W,126436,1,-9,69,1,69,1,-9,30000,1,62,1,,,,,,,,,,,,,,,,,,,,,,,,,,,,,,,,,,,
HL,1,LAT,BPE,LBT,-9,-9,-9,1,11,1986,W,126436,1,-9,69,1,69,1,-9,30000,1,30,1,,,,,,,,,,,,,,,,,,,,,,,,,,,,,,,,,,,
HL,1,LAT,BPE,LBT,-9,-9,-9,1,11,1986,W,126436,1,-9,69,1,69,1,-9,30000,1,59,1,,,,,,,,,,,,,,,,,,,,,,,,,,,,,,,,,,,
HL,1,LAT,BPE,LBT,-9,-9,-9,1,11,1986,W,126436,1,-9,69,1,69,1,-9,30000,1,26,5,,,,,,,,,,,,,,,,,,,,,,,,,,,,,,,,,,,
HL,1,LAT,BPE,LBT,-9,-9,-9,1,11,1986,W,126436,1,-9,69,1,69,1,-9,30000,1,50,1,,,,,,,,,,,,,,,,,,,,,,,,,,,,,,,,,,,
HL,1,LAT,BPE,LBT,-9,-9,-9,1,11,1986,W,126436,1,-9,69,1,69,1,-9,30000,1,47,1,,,,,,,,,,,,,,,,,,,,,,,,,,,,,,,,,,,
HL,1,LAT,BPE,LBT,-9,-9,-9,1,11,1986,W,126436,1,-9,69,1,69,1,-9,30000,1,43,1,,,,,,,,,,,,,,,,,,,,,,,,,,,,,,,,,,,
HL,1,LAT,BPE,LBT,-9,-9,-9,1,11,1986,W,126436,1,-9,69,1,69,1,-9,30000,1,32,2,,,,,,,,,,,,,,,,,,,,,,,,,,,,,,,,,,,
HL,1,LAT,BPE,LBT,-9,-9,-9,1,11,1986,W,126436,1,-9,69,1,69,1,-9,30000,1,28,3,,,,,,,,,,,,,,,,,,,,,,,,,,,,,,,,,,,
HL,1,LAT,BPE,LBT,-9,-9,-9,1,11,1986,W,126436,1,-9,69,1,69,1,-9,30000,1,27,2,,,,,,,,,,,,,,,,,,,,,,,,,,,,,,,,,,,
HH,1,LAT,BPE,LBT,-9,-9,-9,1,12,1986,1,14,1050,-9,30,D,57.4667,21.1000,57.4500,21.1500,43H1,70,V,-9,1,1,C,-9,-9,-9,-9,250,22,-9,3,580,-9,-9,-9,-9,-9,215,-9,-9,-9,-9,-9,-9,180,10,-9,1.6,3.8,3.8,-9,-9,-9,-9
HL,1,LAT,BPE,LBT,-9,-9,-9,1,12,1986,W,126436,4,-9,43,1,-9,1,-9,15000,-9,-9,-9,,,,,,,,,,,,,,,,,,,,,,,,,,,,,,,,,,,
HL,1,LAT,BPE,LBT,-9,-9,-9,1,12,1986,W,127141,4,-9,26,1,-9,1,-9,10000,-9,-9,-9,,,,,,,,,,,,,,,,,,,,,,,,,,,,,,,,,,,
HH,1,LAT,BPE,LBT,-9,-9,-9,1,13,1986,1,14,1245,-9,30,D,57.3333,21.2833,57.3000,21.2667,43H1,40,V,-9,1,1,C,-9,-9,-9,-9,250,22,-9,3,580,-9,-9,-9,-9,-9,196,-9,-9,-9,-9,-9,-9,135,11,-9,2.7,2.3,2.3,-9,-9,-9,-9
HL,1,LAT,BPE,LBT,-9,-9,-9,1,13,1986,W,126436,1,-9,36,1,18,1,-9,30000,1,48,2,,,,,,,,,,,,,,,,,,,,,,,,,,,,,,,,,,,
HL,1,LAT,BPE,LBT,-9,-9,-9,1,13,1986,W,126436,1,-9,36,1,18,1,-9,30000,1,37,2,,,,,,,,,,,,,,,,,,,,,,,,,,,,,,,,,,,
HL,1,LAT,BPE,LBT,-9,-9,-9,1,13,1986,W,126436,1,-9,36,1,18,1,-9,30000,1,58,2,,,,,,,,,,,,,,,,,,,,,,,,,,,,,,,,,,,
HL,1,LAT,BPE,LBT,-9,-9,-9,1,13,1986,W,126436,1,-9,36,1,18,1,-9,30000,1,55,2,,,,,,,,,,,,,,,,,,,,,,,,,,,,,,,,,,,
HL,1,LAT,BPE,LBT,-9,-9,-9,1,13,1986,W,126436,1,-9,36,1,18,1,-9,30000,1,53,2,,,,,,,,,,,,,,,,,,,,,,,,,,,,,,,,,,,
HL,1,LAT,BPE,LBT,-9,-9,-9,1,13,1986,W,126436,1,-9,36,1,18,1,-9,30000,1,52,2,,,,,,,,,,,,,,,,,,,,,,,,,,,,,,,,,,,
HL,1,LAT,BPE,LBT,-9,-9,-9,1,13,1986,W,126436,1,-9,36,1,18,1,-9,30000,1,50,2,,,,,,,,,,,,,,,,,,,,,,,,,,,,,,,,,,,
HL,1,LAT,BPE,LBT,-9,-9,-9,1,13,1986,W,126436,1,-9,36,1,18,1,-9,30000,1,45,2,,,,,,,,,,,,,,,,,,,,,,,,,,,,,,,,,,,
HL,1,LAT,BPE,LBT,-9,-9,-9,1,13,1986,W,126436,1,-9,36,1,18,1,-9,30000,1,44,2,,,,,,,,,,,,,,,,,,,,,,,,,,,,,,,,,,,
HL,1,LAT,BPE,LBT,-9,-9,-9,1,13,1986,W,126436,1,-9,36,1,18,1,-9,30000,1,39,2,,,,,,,,,,,,,,,,,,,,,,,,,,,,,,,,,,,
HL,1,LAT,BPE,LBT,-9,-9,-9,1,13,1986,W,126436,1,-9,36,1,18,1,-9,30000,1,22,2,,,,,,,,,,,,,,,,,,,,,,,,,,,,,,,,,,,
HL,1,LAT,BPE,LBT,-9,-9,-9,1,13,1986,W,126436,1,-9,36,1,18,1,-9,30000,1,36,2,,,,,,,,,,,,,,,,,,,,,,,,,,,,,,,,,,,
HL,1,LAT,BPE,LBT,-9,-9,-9,1,13,1986,W,126436,1,-9,36,1,18,1,-9,30000,1,35,2,,,,,,,,,,,,,,,,,,,,,,,,,,,,,,,,,,,
HL,1,LAT,BPE,LBT,-9,-9,-9,1,13,1986,W,126436,1,-9,36,1,18,1,-9,30000,1,34,2,,,,,,,,,,,,,,,,,,,,,,,,,,,,,,,,,,,
HL,1,LAT,BPE,LBT,-9,-9,-9,1,13,1986,W,126436,1,-9,36,1,18,1,-9,30000,1,31,2,,,,,,,,,,,,,,,,,,,,,,,,,,,,,,,,,,,
HL,1,LAT,BPE,LBT,-9,-9,-9,1,13,1986,W,126436,1,-9,36,1,18,1,-9,30000,1,30,2,,,,,,,,,,,,,,,,,,,,,,,,,,,,,,,,,,,
HL,1,LAT,BPE,LBT,-9,-9,-9,1,13,1986,W,126436,1,-9,36,1,18,1,-9,30000,1,26,2,,,,,,,,,,,,,,,,,,,,,,,,,,,,,,,,,,,
HL,1,LAT,BPE,LBT,-9,-9,-9,1,13,1986,W,126436,1,-9,36,1,18,1,-9,30000,1,40,2,,,,,,,,,,,,,,,,,,,,,,,,,,,,,,,,,,,
HH,1,LAT,BPE,LBT,-9,-9,-9,1,14,1986,1,14,1440,-9,60,D,57.2833,20.9833,57.3500,20.9333,43H0,65,V,-9,1,1,C,-9,-9,-9,-9,250,22,-9,3,580,-9,-9,-9,-9,-9,330,-9,-9,-9,-9,-9,-9,135,10,-9,1,3.6,4,-9,-9,-9,-9
HL,1,LAT,BPE,LBT,-9,-9,-9,1,14,1986,W,126436,1,-9,160,1,160,1,-9,120000,1,48,1,,,,,,,,,,,,,,,,,,,,,,,,,,,,,,,,,,,
HL,1,LAT,BPE,LBT,-9,-9,-9,1,14,1986,W,126436,1,-9,160,1,160,1,-9,120000,1,40,6,,,,,,,,,,,,,,,,,,,,,,,,,,,,,,,,,,,
HL,1,LAT,BPE,LBT,-9,-9,-9,1,14,1986,W,126436,1,-9,160,1,160,1,-9,120000,1,41,1,,,,,,,,,,,,,,,,,,,,,,,,,,,,,,,,,,,
HL,1,LAT,BPE,LBT,-9,-9,-9,1,14,1986,W,126436,1,-9,160,1,160,1,-9,120000,1,42,2,,,,,,,,,,,,,,,,,,,,,,,,,,,,,,,,,,,
HL,1,LAT,BPE,LBT,-9,-9,-9,1,14,1986,W,126436,1,-9,160,1,160,1,-9,120000,1,43,3,,,,,,,,,,,,,,,,,,,,,,,,,,,,,,,,,,,
HL,1,LAT,BPE,LBT,-9,-9,-9,1,14,1986,W,126436,1,-9,160,1,160,1,-9,120000,1,44,2,,,,,,,,,,,,,,,,,,,,,,,,,,,,,,,,,,,
HL,1,LAT,BPE,LBT,-9,-9,-9,1,14,1986,W,126436,1,-9,160,1,160,1,-9,120000,1,45,4,,,,,,,,,,,,,,,,,,,,,,,,,,,,,,,,,,,
HL,1,LAT,BPE,LBT,-9,-9,-9,1,14,1986,W,126436,1,-9,160,1,160,1,-9,120000,1,39,1,,,,,,,,,,,,,,,,,,,,,,,,,,,,,,,,,,,
HL,1,LAT,BPE,LBT,-9,-9,-9,1,14,1986,W,126436,1,-9,160,1,160,1,-9,120000,1,47,1,,,,,,,,,,,,,,,,,,,,,,,,,,,,,,,,,,,
HL,1,LAT,BPE,LBT,-9,-9,-9,1,14,1986,W,126436,1,-9,160,1,160,1,-9,120000,1,53,1,,,,,,,,,,,,,,,,,,,,,,,,,,,,,,,,,,,
HL,1,LAT,BPE,LBT,-9,-9,-9,1,14,1986,W,126436,1,-9,160,1,160,1,-9,120000,1,52,1,,,,,,,,,,,,,,,,,,,,,,,,,,,,,,,,,,,
HL,1,LAT,BPE,LBT,-9,-9,-9,1,14,1986,W,126436,1,-9,160,1,160,1,-9,120000,1,54,1,,,,,,,,,,,,,,,,,,,,,,,,,,,,,,,,,,,
HL,1,LAT,BPE,LBT,-9,-9,-9,1,14,1986,W,126436,1,-9,160,1,160,1,-9,120000,1,57,1,,,,,,,,,,,,,,,,,,,,,,,,,,,,,,,,,,,
HL,1,LAT,BPE,LBT,-9,-9,-9,1,14,1986,W,126436,1,-9,160,1,160,1,-9,120000,1,60,1,,,,,,,,,,,,,,,,,,,,,,,,,,,,,,,,,,,
HL,1,LAT,BPE,LBT,-9,-9,-9,1,14,1986,W,126436,1,-9,160,1,160,1,-9,120000,1,21,1,,,,,,,,,,,,,,,,,,,,,,,,,,,,,,,,,,,
HL,1,LAT,BPE,LBT,-9,-9,-9,1,14,1986,W,126436,1,-9,160,1,160,1,-9,120000,1,46,5,,,,,,,,,,,,,,,,,,,,,,,,,,,,,,,,,,,
HL,1,LAT,BPE,LBT,-9,-9,-9,1,14,1986,W,126436,1,-9,160,1,160,1,-9,120000,1,25,6,,,,,,,,,,,,,,,,,,,,,,,,,,,,,,,,,,,
HL,1,LAT,BPE,LBT,-9,-9,-9,1,14,1986,W,126436,1,-9,160,1,160,1,-9,120000,1,22,1,,,,,,,,,,,,,,,,,,,,,,,,,,,,,,,,,,,
HL,1,LAT,BPE,LBT,-9,-9,-9,1,14,1986,W,126436,1,-9,160,1,160,1,-9,120000,1,56,1,,,,,,,,,,,,,,,,,,,,,,,,,,,,,,,,,,,
HL,1,LAT,BPE,LBT,-9,-9,-9,1,14,1986,W,126436,1,-9,160,1,160,1,-9,120000,1,38,3,,,,,,,,,,,,,,,,,,,,,,,,,,,,,,,,,,,
HL,1,LAT,BPE,LBT,-9,-9,-9,1,14,1986,W,126436,1,-9,160,1,160,1,-9,120000,1,23,1,,,,,,,,,,,,,,,,,,,,,,,,,,,,,,,,,,,
HL,1,LAT,BPE,LBT,-9,-9,-9,1,14,1986,W,126436,1,-9,160,1,160,1,-9,120000,1,24,4,,,,,,,,,,,,,,,,,,,,,,,,,,,,,,,,,,,
HL,1,LAT,BPE,LBT,-9,-9,-9,1,14,1986,W,126436,1,-9,160,1,160,1,-9,120000,1,26,6,,,,,,,,,,,,,,,,,,,,,,,,,,,,,,,,,,,
HL,1,LAT,BPE,LBT,-9,-9,-9,1,14,1986,W,126436,1,-9,160,1,160,1,-9,120000,1,27,9,,,,,,,,,,,,,,,,,,,,,,,,,,,,,,,,,,,
HL,1,LAT,BPE,LBT,-9,-9,-9,1,14,1986,W,126436,1,-9,160,1,160,1,-9,120000,1,28,16,,,,,,,,,,,,,,,,,,,,,,,,,,,,,,,,,,,
HL,1,LAT,BPE,LBT,-9,-9,-9,1,14,1986,W,126436,1,-9,160,1,160,1,-9,120000,1,35,7,,,,,,,,,,,,,,,,,,,,,,,,,,,,,,,,,,,
HL,1,LAT,BPE,LBT,-9,-9,-9,1,14,1986,W,126436,1,-9,160,1,160,1,-9,120000,1,30,17,,,,,,,,,,,,,,,,,,,,,,,,,,,,,,,,,,,
HL,1,LAT,BPE,LBT,-9,-9,-9,1,14,1986,W,126436,1,-9,160,1,160,1,-9,120000,1,31,10,,,,,,,,,,,,,,,,,,,,,,,,,,,,,,,,,,,
HL,1,LAT,BPE,LBT,-9,-9,-9,1,14,1986,W,126436,1,-9,160,1,160,1,-9,120000,1,32,11,,,,,,,,,,,,,,,,,,,,,,,,,,,,,,,,,,,
HL,1,LAT,BPE,LBT,-9,-9,-9,1,14,1986,W,126436,1,-9,160,1,160,1,-9,120000,1,33,14,,,,,,,,,,,,,,,,,,,,,,,,,,,,,,,,,,,
HL,1,LAT,BPE,LBT,-9,-9,-9,1,14,1986,W,126436,1,-9,160,1,160,1,-9,120000,1,34,5,,,,,,,,,,,,,,,,,,,,,,,,,,,,,,,,,,,
HL,1,LAT,BPE,LBT,-9,-9,-9,1,14,1986,W,126436,1,-9,160,1,160,1,-9,120000,1,29,10,,,,,,,,,,,,,,,,,,,,,,,,,,,,,,,,,,,
HL,1,LAT,BPE,LBT,-9,-9,-9,1,14,1986,W,126436,1,-9,160,1,160,1,-9,120000,1,37,2,,,,,,,,,,,,,,,,,,,,,,,,,,,,,,,,,,,
HL,1,LAT,BPE,LBT,-9,-9,-9,1,14,1986,W,126436,1,-9,160,1,160,1,-9,120000,1,36,5,,,,,,,,,,,,,,,,,,,,,,,,,,,,,,,,,,,
CA,1,LAT,BPE,LBT,-9,-9,-9,1,14,1986,W,126436,4,28,1,43,M,II,-9,-9,1,820,,,,,,,,,,,,,,,,,,,,,,,,,,,,,,,,,,,,
CA,1,LAT,BPE,LBT,-9,-9,-9,1,14,1986,W,126436,4,28,1,46,F,III,-9,5,1,1180,,,,,,,,,,,,,,,,,,,,,,,,,,,,,,,,,,,,
CA,1,LAT,BPE,LBT,-9,-9,-9,1,14,1986,W,126436,4,28,1,44,F,II,-9,4,1,780,,,,,,,,,,,,,,,,,,,,,,,,,,,,,,,,,,,,
CA,1,LAT,BPE,LBT,-9,-9,-9,1,14,1986,W,126436,4,28,1,41,F,II,-9,3,1,700,,,,,,,,,,,,,,,,,,,,,,,,,,,,,,,,,,,,
CA,1,LAT,BPE,LBT,-9,-9,-9,1,14,1986,W,126436,4,28,1,40,F,II,-9,3,1,680,,,,,,,,,,,,,,,,,,,,,,,,,,,,,,,,,,,,
CA,1,LAT,BPE,LBT,-9,-9,-9,1,14,1986,W,126436,4,28,1,44,F,II,-9,5,1,900,,,,,,,,,,,,,,,,,,,,,,,,,,,,,,,,,,,,
CA,1,LAT,BPE,LBT,-9,-9,-9,1,14,1986,W,126436,4,28,1,36,M,II,-9,3,1,540,,,,,,,,,,,,,,,,,,,,,,,,,,,,,,,,,,,,
CA,1,LAT,BPE,LBT,-9,-9,-9,1,14,1986,W,126436,4,28,1,35,M,II,-9,2,1,480,,,,,,,,,,,,,,,,,,,,,,,,,,,,,,,,,,,,
CA,1,LAT,BPE,LBT,-9,-9,-9,1,14,1986,W,126436,4,28,1,60,F,III,-9,8,1,2400,,,,,,,,,,,,,,,,,,,,,,,,,,,,,,,,,,,,
CA,1,LAT,BPE,LBT,-9,-9,-9,1,14,1986,W,126436,4,28,1,32,F,II,-9,3,1,300,,,,,,,,,,,,,,,,,,,,,,,,,,,,,,,,,,,,
CA,1,LAT,BPE,LBT,-9,-9,-9,1,14,1986,W,126436,4,28,1,38,F,II,-9,3,1,640,,,,,,,,,,,,,,,,,,,,,,,,,,,,,,,,,,,,
CA,1,LAT,BPE,LBT,-9,-9,-9,1,14,1986,W,126436,4,28,1,53,F,III,-9,6,1,1600,,,,,,,,,,,,,,,,,,,,,,,,,,,,,,,,,,,,
CA,1,LAT,BPE,LBT,-9,-9,-9,1,14,1986,W,126436,4,28,1,40,M,III,-9,4,1,830,,,,,,,,,,,,,,,,,,,,,,,,,,,,,,,,,,,,
CA,1,LAT,BPE,LBT,-9,-9,-9,1,14,1986,W,126436,4,28,1,37,M,II,-9,2,1,520,,,,,,,,,,,,,,,,,,,,,,,,,,,,,,,,,,,,
CA,1,LAT,BPE,LBT,-9,-9,-9,1,14,1986,W,126436,4,28,1,35,F,III,-9,3,1,440,,,,,,,,,,,,,,,,,,,,,,,,,,,,,,,,,,,,
CA,1,LAT,BPE,LBT,-9,-9,-9,1,14,1986,W,126436,4,28,1,37,F,II,-9,-9,1,550,,,,,,,,,,,,,,,,,,,,,,,,,,,,,,,,,,,,
CA,1,LAT,BPE,LBT,-9,-9,-9,1,14,1986,W,126436,4,28,1,38,M,III,-9,4,1,540,,,,,,,,,,,,,,,,,,,,,,,,,,,,,,,,,,,,
CA,1,LAT,BPE,LBT,-9,-9,-9,1,14,1986,W,126436,4,28,1,36,M,II,-9,2,1,430,,,,,,,,,,,,,,,,,,,,,,,,,,,,,,,,,,,,
CA,1,LAT,BPE,LBT,-9,-9,-9,1,14,1986,W,126436,4,28,1,33,F,II,-9,2,1,360,,,,,,,,,,,,,,,,,,,,,,,,,,,,,,,,,,,,
CA,1,LAT,BPE,LBT,-9,-9,-9,1,14,1986,W,126436,4,28,1,30,M,II,-9,2,1,320,,,,,,,,,,,,,,,,,,,,,,,,,,,,,,,,,,,,
CA,1,LAT,BPE,LBT,-9,-9,-9,1,14,1986,W,126436,4,28,1,35,M,II,-9,2,1,470,,,,,,,,,,,,,,,,,,,,,,,,,,,,,,,,,,,,
CA,1,LAT,BPE,LBT,-9,-9,-9,1,14,1986,W,126436,4,28,1,33,F,II,-9,2,1,330,,,,,,,,,,,,,,,,,,,,,,,,,,,,,,,,,,,,
CA,1,LAT,BPE,LBT,-9,-9,-9,1,14,1986,W,126436,4,28,1,35,F,II,-9,2,1,430,,,,,,,,,,,,,,,,,,,,,,,,,,,,,,,,,,,,
CA,1,LAT,BPE,LBT,-9,-9,-9,1,14,1986,W,126436,4,28,1,45,M,II,-9,5,1,930,,,,,,,,,,,,,,,,,,,,,,,,,,,,,,,,,,,,
CA,1,LAT,BPE,LBT,-9,-9,-9,1,14,1986,W,126436,4,28,1,30,M,II,-9,2,1,310,,,,,,,,,,,,,,,,,,,,,,,,,,,,,,,,,,,,
CA,1,LAT,BPE,LBT,-9,-9,-9,1,14,1986,W,126436,4,28,1,47,M,III,-9,6,1,1300,,,,,,,,,,,,,,,,,,,,,,,,,,,,,,,,,,,,
CA,1,LAT,BPE,LBT,-9,-9,-9,1,14,1986,W,126436,4,28,1,56,F,III,-9,6,1,1770,,,,,,,,,,,,,,,,,,,,,,,,,,,,,,,,,,,,
CA,1,LAT,BPE,LBT,-9,-9,-9,1,14,1986,W,126436,4,28,1,42,M,III,-9,5,1,820,,,,,,,,,,,,,,,,,,,,,,,,,,,,,,,,,,,,
CA,1,LAT,BPE,LBT,-9,-9,-9,1,14,1986,W,126436,4,28,1,45,M,III,-9,4,1,1000,,,,,,,,,,,,,,,,,,,,,,,,,,,,,,,,,,,,
CA,1,LAT,BPE,LBT,-9,-9,-9,1,14,1986,W,126436,4,28,1,57,F,III,-9,6,1,2050,,,,,,,,,,,,,,,,,,,,,,,,,,,,,,,,,,,,
CA,1,LAT,BPE,LBT,-9,-9,-9,1,14,1986,W,126436,4,28,1,40,F,III,-9,5,1,930,,,,,,,,,,,,,,,,,,,,,,,,,,,,,,,,,,,,
CA,1,LAT,BPE,LBT,-9,-9,-9,1,14,1986,W,126436,4,28,1,48,F,III,-9,5,1,1070,,,,,,,,,,,,,,,,,,,,,,,,,,,,,,,,,,,,
CA,1,LAT,BPE,LBT,-9,-9,-9,1,14,1986,W,126436,4,28,1,46,F,II,-9,5,1,900,,,,,,,,,,,,,,,,,,,,,,,,,,,,,,,,,,,,
CA,1,LAT,BPE,LBT,-9,-9,-9,1,14,1986,W,126436,4,28,1,26,M,II,-9,2,1,170,,,,,,,,,,,,,,,,,,,,,,,,,,,,,,,,,,,,
CA,1,LAT,BPE,LBT,-9,-9,-9,1,14,1986,W,126436,4,28,1,40,F,III,-9,4,1,830,,,,,,,,,,,,,,,,,,,,,,,,,,,,,,,,,,,,
CA,1,LAT,BPE,LBT,-9,-9,-9,1,14,1986,W,126436,4,28,1,31,M,II,-9,2,1,290,,,,,,,,,,,,,,,,,,,,,,,,,,,,,,,,,,,,
CA,1,LAT,BPE,LBT,-9,-9,-9,1,14,1986,W,126436,4,28,1,40,F,III,-9,3,1,800,,,,,,,,,,,,,,,,,,,,,,,,,,,,,,,,,,,,
CA,1,LAT,BPE,LBT,-9,-9,-9,1,14,1986,W,126436,4,28,1,38,M,II,-9,4,1,750,,,,,,,,,,,,,,,,,,,,,,,,,,,,,,,,,,,,
CA,1,LAT,BPE,LBT,-9,-9,-9,1,14,1986,W,126436,4,28,1,33,M,II,-9,3,1,470,,,,,,,,,,,,,,,,,,,,,,,,,,,,,,,,,,,,
CA,1,LAT,BPE,LBT,-9,-9,-9,1,14,1986,W,126436,4,28,1,45,M,II,-9,4,1,1060,,,,,,,,,,,,,,,,,,,,,,,,,,,,,,,,,,,,
CA,1,LAT,BPE,LBT,-9,-9,-9,1,14,1986,W,126436,4,28,1,54,F,II,-9,-9,1,1570,,,,,,,,,,,,,,,,,,,,,,,,,,,,,,,,,,,,
CA,1,LAT,BPE,LBT,-9,-9,-9,1,14,1986,W,126436,4,28,1,46,M,II,-9,6,1,950,,,,,,,,,,,,,,,,,,,,,,,,,,,,,,,,,,,,
CA,1,LAT,BPE,LBT,-9,-9,-9,1,14,1986,W,126436,4,28,1,45,M,II,-9,4,1,1190,,,,,,,,,,,,,,,,,,,,,,,,,,,,,,,,,,,,
CA,1,LAT,BPE,LBT,-9,-9,-9,1,14,1986,W,126436,4,28,1,42,F,II,-9,3,1,850,,,,,,,,,,,,,,,,,,,,,,,,,,,,,,,,,,,,
CA,1,LAT,BPE,LBT,-9,-9,-9,1,14,1986,W,126436,4,28,1,36,F,II,-9,2,1,570,,,,,,,,,,,,,,,,,,,,,,,,,,,,,,,,,,,,
CA,1,LAT,BPE,LBT,-9,-9,-9,1,14,1986,W,126436,4,28,1,52,F,III,-9,8,1,1530,,,,,,,,,,,,,,,,,,,,,,,,,,,,,,,,,,,,
CA,1,LAT,BPE,LBT,-9,-9,-9,1,14,1986,W,126436,4,28,1,40,F,II,-9,4,1,650,,,,,,,,,,,,,,,,,,,,,,,,,,,,,,,,,,,,
CA,1,LAT,BPE,LBT,-9,-9,-9,1,14,1986,W,126436,4,28,1,43,F,II,-9,5,1,950,,,,,,,,,,,,,,,,,,,,,,,,,,,,,,,,,,,,
CA,1,LAT,BPE,LBT,-9,-9,-9,1,14,1986,W,126436,4,28,1,46,F,II,-9,3,1,1180,,,,,,,,,,,,,,,,,,,,,,,,,,,,,,,,,,,,
CA,1,LAT,BPE,LBT,-9,-9,-9,1,14,1986,W,126436,4,28,1,35,F,II,-9,4,1,520,,,,,,,,,,,,,,,,,,,,,,,,,,,,,,,,,,,,
CA,1,LAT,BPE,LBT,-9,-9,-9,1,14,1986,W,126436,4,28,1,43,F,II,-9,4,1,870,,,,,,,,,,,,,,,,,,,,,,,,,,,,,,,,,,,,
CA,1,LAT,BPE,LBT,-9,-9,-9,1,14,1986,W,126436,4,28,1,30,M,II,-9,2,1,250,,,,,,,,,,,,,,,,,,,,,,,,,,,,,,,,,,,,
CA,1,LAT,BPE,LBT,-9,-9,-9,1,14,1986,W,126436,4,28,1,30,F,II,-9,2,1,290,,,,,,,,,,,,,,,,,,,,,,,,,,,,,,,,,,,,
CA,1,LAT,BPE,LBT,-9,-9,-9,1,14,1986,W,126436,4,28,1,22,F,II,-9,2,1,120,,,,,,,,,,,,,,,,,,,,,,,,,,,,,,,,,,,,
CA,1,LAT,BPE,LBT,-9,-9,-9,1,14,1986,W,126436,4,28,1,24,F,II,-9,2,1,155,,,,,,,,,,,,,,,,,,,,,,,,,,,,,,,,,,,,
CA,1,LAT,BPE,LBT,-9,-9,-9,1,14,1986,W,126436,4,28,1,25,F,II,-9,2,1,190,,,,,,,,,,,,,,,,,,,,,,,,,,,,,,,,,,,,
CA,1,LAT,BPE,LBT,-9,-9,-9,1,14,1986,W,126436,4,28,1,25,F,II,-9,2,1,150,,,,,,,,,,,,,,,,,,,,,,,,,,,,,,,,,,,,
CA,1,LAT,BPE,LBT,-9,-9,-9,1,14,1986,W,126436,4,28,1,21,F,II,-9,-9,1,90,,,,,,,,,,,,,,,,,,,,,,,,,,,,,,,,,,,,
CA,1,LAT,BPE,LBT,-9,-9,-9,1,14,1986,W,126436,4,28,1,35,F,II,-9,3,1,450,,,,,,,,,,,,,,,,,,,,,,,,,,,,,,,,,,,,
CA,1,LAT,BPE,LBT,-9,-9,-9,1,14,1986,W,126436,4,28,1,33,M,II,-9,2,1,400,,,,,,,,,,,,,,,,,,,,,,,,,,,,,,,,,,,,
CA,1,LAT,BPE,LBT,-9,-9,-9,1,14,1986,W,126436,4,28,1,31,F,II,-9,2,1,300,,,,,,,,,,,,,,,,,,,,,,,,,,,,,,,,,,,,
CA,1,LAT,BPE,LBT,-9,-9,-9,1,14,1986,W,126436,4,28,1,33,M,II,-9,2,1,430,,,,,,,,,,,,,,,,,,,,,,,,,,,,,,,,,,,,
CA,1,LAT,BPE,LBT,-9,-9,-9,1,14,1986,W,126436,4,28,1,30,F,II,-9,2,1,270,,,,,,,,,,,,,,,,,,,,,,,,,,,,,,,,,,,,
CA,1,LAT,BPE,LBT,-9,-9,-9,1,14,1986,W,126436,4,28,1,29,M,II,-9,2,1,200,,,,,,,,,,,,,,,,,,,,,,,,,,,,,,,,,,,,
CA,1,LAT,BPE,LBT,-9,-9,-9,1,14,1986,W,126436,4,28,1,27,M,II,-9,2,1,210,,,,,,,,,,,,,,,,,,,,,,,,,,,,,,,,,,,,
CA,1,LAT,BPE,LBT,-9,-9,-9,1,14,1986,W,126436,4,28,1,33,M,II,-9,3,1,360,,,,,,,,,,,,,,,,,,,,,,,,,,,,,,,,,,,,
CA,1,LAT,BPE,LBT,-9,-9,-9,1,14,1986,W,126436,4,28,1,30,M,II,-9,2,1,260,,,,,,,,,,,,,,,,,,,,,,,,,,,,,,,,,,,,
CA,1,LAT,BPE,LBT,-9,-9,-9,1,14,1986,W,126436,4,28,1,39,F,II,-9,3,1,570,,,,,,,,,,,,,,,,,,,,,,,,,,,,,,,,,,,,
CA,1,LAT,BPE,LBT,-9,-9,-9,1,14,1986,W,126436,4,28,1,29,M,II,-9,2,1,270,,,,,,,,,,,,,,,,,,,,,,,,,,,,,,,,,,,,
CA,1,LAT,BPE,LBT,-9,-9,-9,1,14,1986,W,126436,4,28,1,28,M,II,-9,2,1,210,,,,,,,,,,,,,,,,,,,,,,,,,,,,,,,,,,,,
CA,1,LAT,BPE,LBT,-9,-9,-9,1,14,1986,W,126436,4,28,1,31,M,II,-9,3,1,360,,,,,,,,,,,,,,,,,,,,,,,,,,,,,,,,,,,,
CA,1,LAT,BPE,LBT,-9,-9,-9,1,14,1986,W,126436,4,28,1,33,M,II,-9,2,1,300,,,,,,,,,,,,,,,,,,,,,,,,,,,,,,,,,,,,
CA,1,LAT,BPE,LBT,-9,-9,-9,1,14,1986,W,126436,4,28,1,31,F,II,-9,2,1,250,,,,,,,,,,,,,,,,,,,,,,,,,,,,,,,,,,,,
CA,1,LAT,BPE,LBT,-9,-9,-9,1,14,1986,W,126436,4,28,1,28,F,II,-9,2,1,180,,,,,,,,,,,,,,,,,,,,,,,,,,,,,,,,,,,,
CA,1,LAT,BPE,LBT,-9,-9,-9,1,14,1986,W,126436,4,28,1,32,M,II,-9,2,1,300,,,,,,,,,,,,,,,,,,,,,,,,,,,,,,,,,,,,
CA,1,LAT,BPE,LBT,-9,-9,-9,1,14,1986,W,126436,4,28,1,31,M,II,-9,2,1,370,,,,,,,,,,,,,,,,,,,,,,,,,,,,,,,,,,,,
CA,1,LAT,BPE,LBT,-9,-9,-9,1,14,1986,W,126436,4,28,1,32,F,II,-9,3,1,340,,,,,,,,,,,,,,,,,,,,,,,,,,,,,,,,,,,,
CA,1,LAT,BPE,LBT,-9,-9,-9,1,14,1986,W,126436,4,28,1,33,F,II,-9,3,1,380,,,,,,,,,,,,,,,,,,,,,,,,,,,,,,,,,,,,
CA,1,LAT,BPE,LBT,-9,-9,-9,1,14,1986,W,126436,4,28,1,36,M,II,-9,3,1,460,,,,,,,,,,,,,,,,,,,,,,,,,,,,,,,,,,,,
CA,1,LAT,BPE,LBT,-9,-9,-9,1,14,1986,W,126436,4,28,1,35,F,II,-9,3,1,430,,,,,,,,,,,,,,,,,,,,,,,,,,,,,,,,,,,,
CA,1,LAT,BPE,LBT,-9,-9,-9,1,14,1986,W,126436,4,28,1,27,M,II,-9,2,1,200,,,,,,,,,,,,,,,,,,,,,,,,,,,,,,,,,,,,
CA,1,LAT,BPE,LBT,-9,-9,-9,1,14,1986,W,126436,4,28,1,33,F,II,-9,3,1,400,,,,,,,,,,,,,,,,,,,,,,,,,,,,,,,,,,,,
CA,1,LAT,BPE,LBT,-9,-9,-9,1,14,1986,W,126436,4,28,1,36,M,III,-9,3,1,400,,,,,,,,,,,,,,,,,,,,,,,,,,,,,,,,,,,,
CA,1,LAT,BPE,LBT,-9,-9,-9,1,14,1986,W,126436,4,28,1,29,F,II,-9,3,1,230,,,,,,,,,,,,,,,,,,,,,,,,,,,,,,,,,,,,
CA,1,LAT,BPE,LBT,-9,-9,-9,1,14,1986,W,126436,4,28,1,31,M,II,-9,2,1,310,,,,,,,,,,,,,,,,,,,,,,,,,,,,,,,,,,,,
CA,1,LAT,BPE,LBT,-9,-9,-9,1,14,1986,W,126436,4,28,1,27,M,II,-9,2,1,210,,,,,,,,,,,,,,,,,,,,,,,,,,,,,,,,,,,,
CA,1,LAT,BPE,LBT,-9,-9,-9,1,14,1986,W,126436,4,28,1,29,F,II,-9,2,1,280,,,,,,,,,,,,,,,,,,,,,,,,,,,,,,,,,,,,
CA,1,LAT,BPE,LBT,-9,-9,-9,1,14,1986,W,126436,4,28,1,28,F,II,-9,2,1,220,,,,,,,,,,,,,,,,,,,,,,,,,,,,,,,,,,,,
CA,1,LAT,BPE,LBT,-9,-9,-9,1,14,1986,W,126436,4,28,1,29,M,II,-9,2,1,240,,,,,,,,,,,,,,,,,,,,,,,,,,,,,,,,,,,,
CA,1,LAT,BPE,LBT,-9,-9,-9,1,14,1986,W,126436,4,28,1,30,F,II,-9,2,1,280,,,,,,,,,,,,,,,,,,,,,,,,,,,,,,,,,,,,
CA,1,LAT,BPE,LBT,-9,-9,-9,1,14,1986,W,126436,4,28,1,28,M,II,-9,2,1,200,,,,,,,,,,,,,,,,,,,,,,,,,,,,,,,,,,,,
CA,1,LAT,BPE,LBT,-9,-9,-9,1,14,1986,W,126436,4,28,1,26,M,II,-9,2,1,180,,,,,,,,,,,,,,,,,,,,,,,,,,,,,,,,,,,,
CA,1,LAT,BPE,LBT,-9,-9,-9,1,14,1986,W,126436,4,28,1,31,M,II,-9,2,1,320,,,,,,,,,,,,,,,,,,,,,,,,,,,,,,,,,,,,
CA,1,LAT,BPE,LBT,-9,-9,-9,1,14,1986,W,126436,4,28,1,27,F,II,-9,2,1,190,,,,,,,,,,,,,,,,,,,,,,,,,,,,,,,,,,,,
CA,1,LAT,BPE,LBT,-9,-9,-9,1,14,1986,W,126436,4,28,1,28,M,II,-9,2,1,230,,,,,,,,,,,,,,,,,,,,,,,,,,,,,,,,,,,,
CA,1,LAT,BPE,LBT,-9,-9,-9,1,14,1986,W,126436,4,28,1,28,M,II,-9,2,1,220,,,,,,,,,,,,,,,,,,,,,,,,,,,,,,,,,,,,
CA,1,LAT,BPE,LBT,-9,-9,-9,1,14,1986,W,126436,4,28,1,29,M,II,-9,2,1,270,,,,,,,,,,,,,,,,,,,,,,,,,,,,,,,,,,,,
CA,1,LAT,BPE,LBT,-9,-9,-9,1,14,1986,W,126436,4,28,1,30,M,II,-9,2,1,260,,,,,,,,,,,,,,,,,,,,,,,,,,,,,,,,,,,,
CA,1,LAT,BPE,LBT,-9,-9,-9,1,14,1986,W,126436,4,28,1,28,F,II,-9,2,1,280,,,,,,,,,,,,,,,,,,,,,,,,,,,,,,,,,,,,
CA,1,LAT,BPE,LBT,-9,-9,-9,1,14,1986,W,126436,4,28,1,27,M,II,-9,3,1,200,,,,,,,,,,,,,,,,,,,,,,,,,,,,,,,,,,,,
HH,1,LAT,BPE,LBT,-9,-9,-9,1,15,1986,1,15,0835,-9,30,D,57.4667,20.7333,57.4167,20.7000,43H0,55,V,-9,1,1,C,-9,-9,-9,-9,250,22,-9,3,580,-9,-9,-9,-9,-9,205,-9,-9,-9,-9,-9,-9,23,14,-9,2.7,3.6,3.8,-9,-9,-9,-9
HL,1,LAT,BPE,LBT,-9,-9,-9,1,15,1986,W,126436,1,-9,162,1,81,1,-9,60000,1,66,2,,,,,,,,,,,,,,,,,,,,,,,,,,,,,,,,,,,
HL,1,LAT,BPE,LBT,-9,-9,-9,1,15,1986,W,126436,1,-9,162,1,81,1,-9,60000,1,59,2,,,,,,,,,,,,,,,,,,,,,,,,,,,,,,,,,,,
HL,1,LAT,BPE,LBT,-9,-9,-9,1,15,1986,W,126436,1,-9,162,1,81,1,-9,60000,1,62,2,,,,,,,,,,,,,,,,,,,,,,,,,,,,,,,,,,,
HL,1,LAT,BPE,LBT,-9,-9,-9,1,15,1986,W,126436,1,-9,162,1,81,1,-9,60000,1,41,2,,,,,,,,,,,,,,,,,,,,,,,,,,,,,,,,,,,
HL,1,LAT,BPE,LBT,-9,-9,-9,1,15,1986,W,126436,1,-9,162,1,81,1,-9,60000,1,44,2,,,,,,,,,,,,,,,,,,,,,,,,,,,,,,,,,,,
HL,1,LAT,BPE,LBT,-9,-9,-9,1,15,1986,W,126436,1,-9,162,1,81,1,-9,60000,1,45,6,,,,,,,,,,,,,,,,,,,,,,,,,,,,,,,,,,,
HL,1,LAT,BPE,LBT,-9,-9,-9,1,15,1986,W,126436,1,-9,162,1,81,1,-9,60000,1,48,2,,,,,,,,,,,,,,,,,,,,,,,,,,,,,,,,,,,
HL,1,LAT,BPE,LBT,-9,-9,-9,1,15,1986,W,126436,1,-9,162,1,81,1,-9,60000,1,39,4,,,,,,,,,,,,,,,,,,,,,,,,,,,,,,,,,,,
HL,1,LAT,BPE,LBT,-9,-9,-9,1,15,1986,W,126436,1,-9,162,1,81,1,-9,60000,1,56,2,,,,,,,,,,,,,,,,,,,,,,,,,,,,,,,,,,,
HL,1,LAT,BPE,LBT,-9,-9,-9,1,15,1986,W,126436,1,-9,162,1,81,1,-9,60000,1,38,4,,,,,,,,,,,,,,,,,,,,,,,,,,,,,,,,,,,
HL,1,LAT,BPE,LBT,-9,-9,-9,1,15,1986,W,126436,1,-9,162,1,81,1,-9,60000,1,65,2,,,,,,,,,,,,,,,,,,,,,,,,,,,,,,,,,,,
HL,1,LAT,BPE,LBT,-9,-9,-9,1,15,1986,W,126436,1,-9,162,1,81,1,-9,60000,1,69,2,,,,,,,,,,,,,,,,,,,,,,,,,,,,,,,,,,,
HL,1,LAT,BPE,LBT,-9,-9,-9,1,15,1986,W,126436,1,-9,162,1,81,1,-9,60000,1,76,2,,,,,,,,,,,,,,,,,,,,,,,,,,,,,,,,,,,
HL,1,LAT,BPE,LBT,-9,-9,-9,1,15,1986,W,126436,1,-9,162,1,81,1,-9,60000,1,93,2,,,,,,,,,,,,,,,,,,,,,,,,,,,,,,,,,,,
HL,1,LAT,BPE,LBT,-9,-9,-9,1,15,1986,W,126436,1,-9,162,1,81,1,-9,60000,1,94,2,,,,,,,,,,,,,,,,,,,,,,,,,,,,,,,,,,,
HL,1,LAT,BPE,LBT,-9,-9,-9,1,15,1986,W,127141,4,-9,8,1,-9,1,-9,2000,-9,-9,-9,,,,,,,,,,,,,,,,,,,,,,,,,,,,,,,,,,,
HL,1,LAT,BPE,LBT,-9,-9,-9,1,15,1986,W,126436,1,-9,162,1,81,1,-9,60000,1,52,2,,,,,,,,,,,,,,,,,,,,,,,,,,,,,,,,,,,
HL,1,LAT,BPE,LBT,-9,-9,-9,1,15,1986,W,126436,1,-9,162,1,81,1,-9,60000,1,31,4,,,,,,,,,,,,,,,,,,,,,,,,,,,,,,,,,,,
HL,1,LAT,BPE,LBT,-9,-9,-9,1,15,1986,W,126436,1,-9,162,1,81,1,-9,60000,1,23,6,,,,,,,,,,,,,,,,,,,,,,,,,,,,,,,,,,,
HL,1,LAT,BPE,LBT,-9,-9,-9,1,15,1986,W,126436,1,-9,162,1,81,1,-9,60000,1,25,2,,,,,,,,,,,,,,,,,,,,,,,,,,,,,,,,,,,
HL,1,LAT,BPE,LBT,-9,-9,-9,1,15,1986,W,126436,1,-9,162,1,81,1,-9,60000,1,26,12,,,,,,,,,,,,,,,,,,,,,,,,,,,,,,,,,,,
HL,1,LAT,BPE,LBT,-9,-9,-9,1,15,1986,W,126436,1,-9,162,1,81,1,-9,60000,1,27,6,,,,,,,,,,,,,,,,,,,,,,,,,,,,,,,,,,,
HL,1,LAT,BPE,LBT,-9,-9,-9,1,15,1986,W,126436,1,-9,162,1,81,1,-9,60000,1,28,4,,,,,,,,,,,,,,,,,,,,,,,,,,,,,,,,,,,
HL,1,LAT,BPE,LBT,-9,-9,-9,1,15,1986,W,126436,1,-9,162,1,81,1,-9,60000,1,40,6,,,,,,,,,,,,,,,,,,,,,,,,,,,,,,,,,,,
HL,1,LAT,BPE,LBT,-9,-9,-9,1,15,1986,W,126436,1,-9,162,1,81,1,-9,60000,1,30,20,,,,,,,,,,,,,,,,,,,,,,,,,,,,,,,,,,,
HL,1,LAT,BPE,LBT,-9,-9,-9,1,15,1986,W,126436,1,-9,162,1,81,1,-9,60000,1,22,4,,,,,,,,,,,,,,,,,,,,,,,,,,,,,,,,,,,
HL,1,LAT,BPE,LBT,-9,-9,-9,1,15,1986,W,126436,1,-9,162,1,81,1,-9,60000,1,32,10,,,,,,,,,,,,,,,,,,,,,,,,,,,,,,,,,,,
HL,1,LAT,BPE,LBT,-9,-9,-9,1,15,1986,W,126436,1,-9,162,1,81,1,-9,60000,1,33,12,,,,,,,,,,,,,,,,,,,,,,,,,,,,,,,,,,,
HL,1,LAT,BPE,LBT,-9,-9,-9,1,15,1986,W,126436,1,-9,162,1,81,1,-9,60000,1,34,14,,,,,,,,,,,,,,,,,,,,,,,,,,,,,,,,,,,
HL,1,LAT,BPE,LBT,-9,-9,-9,1,15,1986,W,126436,1,-9,162,1,81,1,-9,60000,1,35,6,,,,,,,,,,,,,,,,,,,,,,,,,,,,,,,,,,,
HL,1,LAT,BPE,LBT,-9,-9,-9,1,15,1986,W,126436,1,-9,162,1,81,1,-9,60000,1,36,6,,,,,,,,,,,,,,,,,,,,,,,,,,,,,,,,,,,
HL,1,LAT,BPE,LBT,-9,-9,-9,1,15,1986,W,126436,1,-9,162,1,81,1,-9,60000,1,37,4,,,,,,,,,,,,,,,,,,,,,,,,,,,,,,,,,,,
HL,1,LAT,BPE,LBT,-9,-9,-9,1,15,1986,W,126436,1,-9,162,1,81,1,-9,60000,1,29,6,,,,,,,,,,,,,,,,,,,,,,,,,,,,,,,,,,,
