HH,2,LAT,ZBA,LBT,-9,-9,-9,3,1,1981,4,24,1600,-9,40,D,57.5167,22.8667,57.5667,22.8167,44H2,21,V,-9,1,1,C,-9,-9,-9,-9,150,22,-9,3,580,-9,-9,-9,-9,-9,-9,-9,-9,-9,-9,-9,-9,315,4,-9,0.5,-9,-9,-9,-9,-9,-9
HL,2,LAT,ZBA,LBT,-9,-9,-9,3,1,1981,W,126436,4,-9,45,1,-9,1,-9,30000,-9,-9,-9,,,,,,,,,,,,,,,,,,,,,,,,,,,,,,,,,,,
HL,2,LAT,ZBA,LBT,-9,-9,-9,3,1,1981,W,127141,4,-9,2,1,-9,1,-9,300,-9,-9,-9,,,,,,,,,,,,,,,,,,,,,,,,,,,,,,,,,,,
HH,2,LAT,ZBA,LBT,-9,-9,-9,3,2,1981,4,25,0935,-9,30,D,56.3167,19.5667,56.2833,19.5167,41G9,120,V,-9,1,1,C,-9,-9,-9,-9,250,22,-9,3,580,-9,-9,-9,-9,-9,-9,-9,-9,-9,-9,-9,-9,225,5,-9,1,-9,-9,-9,-9,-9,-9
HL,2,LAT,ZBA,LBT,-9,-9,-9,3,2,1981,W,126436,1,-9,2466,1,100,1,-9,3000000,1,63,24.7,,,,,,,,,,,,,,,,,,,,,,,,,,,,,,,,,,,
HL,2,LAT,ZBA,LBT,-9,-9,-9,3,2,1981,W,126436,1,-9,2466,1,100,1,-9,3000000,1,52,172.6,,,,,,,,,,,,,,,,,,,,,,,,,,,,,,,,,,,
HL,2,LAT,ZBA,LBT,-9,-9,-9,3,2,1981,W,126436,1,-9,2466,1,100,1,-9,3000000,1,53,74,,,,,,,,,,,,,,,,,,,,,,,,,,,,,,,,,,,
HL,2,LAT,ZBA,LBT,-9,-9,-9,3,2,1981,W,126436,1,-9,2466,1,100,1,-9,3000000,1,54,49.3,,,,,,,,,,,,,,,,,,,,,,,,,,,,,,,,,,,
HL,2,LAT,ZBA,LBT,-9,-9,-9,3,2,1981,W,126436,1,-9,2466,1,100,1,-9,3000000,1,55,49.3,,,,,,,,,,,,,,,,,,,,,,,,,,,,,,,,,,,
HL,2,LAT,ZBA,LBT,-9,-9,-9,3,2,1981,W,126436,1,-9,2466,1,100,1,-9,3000000,1,57,98.6,,,,,,,,,,,,,,,,,,,,,,,,,,,,,,,,,,,
HL,2,LAT,ZBA,LBT,-9,-9,-9,3,2,1981,W,126436,1,-9,2466,1,100,1,-9,3000000,1,59,49.3,,,,,,,,,,,,,,,,,,,,,,,,,,,,,,,,,,,
HL,2,LAT,ZBA,LBT,-9,-9,-9,3,2,1981,W,126436,1,-9,2466,1,100,1,-9,3000000,1,51,49.3,,,,,,,,,,,,,,,,,,,,,,,,,,,,,,,,,,,
HL,2,LAT,ZBA,LBT,-9,-9,-9,3,2,1981,W,126436,1,-9,2466,1,100,1,-9,3000000,1,62,49.3,,,,,,,,,,,,,,,,,,,,,,,,,,,,,,,,,,,
HL,2,LAT,ZBA,LBT,-9,-9,-9,3,2,1981,W,126436,1,-9,2466,1,100,1,-9,3000000,1,56,24.7,,,,,,,,,,,,,,,,,,,,,,,,,,,,,,,,,,,
HL,2,LAT,ZBA,LBT,-9,-9,-9,3,2,1981,W,126436,1,-9,2466,1,100,1,-9,3000000,1,66,24.7,,,,,,,,,,,,,,,,,,,,,,,,,,,,,,,,,,,
HL,2,LAT,ZBA,LBT,-9,-9,-9,3,2,1981,W,127141,4,-9,8,1,-9,1,-9,4000,-9,-9,-9,,,,,,,,,,,,,,,,,,,,,,,,,,,,,,,,,,,
HL,2,LAT,ZBA,LBT,-9,-9,-9,3,2,1981,W,126436,1,-9,2466,1,100,1,-9,3000000,1,60,49.3,,,,,,,,,,,,,,,,,,,,,,,,,,,,,,,,,,,
HL,2,LAT,ZBA,LBT,-9,-9,-9,3,2,1981,W,126436,1,-9,2466,1,100,1,-9,3000000,1,43,221.9,,,,,,,,,,,,,,,,,,,,,,,,,,,,,,,,,,,
HL,2,LAT,ZBA,LBT,-9,-9,-9,3,2,1981,W,126436,1,-9,2466,1,100,1,-9,3000000,1,36,49.3,,,,,,,,,,,,,,,,,,,,,,,,,,,,,,,,,,,
HL,2,LAT,ZBA,LBT,-9,-9,-9,3,2,1981,W,126436,1,-9,2466,1,100,1,-9,3000000,1,38,24.7,,,,,,,,,,,,,,,,,,,,,,,,,,,,,,,,,,,
HL,2,LAT,ZBA,LBT,-9,-9,-9,3,2,1981,W,126436,1,-9,2466,1,100,1,-9,3000000,1,58,98.6,,,,,,,,,,,,,,,,,,,,,,,,,,,,,,,,,,,
HL,2,LAT,ZBA,LBT,-9,-9,-9,3,2,1981,W,126436,1,-9,2466,1,100,1,-9,3000000,1,50,197.3,,,,,,,,,,,,,,,,,,,,,,,,,,,,,,,,,,,
HL,2,LAT,ZBA,LBT,-9,-9,-9,3,2,1981,W,126436,1,-9,2466,1,100,1,-9,3000000,1,40,74,,,,,,,,,,,,,,,,,,,,,,,,,,,,,,,,,,,
HL,2,LAT,ZBA,LBT,-9,-9,-9,3,2,1981,W,126436,1,-9,2466,1,100,1,-9,3000000,1,42,123.3,,,,,,,,,,,,,,,,,,,,,,,,,,,,,,,,,,,
HL,2,LAT,ZBA,LBT,-9,-9,-9,3,2,1981,W,126436,1,-9,2466,1,100,1,-9,3000000,1,39,24.7,,,,,,,,,,,,,,,,,,,,,,,,,,,,,,,,,,,
HL,2,LAT,ZBA,LBT,-9,-9,-9,3,2,1981,W,126436,1,-9,2466,1,100,1,-9,3000000,1,44,172.6,,,,,,,,,,,,,,,,,,,,,,,,,,,,,,,,,,,
HL,2,LAT,ZBA,LBT,-9,-9,-9,3,2,1981,W,126436,1,-9,2466,1,100,1,-9,3000000,1,45,172.6,,,,,,,,,,,,,,,,,,,,,,,,,,,,,,,,,,,
HL,2,LAT,ZBA,LBT,-9,-9,-9,3,2,1981,W,126436,1,-9,2466,1,100,1,-9,3000000,1,46,123.3,,,,,,,,,,,,,,,,,,,,,,,,,,,,,,,,,,,
HL,2,LAT,ZBA,LBT,-9,-9,-9,3,2,1981,W,126436,1,-9,2466,1,100,1,-9,3000000,1,47,74,,,,,,,,,,,,,,,,,,,,,,,,,,,,,,,,,,,
HL,2,LAT,ZBA,LBT,-9,-9,-9,3,2,1981,W,126436,1,-9,2466,1,100,1,-9,3000000,1,48,246.6,,,,,,,,,,,,,,,,,,,,,,,,,,,,,,,,,,,
HL,2,LAT,ZBA,LBT,-9,-9,-9,3,2,1981,W,126436,1,-9,2466,1,100,1,-9,3000000,1,49,123.3,,,,,,,,,,,,,,,,,,,,,,,,,,,,,,,,,,,
HL,2,LAT,ZBA,LBT,-9,-9,-9,3,2,1981,W,126436,1,-9,2466,1,100,1,-9,3000000,1,41,24.7,,,,,,,,,,,,,,,,,,,,,,,,,,,,,,,,,,,
CA,2,LAT,ZBA,LBT,-9,-9,-9,3,2,1981,W,126436,4,26,1,45,F,V,-9,5,1,850,,,,,,,,,,,,,,,,,,,,,,,,,,,,,,,,,,,,
CA,2,LAT,ZBA,LBT,-9,-9,-9,3,2,1981,W,126436,4,26,1,43,F,IV,-9,5,1,710,,,,,,,,,,,,,,,,,,,,,,,,,,,,,,,,,,,,
CA,2,LAT,ZBA,LBT,-9,-9,-9,3,2,1981,W,126436,4,26,1,43,F,V,-9,4,1,730,,,,,,,,,,,,,,,,,,,,,,,,,,,,,,,,,,,,
CA,2,LAT,ZBA,LBT,-9,-9,-9,3,2,1981,W,126436,4,26,1,39,M,V,-9,4,1,550,,,,,,,,,,,,,,,,,,,,,,,,,,,,,,,,,,,,
CA,2,LAT,ZBA,LBT,-9,-9,-9,3,2,1981,W,126436,4,26,1,40,M,V,-9,4,1,510,,,,,,,,,,,,,,,,,,,,,,,,,,,,,,,,,,,,
CA,2,LAT,ZBA,LBT,-9,-9,-9,3,2,1981,W,126436,4,26,1,43,F,III,-9,-9,1,730,,,,,,,,,,,,,,,,,,,,,,,,,,,,,,,,,,,,
CA,2,LAT,ZBA,LBT,-9,-9,-9,3,2,1981,W,126436,4,26,1,44,M,V,-9,3,1,700,,,,,,,,,,,,,,,,,,,,,,,,,,,,,,,,,,,,
CA,2,LAT,ZBA,LBT,-9,-9,-9,3,2,1981,W,126436,4,26,1,36,F,V,-9,4,1,460,,,,,,,,,,,,,,,,,,,,,,,,,,,,,,,,,,,,
CA,2,LAT,ZBA,LBT,-9,-9,-9,3,2,1981,W,126436,4,26,1,57,M,V,-9,6,1,1400,,,,,,,,,,,,,,,,,,,,,,,,,,,,,,,,,,,,
CA,2,LAT,ZBA,LBT,-9,-9,-9,3,2,1981,W,126436,4,26,1,49,F,IV,-9,6,1,1140,,,,,,,,,,,,,,,,,,,,,,,,,,,,,,,,,,,,
CA,2,LAT,ZBA,LBT,-9,-9,-9,3,2,1981,W,126436,4,26,1,50,M,V,-9,-9,1,1050,,,,,,,,,,,,,,,,,,,,,,,,,,,,,,,,,,,,
CA,2,LAT,ZBA,LBT,-9,-9,-9,3,2,1981,W,126436,4,26,1,50,M,V,-9,-9,1,920,,,,,,,,,,,,,,,,,,,,,,,,,,,,,,,,,,,,
CA,2,LAT,ZBA,LBT,-9,-9,-9,3,2,1981,W,126436,4,26,1,46,F,V,-9,5,1,950,,,,,,,,,,,,,,,,,,,,,,,,,,,,,,,,,,,,
CA,2,LAT,ZBA,LBT,-9,-9,-9,3,2,1981,W,126436,4,26,1,48,F,IV,-9,6,1,1070,,,,,,,,,,,,,,,,,,,,,,,,,,,,,,,,,,,,
CA,2,LAT,ZBA,LBT,-9,-9,-9,3,2,1981,W,126436,4,26,1,43,F,IV,-9,4,1,800,,,,,,,,,,,,,,,,,,,,,,,,,,,,,,,,,,,,
CA,2,LAT,ZBA,LBT,-9,-9,-9,3,2,1981,W,126436,4,26,1,59,M,II,-9,6,1,1460,,,,,,,,,,,,,,,,,,,,,,,,,,,,,,,,,,,,
CA,2,LAT,ZBA,LBT,-9,-9,-9,3,2,1981,W,126436,4,26,1,52,M,V,-9,5,1,1090,,,,,,,,,,,,,,,,,,,,,,,,,,,,,,,,,,,,
CA,2,LAT,ZBA,LBT,-9,-9,-9,3,2,1981,W,126436,4,26,1,47,F,V,-9,5,1,920,,,,,,,,,,,,,,,,,,,,,,,,,,,,,,,,,,,,
CA,2,LAT,ZBA,LBT,-9,-9,-9,3,2,1981,W,126436,4,26,1,58,F,V,-9,-9,1,1790,,,,,,,,,,,,,,,,,,,,,,,,,,,,,,,,,,,,
CA,2,LAT,ZBA,LBT,-9,-9,-9,3,2,1981,W,126436,4,26,1,66,M,V,-9,7,1,1980,,,,,,,,,,,,,,,,,,,,,,,,,,,,,,,,,,,,
CA,2,LAT,ZBA,LBT,-9,-9,-9,3,2,1981,W,126436,4,26,1,52,F,IV,-9,6,1,1150,,,,,,,,,,,,,,,,,,,,,,,,,,,,,,,,,,,,
CA,2,LAT,ZBA,LBT,-9,-9,-9,3,2,1981,W,126436,4,26,1,57,F,V,-9,6,1,1750,,,,,,,,,,,,,,,,,,,,,,,,,,,,,,,,,,,,
CA,2,LAT,ZBA,LBT,-9,-9,-9,3,2,1981,W,126436,4,26,1,42,F,III,-9,4,1,780,,,,,,,,,,,,,,,,,,,,,,,,,,,,,,,,,,,,
CA,2,LAT,ZBA,LBT,-9,-9,-9,3,2,1981,W,126436,4,26,1,42,M,V,-9,4,1,570,,,,,,,,,,,,,,,,,,,,,,,,,,,,,,,,,,,,
CA,2,LAT,ZBA,LBT,-9,-9,-9,3,2,1981,W,126436,4,26,1,49,M,V,-9,5,1,830,,,,,,,,,,,,,,,,,,,,,,,,,,,,,,,,,,,,
CA,2,LAT,ZBA,LBT,-9,-9,-9,3,2,1981,W,126436,4,26,1,43,F,V,-9,5,1,820,,,,,,,,,,,,,,,,,,,,,,,,,,,,,,,,,,,,
CA,2,LAT,ZBA,LBT,-9,-9,-9,3,2,1981,W,126436,4,26,1,53,M,V,-9,5,1,1060,,,,,,,,,,,,,,,,,,,,,,,,,,,,,,,,,,,,
CA,2,LAT,ZBA,LBT,-9,-9,-9,3,2,1981,W,126436,4,26,1,48,M,V,-9,5,1,880,,,,,,,,,,,,,,,,,,,,,,,,,,,,,,,,,,,,
CA,2,LAT,ZBA,LBT,-9,-9,-9,3,2,1981,W,126436,4,26,1,43,M,V,-9,4,1,700,,,,,,,,,,,,,,,,,,,,,,,,,,,,,,,,,,,,
CA,2,LAT,ZBA,LBT,-9,-9,-9,3,2,1981,W,126436,4,26,1,42,M,V,-9,4,1,570,,,,,,,,,,,,,,,,,,,,,,,,,,,,,,,,,,,,
CA,2,LAT,ZBA,LBT,-9,-9,-9,3,2,1981,W,126436,4,26,1,48,F,V,-9,5,1,820,,,,,,,,,,,,,,,,,,,,,,,,,,,,,,,,,,,,
CA,2,LAT,ZBA,LBT,-9,-9,-9,3,2,1981,W,126436,4,26,1,60,F,V,-9,7,1,1600,,,,,,,,,,,,,,,,,,,,,,,,,,,,,,,,,,,,
CA,2,LAT,ZBA,LBT,-9,-9,-9,3,2,1981,W,126436,4,26,1,53,M,V,-9,6,1,1300,,,,,,,,,,,,,,,,,,,,,,,,,,,,,,,,,,,,
CA,2,LAT,ZBA,LBT,-9,-9,-9,3,2,1981,W,126436,4,26,1,40,M,V,-9,4,1,560,,,,,,,,,,,,,,,,,,,,,,,,,,,,,,,,,,,,
CA,2,LAT,ZBA,LBT,-9,-9,-9,3,2,1981,W,126436,4,26,1,44,F,III,-9,5,1,795,,,,,,,,,,,,,,,,,,,,,,,,,,,,,,,,,,,,
CA,2,LAT,ZBA,LBT,-9,-9,-9,3,2,1981,W,126436,4,26,1,52,F,IV,-9,5,1,1200,,,,,,,,,,,,,,,,,,,,,,,,,,,,,,,,,,,,
CA,2,LAT,ZBA,LBT,-9,-9,-9,3,2,1981,W,126436,4,26,1,46,F,IV,-9,6,1,1000,,,,,,,,,,,,,,,,,,,,,,,,,,,,,,,,,,,,
CA,2,LAT,ZBA,LBT,-9,-9,-9,3,2,1981,W,126436,4,26,1,62,M,V,-9,6,1,1755,,,,,,,,,,,,,,,,,,,,,,,,,,,,,,,,,,,,
CA,2,LAT,ZBA,LBT,-9,-9,-9,3,2,1981,W,126436,4,26,1,48,F,IV,-9,5,1,1230,,,,,,,,,,,,,,,,,,,,,,,,,,,,,,,,,,,,
CA,2,LAT,ZBA,LBT,-9,-9,-9,3,2,1981,W,126436,4,26,1,44,F,IV,-9,5,1,900,,,,,,,,,,,,,,,,,,,,,,,,,,,,,,,,,,,,
CA,2,LAT,ZBA,LBT,-9,-9,-9,3,2,1981,W,126436,4,26,1,55,M,V,-9,4,1,1255,,,,,,,,,,,,,,,,,,,,,,,,,,,,,,,,,,,,
CA,2,LAT,ZBA,LBT,-9,-9,-9,3,2,1981,W,126436,4,26,1,59,M,V,-9,6,1,1622,,,,,,,,,,,,,,,,,,,,,,,,,,,,,,,,,,,,
CA,2,LAT,ZBA,LBT,-9,-9,-9,3,2,1981,W,126436,4,26,1,52,M,V,-9,6,1,1140,,,,,,,,,,,,,,,,,,,,,,,,,,,,,,,,,,,,
CA,2,LAT,ZBA,LBT,-9,-9,-9,3,2,1981,W,126436,4,26,1,48,M,V,-9,5,1,980,,,,,,,,,,,,,,,,,,,,,,,,,,,,,,,,,,,,
CA,2,LAT,ZBA,LBT,-9,-9,-9,3,2,1981,W,126436,4,26,1,38,F,V,-9,4,1,485,,,,,,,,,,,,,,,,,,,,,,,,,,,,,,,,,,,,
CA,2,LAT,ZBA,LBT,-9,-9,-9,3,2,1981,W,126436,4,26,1,46,M,V,-9,4,1,880,,,,,,,,,,,,,,,,,,,,,,,,,,,,,,,,,,,,
CA,2,LAT,ZBA,LBT,-9,-9,-9,3,2,1981,W,126436,4,26,1,51,F,IV,-9,5,1,1455,,,,,,,,,,,,,,,,,,,,,,,,,,,,,,,,,,,,
CA,2,LAT,ZBA,LBT,-9,-9,-9,3,2,1981,W,126436,4,26,1,50,M,IV,-9,5,1,1260,,,,,,,,,,,,,,,,,,,,,,,,,,,,,,,,,,,,
CA,2,LAT,ZBA,LBT,-9,-9,-9,3,2,1981,W,126436,4,26,1,50,F,V,-9,5,1,1220,,,,,,,,,,,,,,,,,,,,,,,,,,,,,,,,,,,,
CA,2,LAT,ZBA,LBT,-9,-9,-9,3,2,1981,W,126436,4,26,1,46,M,IV,-9,5,1,900,,,,,,,,,,,,,,,,,,,,,,,,,,,,,,,,,,,,
CA,2,LAT,ZBA,LBT,-9,-9,-9,3,2,1981,W,126436,4,26,1,60,M,V,-9,6,1,1800,,,,,,,,,,,,,,,,,,,,,,,,,,,,,,,,,,,,
CA,2,LAT,ZBA,LBT,-9,-9,-9,3,2,1981,W,126436,4,26,1,45,F,V,-9,5,1,860,,,,,,,,,,,,,,,,,,,,,,,,,,,,,,,,,,,,
CA,2,LAT,ZBA,LBT,-9,-9,-9,3,2,1981,W,126436,4,26,1,48,M,V,-9,5,1,900,,,,,,,,,,,,,,,,,,,,,,,,,,,,,,,,,,,,
CA,2,LAT,ZBA,LBT,-9,-9,-9,3,2,1981,W,126436,4,26,1,47,F,IV,-9,-9,1,1060,,,,,,,,,,,,,,,,,,,,,,,,,,,,,,,,,,,,
CA,2,LAT,ZBA,LBT,-9,-9,-9,3,2,1981,W,126436,4,26,1,53,M,V,-9,6,1,1170,,,,,,,,,,,,,,,,,,,,,,,,,,,,,,,,,,,,
CA,2,LAT,ZBA,LBT,-9,-9,-9,3,2,1981,W,126436,4,26,1,58,M,V,-9,6,1,1670,,,,,,,,,,,,,,,,,,,,,,,,,,,,,,,,,,,,
CA,2,LAT,ZBA,LBT,-9,-9,-9,3,2,1981,W,126436,4,26,1,44,M,V,-9,5,1,770,,,,,,,,,,,,,,,,,,,,,,,,,,,,,,,,,,,,
CA,2,LAT,ZBA,LBT,-9,-9,-9,3,2,1981,W,126436,4,26,1,42,M,V,-9,-9,1,700,,,,,,,,,,,,,,,,,,,,,,,,,,,,,,,,,,,,
CA,2,LAT,ZBA,LBT,-9,-9,-9,3,2,1981,W,126436,4,26,1,51,M,V,-9,6,1,930,,,,,,,,,,,,,,,,,,,,,,,,,,,,,,,,,,,,
CA,2,LAT,ZBA,LBT,-9,-9,-9,3,2,1981,W,126436,4,26,1,45,F,IV,-9,5,1,950,,,,,,,,,,,,,,,,,,,,,,,,,,,,,,,,,,,,
CA,2,LAT,ZBA,LBT,-9,-9,-9,3,2,1981,W,126436,4,26,1,45,F,IV,-9,5,1,1120,,,,,,,,,,,,,,,,,,,,,,,,,,,,,,,,,,,,
CA,2,LAT,ZBA,LBT,-9,-9,-9,3,2,1981,W,126436,4,26,1,43,F,V,-9,4,1,790,,,,,,,,,,,,,,,,,,,,,,,,,,,,,,,,,,,,
CA,2,LAT,ZBA,LBT,-9,-9,-9,3,2,1981,W,126436,4,26,1,62,F,V,-9,6,1,2220,,,,,,,,,,,,,,,,,,,,,,,,,,,,,,,,,,,,
CA,2,LAT,ZBA,LBT,-9,-9,-9,3,2,1981,W,126436,4,26,1,48,F,V,-9,5,1,1190,,,,,,,,,,,,,,,,,,,,,,,,,,,,,,,,,,,,
CA,2,LAT,ZBA,LBT,-9,-9,-9,3,2,1981,W,126436,4,26,1,48,M,V,-9,5,1,1145,,,,,,,,,,,,,,,,,,,,,,,,,,,,,,,,,,,,
CA,2,LAT,ZBA,LBT,-9,-9,-9,3,2,1981,W,126436,4,26,1,49,M,V,-9,5,1,920,,,,,,,,,,,,,,,,,,,,,,,,,,,,,,,,,,,,
CA,2,LAT,ZBA,LBT,-9,-9,-9,3,2,1981,W,126436,4,26,1,43,F,V,-9,4,1,750,,,,,,,,,,,,,,,,,,,,,,,,,,,,,,,,,,,,
CA,2,LAT,ZBA,LBT,-9,-9,-9,3,2,1981,W,126436,4,26,1,55,M,V,-9,6,1,1200,,,,,,,,,,,,,,,,,,,,,,,,,,,,,,,,,,,,
CA,2,LAT,ZBA,LBT,-9,-9,-9,3,2,1981,W,126436,4,26,1,50,F,IV,-9,5,1,1530,,,,,,,,,,,,,,,,,,,,,,,,,,,,,,,,,,,,
CA,2,LAT,ZBA,LBT,-9,-9,-9,3,2,1981,W,126436,4,26,1,44,M,V,-9,4,1,750,,,,,,,,,,,,,,,,,,,,,,,,,,,,,,,,,,,,
CA,2,LAT,ZBA,LBT,-9,-9,-9,3,2,1981,W,126436,4,26,1,52,M,V,-9,6,1,1290,,,,,,,,,,,,,,,,,,,,,,,,,,,,,,,,,,,,
CA,2,LAT,ZBA,LBT,-9,-9,-9,3,2,1981,W,126436,4,26,1,44,F,IV,-9,4,1,940,,,,,,,,,,,,,,,,,,,,,,,,,,,,,,,,,,,,
CA,2,LAT,ZBA,LBT,-9,-9,-9,3,2,1981,W,126436,4,26,1,57,F,V,-9,6,1,1530,,,,,,,,,,,,,,,,,,,,,,,,,,,,,,,,,,,,
CA,2,LAT,ZBA,LBT,-9,-9,-9,3,2,1981,W,126436,4,26,1,63,F,IV,-9,5,1,1950,,,,,,,,,,,,,,,,,,,,,,,,,,,,,,,,,,,,
CA,2,LAT,ZBA,LBT,-9,-9,-9,3,2,1981,W,126436,4,26,1,50,F,V,-9,-9,1,1270,,,,,,,,,,,,,,,,,,,,,,,,,,,,,,,,,,,,
CA,2,LAT,ZBA,LBT,-9,-9,-9,3,2,1981,W,126436,4,26,1,54,M,V,-9,5,1,1420,,,,,,,,,,,,,,,,,,,,,,,,,,,,,,,,,,,,
CA,2,LAT,ZBA,LBT,-9,-9,-9,3,2,1981,W,126436,4,26,1,45,M,III,-9,6,1,955,,,,,,,,,,,,,,,,,,,,,,,,,,,,,,,,,,,,
CA,2,LAT,ZBA,LBT,-9,-9,-9,3,2,1981,W,126436,4,26,1,58,M,V,-9,5,1,1700,,,,,,,,,,,,,,,,,,,,,,,,,,,,,,,,,,,,
CA,2,LAT,ZBA,LBT,-9,-9,-9,3,2,1981,W,126436,4,26,1,58,M,V,-9,-9,1,1750,,,,,,,,,,,,,,,,,,,,,,,,,,,,,,,,,,,,
CA,2,LAT,ZBA,LBT,-9,-9,-9,3,2,1981,W,126436,4,26,1,44,F,IV,-9,5,1,783,,,,,,,,,,,,,,,,,,,,,,,,,,,,,,,,,,,,
CA,2,LAT,ZBA,LBT,-9,-9,-9,3,2,1981,W,126436,4,26,1,49,M,V,-9,6,1,910,,,,,,,,,,,,,,,,,,,,,,,,,,,,,,,,,,,,
CA,2,LAT,ZBA,LBT,-9,-9,-9,3,2,1981,W,126436,4,26,1,40,M,IV,-9,4,1,580,,,,,,,,,,,,,,,,,,,,,,,,,,,,,,,,,,,,
CA,2,LAT,ZBA,LBT,-9,-9,-9,3,2,1981,W,126436,4,26,1,48,F,IV,-9,5,1,1140,,,,,,,,,,,,,,,,,,,,,,,,,,,,,,,,,,,,
CA,2,LAT,ZBA,LBT,-9,-9,-9,3,2,1981,W,126436,4,26,1,45,F,V,-9,5,1,1060,,,,,,,,,,,,,,,,,,,,,,,,,,,,,,,,,,,,
CA,2,LAT,ZBA,LBT,-9,-9,-9,3,2,1981,W,126436,4,26,1,36,F,IV,-9,4,1,510,,,,,,,,,,,,,,,,,,,,,,,,,,,,,,,,,,,,
CA,2,LAT,ZBA,LBT,-9,-9,-9,3,2,1981,W,126436,4,26,1,54,M,V,-9,6,1,1300,,,,,,,,,,,,,,,,,,,,,,,,,,,,,,,,,,,,
CA,2,LAT,ZBA,LBT,-9,-9,-9,3,2,1981,W,126436,4,26,1,49,M,III,-9,5,1,950,,,,,,,,,,,,,,,,,,,,,,,,,,,,,,,,,,,,
CA,2,LAT,ZBA,LBT,-9,-9,-9,3,2,1981,W,126436,4,26,1,45,M,V,-9,5,1,770,,,,,,,,,,,,,,,,,,,,,,,,,,,,,,,,,,,,
CA,2,LAT,ZBA,LBT,-9,-9,-9,3,2,1981,W,126436,4,26,1,42,M,V,-9,4,1,660,,,,,,,,,,,,,,,,,,,,,,,,,,,,,,,,,,,,
CA,2,LAT,ZBA,LBT,-9,-9,-9,3,2,1981,W,126436,4,26,1,57,F,V,-9,6,1,2000,,,,,,,,,,,,,,,,,,,,,,,,,,,,,,,,,,,,
CA,2,LAT,ZBA,LBT,-9,-9,-9,3,2,1981,W,126436,4,26,1,48,F,III,-9,5,1,1000,,,,,,,,,,,,,,,,,,,,,,,,,,,,,,,,,,,,
CA,2,LAT,ZBA,LBT,-9,-9,-9,3,2,1981,W,126436,4,26,1,50,M,V,-9,5,1,1000,,,,,,,,,,,,,,,,,,,,,,,,,,,,,,,,,,,,
CA,2,LAT,ZBA,LBT,-9,-9,-9,3,2,1981,W,126436,4,26,1,52,M,V,-9,5,1,1200,,,,,,,,,,,,,,,,,,,,,,,,,,,,,,,,,,,,
CA,2,LAT,ZBA,LBT,-9,-9,-9,3,2,1981,W,126436,4,26,1,56,M,V,-9,5,1,1250,,,,,,,,,,,,,,,,,,,,,,,,,,,,,,,,,,,,
CA,2,LAT,ZBA,LBT,-9,-9,-9,3,2,1981,W,126436,4,26,1,46,M,V,-9,5,1,780,,,,,,,,,,,,,,,,,,,,,,,,,,,,,,,,,,,,
CA,2,LAT,ZBA,LBT,-9,-9,-9,3,2,1981,W,126436,4,26,1,41,F,V,-9,4,1,720,,,,,,,,,,,,,,,,,,,,,,,,,,,,,,,,,,,,
CA,2,LAT,ZBA,LBT,-9,-9,-9,3,2,1981,W,126436,4,26,1,43,M,V,-9,5,1,660,,,,,,,,,,,,,,,,,,,,,,,,,,,,,,,,,,,,
CA,2,LAT,ZBA,LBT,-9,-9,-9,3,2,1981,W,126436,4,26,1,50,M,V,-9,5,1,1150,,,,,,,,,,,,,,,,,,,,,,,,,,,,,,,,,,,,
CA,2,LAT,ZBA,LBT,-9,-9,-9,3,2,1981,W,126436,4,26,1,52,F,IV,-9,6,1,1350,,,,,,,,,,,,,,,,,,,,,,,,,,,,,,,,,,,,
CA,2,LAT,ZBA,LBT,-9,-9,-9,3,2,1981,W,126436,4,26,1,47,F,IV,-9,5,1,1030,,,,,,,,,,,,,,,,,,,,,,,,,,,,,,,,,,,,
HH,2,LAT,ZBA,LBT,-9,-9,-9,3,3,1981,4,25,1620,-9,25,D,55.9167,19.0667,55.9333,19.1000,40G9,116,V,-9,1,1,C,-9,-9,-9,-9,250,22,-9,3,580,-9,-9,-9,-9,-9,-9,-9,-9,-9,-9,-9,-9,0,0,-9,0,-9,-9,-9,-9,-9,-9
HL,2,LAT,ZBA,LBT,-9,-9,-9,3,3,1981,W,126436,1,-9,336,1,80,1,-9,168000,1,41,21,,,,,,,,,,,,,,,,,,,,,,,,,,,,,,,,,,,
HL,2,LAT,ZBA,LBT,-9,-9,-9,3,3,1981,W,126436,1,-9,336,1,80,1,-9,168000,1,48,25.2,,,,,,,,,,,,,,,,,,,,,,,,,,,,,,,,,,,
HL,2,LAT,ZBA,LBT,-9,-9,-9,3,3,1981,W,126436,1,-9,336,1,80,1,-9,168000,1,47,37.8,,,,,,,,,,,,,,,,,,,,,,,,,,,,,,,,,,,
HL,2,LAT,ZBA,LBT,-9,-9,-9,3,3,1981,W,126436,1,-9,336,1,80,1,-9,168000,1,46,25.2,,,,,,,,,,,,,,,,,,,,,,,,,,,,,,,,,,,
HL,2,LAT,ZBA,LBT,-9,-9,-9,3,3,1981,W,126436,1,-9,336,1,80,1,-9,168000,1,45,21,,,,,,,,,,,,,,,,,,,,,,,,,,,,,,,,,,,
HL,2,LAT,ZBA,LBT,-9,-9,-9,3,3,1981,W,126436,1,-9,336,1,80,1,-9,168000,1,44,16.8,,,,,,,,,,,,,,,,,,,,,,,,,,,,,,,,,,,
HL,2,LAT,ZBA,LBT,-9,-9,-9,3,3,1981,W,126436,1,-9,336,1,80,1,-9,168000,1,39,8.4,,,,,,,,,,,,,,,,,,,,,,,,,,,,,,,,,,,
HL,2,LAT,ZBA,LBT,-9,-9,-9,3,3,1981,W,126436,1,-9,336,1,80,1,-9,168000,1,42,4.2,,,,,,,,,,,,,,,,,,,,,,,,,,,,,,,,,,,
HL,2,LAT,ZBA,LBT,-9,-9,-9,3,3,1981,W,126436,1,-9,336,1,80,1,-9,168000,1,40,12.6,,,,,,,,,,,,,,,,,,,,,,,,,,,,,,,,,,,
HL,2,LAT,ZBA,LBT,-9,-9,-9,3,3,1981,W,126436,1,-9,336,1,80,1,-9,168000,1,49,8.4,,,,,,,,,,,,,,,,,,,,,,,,,,,,,,,,,,,
HL,2,LAT,ZBA,LBT,-9,-9,-9,3,3,1981,W,126436,1,-9,336,1,80,1,-9,168000,1,36,4.2,,,,,,,,,,,,,,,,,,,,,,,,,,,,,,,,,,,
HL,2,LAT,ZBA,LBT,-9,-9,-9,3,3,1981,W,126436,1,-9,336,1,80,1,-9,168000,1,33,4.2,,,,,,,,,,,,,,,,,,,,,,,,,,,,,,,,,,,
HL,2,LAT,ZBA,LBT,-9,-9,-9,3,3,1981,W,126436,1,-9,336,1,80,1,-9,168000,1,43,8.4,,,,,,,,,,,,,,,,,,,,,,,,,,,,,,,,,,,
HL,2,LAT,ZBA,LBT,-9,-9,-9,3,3,1981,W,126436,1,-9,336,1,80,1,-9,168000,1,60,8.4,,,,,,,,,,,,,,,,,,,,,,,,,,,,,,,,,,,
HL,2,LAT,ZBA,LBT,-9,-9,-9,3,3,1981,W,126436,1,-9,336,1,80,1,-9,168000,1,50,12.6,,,,,,,,,,,,,,,,,,,,,,,,,,,,,,,,,,,
HL,2,LAT,ZBA,LBT,-9,-9,-9,3,3,1981,W,126436,1,-9,336,1,80,1,-9,168000,1,64,4.2,,,,,,,,,,,,,,,,,,,,,,,,,,,,,,,,,,,
HL,2,LAT,ZBA,LBT,-9,-9,-9,3,3,1981,W,126436,1,-9,336,1,80,1,-9,168000,1,38,4.2,,,,,,,,,,,,,,,,,,,,,,,,,,,,,,,,,,,
HL,2,LAT,ZBA,LBT,-9,-9,-9,3,3,1981,W,126436,1,-9,336,1,80,1,-9,168000,1,62,4.2,,,,,,,,,,,,,,,,,,,,,,,,,,,,,,,,,,,
HL,2,LAT,ZBA,LBT,-9,-9,-9,3,3,1981,W,126436,1,-9,336,1,80,1,-9,168000,1,68,4.2,,,,,,,,,,,,,,,,,,,,,,,,,,,,,,,,,,,
HL,2,LAT,ZBA,LBT,-9,-9,-9,3,3,1981,W,126436,1,-9,336,1,80,1,-9,168000,1,59,4.2,,,,,,,,,,,,,,,,,,,,,,,,,,,,,,,,,,,
HL,2,LAT,ZBA,LBT,-9,-9,-9,3,3,1981,W,126436,1,-9,336,1,80,1,-9,168000,1,58,16.8,,,,,,,,,,,,,,,,,,,,,,,,,,,,,,,,,,,
HL,2,LAT,ZBA,LBT,-9,-9,-9,3,3,1981,W,126436,1,-9,336,1,80,1,-9,168000,1,57,4.2,,,,,,,,,,,,,,,,,,,,,,,,,,,,,,,,,,,
HL,2,LAT,ZBA,LBT,-9,-9,-9,3,3,1981,W,126436,1,-9,336,1,80,1,-9,168000,1,55,8.4,,,,,,,,,,,,,,,,,,,,,,,,,,,,,,,,,,,
HL,2,LAT,ZBA,LBT,-9,-9,-9,3,3,1981,W,126436,1,-9,336,1,80,1,-9,168000,1,54,12.6,,,,,,,,,,,,,,,,,,,,,,,,,,,,,,,,,,,
HL,2,LAT,ZBA,LBT,-9,-9,-9,3,3,1981,W,126436,1,-9,336,1,80,1,-9,168000,1,53,12.6,,,,,,,,,,,,,,,,,,,,,,,,,,,,,,,,,,,
HL,2,LAT,ZBA,LBT,-9,-9,-9,3,3,1981,W,126436,1,-9,336,1,80,1,-9,168000,1,52,25.2,,,,,,,,,,,,,,,,,,,,,,,,,,,,,,,,,,,
HL,2,LAT,ZBA,LBT,-9,-9,-9,3,3,1981,W,126436,1,-9,336,1,80,1,-9,168000,1,51,12.6,,,,,,,,,,,,,,,,,,,,,,,,,,,,,,,,,,,
HL,2,LAT,ZBA,LBT,-9,-9,-9,3,3,1981,W,126436,1,-9,336,1,80,1,-9,168000,1,63,4.2,,,,,,,,,,,,,,,,,,,,,,,,,,,,,,,,,,,
CA,2,LAT,ZBA,LBT,-9,-9,-9,3,3,1981,W,126436,4,26,1,54,M,IV,-9,5,1,1400,,,,,,,,,,,,,,,,,,,,,,,,,,,,,,,,,,,,
CA,2,LAT,ZBA,LBT,-9,-9,-9,3,3,1981,W,126436,4,26,1,58,F,V,-9,5,1,1695,,,,,,,,,,,,,,,,,,,,,,,,,,,,,,,,,,,,
CA,2,LAT,ZBA,LBT,-9,-9,-9,3,3,1981,W,126436,4,26,1,52,F,V,-9,5,1,1350,,,,,,,,,,,,,,,,,,,,,,,,,,,,,,,,,,,,
CA,2,LAT,ZBA,LBT,-9,-9,-9,3,3,1981,W,126436,4,26,1,48,F,V,-9,5,1,1260,,,,,,,,,,,,,,,,,,,,,,,,,,,,,,,,,,,,
CA,2,LAT,ZBA,LBT,-9,-9,-9,3,3,1981,W,126436,4,26,1,47,M,V,-9,5,1,900,,,,,,,,,,,,,,,,,,,,,,,,,,,,,,,,,,,,
CA,2,LAT,ZBA,LBT,-9,-9,-9,3,3,1981,W,126436,4,26,1,52,F,V,-9,6,1,1345,,,,,,,,,,,,,,,,,,,,,,,,,,,,,,,,,,,,
CA,2,LAT,ZBA,LBT,-9,-9,-9,3,3,1981,W,126436,4,26,1,45,M,V,-9,6,1,850,,,,,,,,,,,,,,,,,,,,,,,,,,,,,,,,,,,,
CA,2,LAT,ZBA,LBT,-9,-9,-9,3,3,1981,W,126436,4,26,1,58,F,V,-9,6,1,2375,,,,,,,,,,,,,,,,,,,,,,,,,,,,,,,,,,,,
CA,2,LAT,ZBA,LBT,-9,-9,-9,3,3,1981,W,126436,4,26,1,50,M,V,-9,5,1,1010,,,,,,,,,,,,,,,,,,,,,,,,,,,,,,,,,,,,
CA,2,LAT,ZBA,LBT,-9,-9,-9,3,3,1981,W,126436,4,26,1,50,M,IV,-9,5,1,1100,,,,,,,,,,,,,,,,,,,,,,,,,,,,,,,,,,,,
CA,2,LAT,ZBA,LBT,-9,-9,-9,3,3,1981,W,126436,4,26,1,52,F,V,-9,6,1,1270,,,,,,,,,,,,,,,,,,,,,,,,,,,,,,,,,,,,
CA,2,LAT,ZBA,LBT,-9,-9,-9,3,3,1981,W,126436,4,26,1,46,F,V,-9,-9,1,1070,,,,,,,,,,,,,,,,,,,,,,,,,,,,,,,,,,,,
CA,2,LAT,ZBA,LBT,-9,-9,-9,3,3,1981,W,126436,4,26,1,53,M,V,-9,6,1,1340,,,,,,,,,,,,,,,,,,,,,,,,,,,,,,,,,,,,
CA,2,LAT,ZBA,LBT,-9,-9,-9,3,3,1981,W,126436,4,26,1,43,F,V,-9,5,1,900,,,,,,,,,,,,,,,,,,,,,,,,,,,,,,,,,,,,
CA,2,LAT,ZBA,LBT,-9,-9,-9,3,3,1981,W,126436,4,26,1,54,F,V,-9,6,1,1825,,,,,,,,,,,,,,,,,,,,,,,,,,,,,,,,,,,,
CA,2,LAT,ZBA,LBT,-9,-9,-9,3,3,1981,W,126436,4,26,1,60,M,V,-9,6,1,1720,,,,,,,,,,,,,,,,,,,,,,,,,,,,,,,,,,,,
CA,2,LAT,ZBA,LBT,-9,-9,-9,3,3,1981,W,126436,4,26,1,59,M,V,-9,-9,1,1590,,,,,,,,,,,,,,,,,,,,,,,,,,,,,,,,,,,,
CA,2,LAT,ZBA,LBT,-9,-9,-9,3,3,1981,W,126436,4,26,1,39,M,V,-9,4,1,550,,,,,,,,,,,,,,,,,,,,,,,,,,,,,,,,,,,,
CA,2,LAT,ZBA,LBT,-9,-9,-9,3,3,1981,W,126436,4,26,1,41,M,V,-9,4,1,700,,,,,,,,,,,,,,,,,,,,,,,,,,,,,,,,,,,,
CA,2,LAT,ZBA,LBT,-9,-9,-9,3,3,1981,W,126436,4,26,1,53,M,IV,-9,8,1,1245,,,,,,,,,,,,,,,,,,,,,,,,,,,,,,,,,,,,
CA,2,LAT,ZBA,LBT,-9,-9,-9,3,3,1981,W,126436,4,26,1,45,M,VI,-9,5,1,730,,,,,,,,,,,,,,,,,,,,,,,,,,,,,,,,,,,,
CA,2,LAT,ZBA,LBT,-9,-9,-9,3,3,1981,W,126436,4,26,1,63,M,V,-9,7,1,2280,,,,,,,,,,,,,,,,,,,,,,,,,,,,,,,,,,,,
CA,2,LAT,ZBA,LBT,-9,-9,-9,3,3,1981,W,126436,4,26,1,54,F,V,-9,5,1,1485,,,,,,,,,,,,,,,,,,,,,,,,,,,,,,,,,,,,
CA,2,LAT,ZBA,LBT,-9,-9,-9,3,3,1981,W,126436,4,26,1,47,F,IV,-9,5,1,1210,,,,,,,,,,,,,,,,,,,,,,,,,,,,,,,,,,,,
CA,2,LAT,ZBA,LBT,-9,-9,-9,3,3,1981,W,126436,4,26,1,47,F,V,-9,5,1,1090,,,,,,,,,,,,,,,,,,,,,,,,,,,,,,,,,,,,
CA,2,LAT,ZBA,LBT,-9,-9,-9,3,3,1981,W,126436,4,26,1,41,F,V,-9,5,1,680,,,,,,,,,,,,,,,,,,,,,,,,,,,,,,,,,,,,
CA,2,LAT,ZBA,LBT,-9,-9,-9,3,3,1981,W,126436,4,26,1,44,F,II,-9,5,1,870,,,,,,,,,,,,,,,,,,,,,,,,,,,,,,,,,,,,
CA,2,LAT,ZBA,LBT,-9,-9,-9,3,3,1981,W,126436,4,26,1,45,F,IV,-9,4,1,1000,,,,,,,,,,,,,,,,,,,,,,,,,,,,,,,,,,,,
CA,2,LAT,ZBA,LBT,-9,-9,-9,3,3,1981,W,126436,4,26,1,49,F,VI,-9,5,1,970,,,,,,,,,,,,,,,,,,,,,,,,,,,,,,,,,,,,
CA,2,LAT,ZBA,LBT,-9,-9,-9,3,3,1981,W,126436,4,26,1,40,M,V,-9,5,1,590,,,,,,,,,,,,,,,,,,,,,,,,,,,,,,,,,,,,
CA,2,LAT,ZBA,LBT,-9,-9,-9,3,3,1981,W,126436,4,26,1,60,M,V,-9,6,1,1950,,,,,,,,,,,,,,,,,,,,,,,,,,,,,,,,,,,,
CA,2,LAT,ZBA,LBT,-9,-9,-9,3,3,1981,W,126436,4,26,1,58,M,V,-9,6,1,1660,,,,,,,,,,,,,,,,,,,,,,,,,,,,,,,,,,,,
CA,2,LAT,ZBA,LBT,-9,-9,-9,3,3,1981,W,126436,4,26,1,64,M,V,-9,7,1,2140,,,,,,,,,,,,,,,,,,,,,,,,,,,,,,,,,,,,
CA,2,LAT,ZBA,LBT,-9,-9,-9,3,3,1981,W,126436,4,26,1,45,F,V,-9,4,1,1030,,,,,,,,,,,,,,,,,,,,,,,,,,,,,,,,,,,,
CA,2,LAT,ZBA,LBT,-9,-9,-9,3,3,1981,W,126436,4,26,1,41,M,II,-9,4,1,600,,,,,,,,,,,,,,,,,,,,,,,,,,,,,,,,,,,,
CA,2,LAT,ZBA,LBT,-9,-9,-9,3,3,1981,W,126436,4,26,1,40,F,IV,-9,4,1,590,,,,,,,,,,,,,,,,,,,,,,,,,,,,,,,,,,,,
CA,2,LAT,ZBA,LBT,-9,-9,-9,3,3,1981,W,126436,4,26,1,41,F,IV,-9,4,1,770,,,,,,,,,,,,,,,,,,,,,,,,,,,,,,,,,,,,
CA,2,LAT,ZBA,LBT,-9,-9,-9,3,3,1981,W,126436,4,26,1,47,M,IV,-9,5,1,900,,,,,,,,,,,,,,,,,,,,,,,,,,,,,,,,,,,,
CA,2,LAT,ZBA,LBT,-9,-9,-9,3,3,1981,W,126436,4,26,1,49,M,V,-9,-9,1,1000,,,,,,,,,,,,,,,,,,,,,,,,,,,,,,,,,,,,
CA,2,LAT,ZBA,LBT,-9,-9,-9,3,3,1981,W,126436,4,26,1,45,F,V,-9,4,1,735,,,,,,,,,,,,,,,,,,,,,,,,,,,,,,,,,,,,
CA,2,LAT,ZBA,LBT,-9,-9,-9,3,3,1981,W,126436,4,26,1,52,M,V,-9,5,1,1400,,,,,,,,,,,,,,,,,,,,,,,,,,,,,,,,,,,,
CA,2,LAT,ZBA,LBT,-9,-9,-9,3,3,1981,W,126436,4,26,1,47,M,V,-9,4,1,960,,,,,,,,,,,,,,,,,,,,,,,,,,,,,,,,,,,,
CA,2,LAT,ZBA,LBT,-9,-9,-9,3,3,1981,W,126436,4,26,1,58,M,V,-9,-9,1,1670,,,,,,,,,,,,,,,,,,,,,,,,,,,,,,,,,,,,
CA,2,LAT,ZBA,LBT,-9,-9,-9,3,3,1981,W,126436,4,26,1,46,F,V,-9,5,1,780,,,,,,,,,,,,,,,,,,,,,,,,,,,,,,,,,,,,
CA,2,LAT,ZBA,LBT,-9,-9,-9,3,3,1981,W,126436,4,26,1,53,F,V,-9,6,1,1690,,,,,,,,,,,,,,,,,,,,,,,,,,,,,,,,,,,,
CA,2,LAT,ZBA,LBT,-9,-9,-9,3,3,1981,W,126436,4,26,1,47,F,V,-9,5,1,925,,,,,,,,,,,,,,,,,,,,,,,,,,,,,,,,,,,,
CA,2,LAT,ZBA,LBT,-9,-9,-9,3,3,1981,W,126436,4,26,1,55,F,V,-9,6,1,1850,,,,,,,,,,,,,,,,,,,,,,,,,,,,,,,,,,,,
CA,2,LAT,ZBA,LBT,-9,-9,-9,3,3,1981,W,126436,4,26,1,48,F,V,-9,4,1,1060,,,,,,,,,,,,,,,,,,,,,,,,,,,,,,,,,,,,
CA,2,LAT,ZBA,LBT,-9,-9,-9,3,3,1981,W,126436,4,26,1,62,F,V,-9,7,1,2020,,,,,,,,,,,,,,,,,,,,,,,,,,,,,,,,,,,,
CA,2,LAT,ZBA,LBT,-9,-9,-9,3,3,1981,W,126436,4,26,1,46,F,V,-9,5,1,990,,,,,,,,,,,,,,,,,,,,,,,,,,,,,,,,,,,,
CA,2,LAT,ZBA,LBT,-9,-9,-9,3,3,1981,W,126436,4,26,1,51,F,III,-9,5,1,1020,,,,,,,,,,,,,,,,,,,,,,,,,,,,,,,,,,,,
CA,2,LAT,ZBA,LBT,-9,-9,-9,3,3,1981,W,126436,4,26,1,68,F,V,-9,6,1,2690,,,,,,,,,,,,,,,,,,,,,,,,,,,,,,,,,,,,
CA,2,LAT,ZBA,LBT,-9,-9,-9,3,3,1981,W,126436,4,26,1,51,M,V,-9,5,1,1580,,,,,,,,,,,,,,,,,,,,,,,,,,,,,,,,,,,,
CA,2,LAT,ZBA,LBT,-9,-9,-9,3,3,1981,W,126436,4,26,1,47,F,V,-9,5,1,1115,,,,,,,,,,,,,,,,,,,,,,,,,,,,,,,,,,,,
CA,2,LAT,ZBA,LBT,-9,-9,-9,3,3,1981,W,126436,4,26,1,46,F,II,-9,5,1,920,,,,,,,,,,,,,,,,,,,,,,,,,,,,,,,,,,,,
CA,2,LAT,ZBA,LBT,-9,-9,-9,3,3,1981,W,126436,4,26,1,33,F,III,-9,4,1,325,,,,,,,,,,,,,,,,,,,,,,,,,,,,,,,,,,,,
CA,2,LAT,ZBA,LBT,-9,-9,-9,3,3,1981,W,126436,4,26,1,46,M,V,-9,5,1,935,,,,,,,,,,,,,,,,,,,,,,,,,,,,,,,,,,,,
CA,2,LAT,ZBA,LBT,-9,-9,-9,3,3,1981,W,126436,4,26,1,52,M,V,-9,6,1,1310,,,,,,,,,,,,,,,,,,,,,,,,,,,,,,,,,,,,
CA,2,LAT,ZBA,LBT,-9,-9,-9,3,3,1981,W,126436,4,26,1,48,M,V,-9,5,1,960,,,,,,,,,,,,,,,,,,,,,,,,,,,,,,,,,,,,
CA,2,LAT,ZBA,LBT,-9,-9,-9,3,3,1981,W,126436,4,26,1,52,F,IV,-9,6,1,1660,,,,,,,,,,,,,,,,,,,,,,,,,,,,,,,,,,,,
CA,2,LAT,ZBA,LBT,-9,-9,-9,3,3,1981,W,126436,4,26,1,48,F,V,-9,-9,1,1070,,,,,,,,,,,,,,,,,,,,,,,,,,,,,,,,,,,,
CA,2,LAT,ZBA,LBT,-9,-9,-9,3,3,1981,W,126436,4,26,1,39,M,V,-9,5,1,540,,,,,,,,,,,,,,,,,,,,,,,,,,,,,,,,,,,,
CA,2,LAT,ZBA,LBT,-9,-9,-9,3,3,1981,W,126436,4,26,1,40,M,IV,-9,4,1,635,,,,,,,,,,,,,,,,,,,,,,,,,,,,,,,,,,,,
CA,2,LAT,ZBA,LBT,-9,-9,-9,3,3,1981,W,126436,4,26,1,41,M,V,-9,4,1,585,,,,,,,,,,,,,,,,,,,,,,,,,,,,,,,,,,,,
CA,2,LAT,ZBA,LBT,-9,-9,-9,3,3,1981,W,126436,4,26,1,48,F,IV,-9,5,1,960,,,,,,,,,,,,,,,,,,,,,,,,,,,,,,,,,,,,
CA,2,LAT,ZBA,LBT,-9,-9,-9,3,3,1981,W,126436,4,26,1,38,F,V,-9,4,1,710,,,,,,,,,,,,,,,,,,,,,,,,,,,,,,,,,,,,
CA,2,LAT,ZBA,LBT,-9,-9,-9,3,3,1981,W,126436,4,26,1,47,F,V,-9,5,1,1170,,,,,,,,,,,,,,,,,,,,,,,,,,,,,,,,,,,,
CA,2,LAT,ZBA,LBT,-9,-9,-9,3,3,1981,W,126436,4,26,1,46,M,V,-9,5,1,875,,,,,,,,,,,,,,,,,,,,,,,,,,,,,,,,,,,,
CA,2,LAT,ZBA,LBT,-9,-9,-9,3,3,1981,W,126436,4,26,1,43,M,V,-9,4,1,745,,,,,,,,,,,,,,,,,,,,,,,,,,,,,,,,,,,,
CA,2,LAT,ZBA,LBT,-9,-9,-9,3,3,1981,W,126436,4,26,1,55,F,V,-9,6,1,1530,,,,,,,,,,,,,,,,,,,,,,,,,,,,,,,,,,,,
CA,2,LAT,ZBA,LBT,-9,-9,-9,3,3,1981,W,126436,4,26,1,42,M,V,-9,5,1,600,,,,,,,,,,,,,,,,,,,,,,,,,,,,,,,,,,,,
CA,2,LAT,ZBA,LBT,-9,-9,-9,3,3,1981,W,126436,4,26,1,47,F,V,-9,5,1,1050,,,,,,,,,,,,,,,,,,,,,,,,,,,,,,,,,,,,
CA,2,LAT,ZBA,LBT,-9,-9,-9,3,3,1981,W,126436,4,26,1,57,M,V,-9,6,1,1570,,,,,,,,,,,,,,,,,,,,,,,,,,,,,,,,,,,,
CA,2,LAT,ZBA,LBT,-9,-9,-9,3,3,1981,W,126436,4,26,1,51,F,V,-9,5,1,1440,,,,,,,,,,,,,,,,,,,,,,,,,,,,,,,,,,,,
CA,2,LAT,ZBA,LBT,-9,-9,-9,3,3,1981,W,126436,4,26,1,36,M,V,-9,4,1,500,,,,,,,,,,,,,,,,,,,,,,,,,,,,,,,,,,,,
CA,2,LAT,ZBA,LBT,-9,-9,-9,3,3,1981,W,126436,4,26,1,44,F,V,-9,5,1,760,,,,,,,,,,,,,,,,,,,,,,,,,,,,,,,,,,,,
CA,2,LAT,ZBA,LBT,-9,-9,-9,3,3,1981,W,126436,4,26,1,50,F,IV,-9,5,1,1455,,,,,,,,,,,,,,,,,,,,,,,,,,,,,,,,,,,,
CA,2,LAT,ZBA,LBT,-9,-9,-9,3,3,1981,W,126436,4,26,1,48,F,IV,-9,6,1,1185,,,,,,,,,,,,,,,,,,,,,,,,,,,,,,,,,,,,
CA,2,LAT,ZBA,LBT,-9,-9,-9,3,3,1981,W,126436,4,26,1,44,M,V,-9,4,1,750,,,,,,,,,,,,,,,,,,,,,,,,,,,,,,,,,,,,
CA,2,LAT,ZBA,LBT,-9,-9,-9,3,3,1981,W,126436,4,26,1,44,M,V,-9,4,1,800,,,,,,,,,,,,,,,,,,,,,,,,,,,,,,,,,,,,
HH,2,LAT,ZBA,LBT,-9,-9,-9,3,4,1981,4,26,0619,-9,27,D,56.0833,19.1833,56.1000,19.2333,41G9,128,V,-9,1,1,C,-9,-9,-9,-9,250,22,-9,3,580,-9,-9,-9,-9,-9,-9,-9,-9,-9,-9,-9,-9,90,4,-9,0.1,-9,-9,-9,-9,-9,-9
HL,2,LAT,ZBA,LBT,-9,-9,-9,3,4,1981,W,126436,1,-9,418,1,100,1,-9,377800,1,46,12.5,,,,,,,,,,,,,,,,,,,,,,,,,,,,,,,,,,,
HL,2,LAT,ZBA,LBT,-9,-9,-9,3,4,1981,W,126436,1,-9,418,1,100,1,-9,377800,1,41,29.3,,,,,,,,,,,,,,,,,,,,,,,,,,,,,,,,,,,
HL,2,LAT,ZBA,LBT,-9,-9,-9,3,4,1981,W,126436,1,-9,418,1,100,1,-9,377800,1,36,4.2,,,,,,,,,,,,,,,,,,,,,,,,,,,,,,,,,,,
HL,2,LAT,ZBA,LBT,-9,-9,-9,3,4,1981,W,126436,1,-9,418,1,100,1,-9,377800,1,37,4.2,,,,,,,,,,,,,,,,,,,,,,,,,,,,,,,,,,,
HL,2,LAT,ZBA,LBT,-9,-9,-9,3,4,1981,W,126436,1,-9,418,1,100,1,-9,377800,1,38,12.5,,,,,,,,,,,,,,,,,,,,,,,,,,,,,,,,,,,
HL,2,LAT,ZBA,LBT,-9,-9,-9,3,4,1981,W,126436,1,-9,418,1,100,1,-9,377800,1,40,8.4,,,,,,,,,,,,,,,,,,,,,,,,,,,,,,,,,,,
HL,2,LAT,ZBA,LBT,-9,-9,-9,3,4,1981,W,126436,1,-9,418,1,100,1,-9,377800,1,42,20.9,,,,,,,,,,,,,,,,,,,,,,,,,,,,,,,,,,,
HL,2,LAT,ZBA,LBT,-9,-9,-9,3,4,1981,W,126436,1,-9,418,1,100,1,-9,377800,1,31,4.2,,,,,,,,,,,,,,,,,,,,,,,,,,,,,,,,,,,
HL,2,LAT,ZBA,LBT,-9,-9,-9,3,4,1981,W,126436,1,-9,418,1,100,1,-9,377800,1,43,20.9,,,,,,,,,,,,,,,,,,,,,,,,,,,,,,,,,,,
HL,2,LAT,ZBA,LBT,-9,-9,-9,3,4,1981,W,126436,1,-9,418,1,100,1,-9,377800,1,44,46,,,,,,,,,,,,,,,,,,,,,,,,,,,,,,,,,,,
HL,2,LAT,ZBA,LBT,-9,-9,-9,3,4,1981,W,126436,1,-9,418,1,100,1,-9,377800,1,45,54.3,,,,,,,,,,,,,,,,,,,,,,,,,,,,,,,,,,,
HL,2,LAT,ZBA,LBT,-9,-9,-9,3,4,1981,W,126436,1,-9,418,1,100,1,-9,377800,1,35,4.2,,,,,,,,,,,,,,,,,,,,,,,,,,,,,,,,,,,
HL,2,LAT,ZBA,LBT,-9,-9,-9,3,4,1981,W,126436,1,-9,418,1,100,1,-9,377800,1,54,4.2,,,,,,,,,,,,,,,,,,,,,,,,,,,,,,,,,,,
HL,2,LAT,ZBA,LBT,-9,-9,-9,3,4,1981,W,126436,1,-9,418,1,100,1,-9,377800,1,63,4.2,,,,,,,,,,,,,,,,,,,,,,,,,,,,,,,,,,,
HL,2,LAT,ZBA,LBT,-9,-9,-9,3,4,1981,W,126436,1,-9,418,1,100,1,-9,377800,1,47,20.9,,,,,,,,,,,,,,,,,,,,,,,,,,,,,,,,,,,
HL,2,LAT,ZBA,LBT,-9,-9,-9,3,4,1981,W,126436,1,-9,418,1,100,1,-9,377800,1,39,8.4,,,,,,,,,,,,,,,,,,,,,,,,,,,,,,,,,,,
HL,2,LAT,ZBA,LBT,-9,-9,-9,3,4,1981,W,126436,1,-9,418,1,100,1,-9,377800,1,57,8.4,,,,,,,,,,,,,,,,,,,,,,,,,,,,,,,,,,,
HL,2,LAT,ZBA,LBT,-9,-9,-9,3,4,1981,W,126436,1,-9,418,1,100,1,-9,377800,1,58,4.2,,,,,,,,,,,,,,,,,,,,,,,,,,,,,,,,,,,
HL,2,LAT,ZBA,LBT,-9,-9,-9,3,4,1981,W,126436,1,-9,418,1,100,1,-9,377800,1,55,16.7,,,,,,,,,,,,,,,,,,,,,,,,,,,,,,,,,,,
HL,2,LAT,ZBA,LBT,-9,-9,-9,3,4,1981,W,126436,1,-9,418,1,100,1,-9,377800,1,53,4.2,,,,,,,,,,,,,,,,,,,,,,,,,,,,,,,,,,,
HL,2,LAT,ZBA,LBT,-9,-9,-9,3,4,1981,W,126436,1,-9,418,1,100,1,-9,377800,1,52,12.5,,,,,,,,,,,,,,,,,,,,,,,,,,,,,,,,,,,
HL,2,LAT,ZBA,LBT,-9,-9,-9,3,4,1981,W,126436,1,-9,418,1,100,1,-9,377800,1,51,20.9,,,,,,,,,,,,,,,,,,,,,,,,,,,,,,,,,,,
HL,2,LAT,ZBA,LBT,-9,-9,-9,3,4,1981,W,126436,1,-9,418,1,100,1,-9,377800,1,50,37.6,,,,,,,,,,,,,,,,,,,,,,,,,,,,,,,,,,,
HL,2,LAT,ZBA,LBT,-9,-9,-9,3,4,1981,W,126436,1,-9,418,1,100,1,-9,377800,1,49,12.5,,,,,,,,,,,,,,,,,,,,,,,,,,,,,,,,,,,
HL,2,LAT,ZBA,LBT,-9,-9,-9,3,4,1981,W,126436,1,-9,418,1,100,1,-9,377800,1,48,25.1,,,,,,,,,,,,,,,,,,,,,,,,,,,,,,,,,,,
HL,2,LAT,ZBA,LBT,-9,-9,-9,3,4,1981,W,126436,1,-9,418,1,100,1,-9,377800,1,56,16.7,,,,,,,,,,,,,,,,,,,,,,,,,,,,,,,,,,,
CA,2,LAT,ZBA,LBT,-9,-9,-9,3,4,1981,W,126436,4,26,1,46,M,V,-9,-9,1,810,,,,,,,,,,,,,,,,,,,,,,,,,,,,,,,,,,,,
CA,2,LAT,ZBA,LBT,-9,-9,-9,3,4,1981,W,126436,4,26,1,50,M,V,-9,6,1,950,,,,,,,,,,,,,,,,,,,,,,,,,,,,,,,,,,,,
CA,2,LAT,ZBA,LBT,-9,-9,-9,3,4,1981,W,126436,4,26,1,48,F,IV,-9,5,1,1155,,,,,,,,,,,,,,,,,,,,,,,,,,,,,,,,,,,,
CA,2,LAT,ZBA,LBT,-9,-9,-9,3,4,1981,W,126436,4,26,1,52,M,V,-9,6,1,1170,,,,,,,,,,,,,,,,,,,,,,,,,,,,,,,,,,,,
CA,2,LAT,ZBA,LBT,-9,-9,-9,3,4,1981,W,126436,4,26,1,38,M,V,-9,4,1,490,,,,,,,,,,,,,,,,,,,,,,,,,,,,,,,,,,,,
CA,2,LAT,ZBA,LBT,-9,-9,-9,3,4,1981,W,126436,4,26,1,41,M,V,-9,5,1,530,,,,,,,,,,,,,,,,,,,,,,,,,,,,,,,,,,,,
CA,2,LAT,ZBA,LBT,-9,-9,-9,3,4,1981,W,126436,4,26,1,40,M,III,-9,4,1,500,,,,,,,,,,,,,,,,,,,,,,,,,,,,,,,,,,,,
CA,2,LAT,ZBA,LBT,-9,-9,-9,3,4,1981,W,126436,4,26,1,39,F,IV,-9,4,1,600,,,,,,,,,,,,,,,,,,,,,,,,,,,,,,,,,,,,
CA,2,LAT,ZBA,LBT,-9,-9,-9,3,4,1981,W,126436,4,26,1,44,M,V,-9,4,1,680,,,,,,,,,,,,,,,,,,,,,,,,,,,,,,,,,,,,
CA,2,LAT,ZBA,LBT,-9,-9,-9,3,4,1981,W,126436,4,26,1,42,M,V,-9,5,1,670,,,,,,,,,,,,,,,,,,,,,,,,,,,,,,,,,,,,
CA,2,LAT,ZBA,LBT,-9,-9,-9,3,4,1981,W,126436,4,26,1,56,F,V,-9,6,1,1760,,,,,,,,,,,,,,,,,,,,,,,,,,,,,,,,,,,,
CA,2,LAT,ZBA,LBT,-9,-9,-9,3,4,1981,W,126436,4,26,1,63,M,V,-9,7,1,1900,,,,,,,,,,,,,,,,,,,,,,,,,,,,,,,,,,,,
CA,2,LAT,ZBA,LBT,-9,-9,-9,3,4,1981,W,126436,4,26,1,43,M,IV,-9,3,1,715,,,,,,,,,,,,,,,,,,,,,,,,,,,,,,,,,,,,
CA,2,LAT,ZBA,LBT,-9,-9,-9,3,4,1981,W,126436,4,26,1,50,F,IV,-9,5,1,1200,,,,,,,,,,,,,,,,,,,,,,,,,,,,,,,,,,,,
CA,2,LAT,ZBA,LBT,-9,-9,-9,3,4,1981,W,126436,4,26,1,40,M,V,-9,3,1,530,,,,,,,,,,,,,,,,,,,,,,,,,,,,,,,,,,,,
CA,2,LAT,ZBA,LBT,-9,-9,-9,3,4,1981,W,126436,4,26,1,41,F,IV,-9,4,1,750,,,,,,,,,,,,,,,,,,,,,,,,,,,,,,,,,,,,
CA,2,LAT,ZBA,LBT,-9,-9,-9,3,4,1981,W,126436,4,26,1,45,M,V,-9,4,1,760,,,,,,,,,,,,,,,,,,,,,,,,,,,,,,,,,,,,
CA,2,LAT,ZBA,LBT,-9,-9,-9,3,4,1981,W,126436,4,26,1,49,M,V,-9,4,1,930,,,,,,,,,,,,,,,,,,,,,,,,,,,,,,,,,,,,
CA,2,LAT,ZBA,LBT,-9,-9,-9,3,4,1981,W,126436,4,26,1,39,M,V,-9,4,1,485,,,,,,,,,,,,,,,,,,,,,,,,,,,,,,,,,,,,
CA,2,LAT,ZBA,LBT,-9,-9,-9,3,4,1981,W,126436,4,26,1,44,F,V,-9,4,1,770,,,,,,,,,,,,,,,,,,,,,,,,,,,,,,,,,,,,
CA,2,LAT,ZBA,LBT,-9,-9,-9,3,4,1981,W,126436,4,26,1,50,F,V,-9,5,1,1150,,,,,,,,,,,,,,,,,,,,,,,,,,,,,,,,,,,,
CA,2,LAT,ZBA,LBT,-9,-9,-9,3,4,1981,W,126436,4,26,1,41,F,IV,-9,4,1,875,,,,,,,,,,,,,,,,,,,,,,,,,,,,,,,,,,,,
CA,2,LAT,ZBA,LBT,-9,-9,-9,3,4,1981,W,126436,4,26,1,44,F,IV,-9,4,1,950,,,,,,,,,,,,,,,,,,,,,,,,,,,,,,,,,,,,
CA,2,LAT,ZBA,LBT,-9,-9,-9,3,4,1981,W,126436,4,26,1,45,F,IV,-9,5,1,930,,,,,,,,,,,,,,,,,,,,,,,,,,,,,,,,,,,,
CA,2,LAT,ZBA,LBT,-9,-9,-9,3,4,1981,W,126436,4,26,1,44,M,V,-9,4,1,720,,,,,,,,,,,,,,,,,,,,,,,,,,,,,,,,,,,,
CA,2,LAT,ZBA,LBT,-9,-9,-9,3,4,1981,W,126436,4,26,1,48,M,V,-9,-9,1,870,,,,,,,,,,,,,,,,,,,,,,,,,,,,,,,,,,,,
CA,2,LAT,ZBA,LBT,-9,-9,-9,3,4,1981,W,126436,4,26,1,47,F,V,-9,4,1,1330,,,,,,,,,,,,,,,,,,,,,,,,,,,,,,,,,,,,
CA,2,LAT,ZBA,LBT,-9,-9,-9,3,4,1981,W,126436,4,26,1,51,F,IV,-9,5,1,1530,,,,,,,,,,,,,,,,,,,,,,,,,,,,,,,,,,,,
CA,2,LAT,ZBA,LBT,-9,-9,-9,3,4,1981,W,126436,4,26,1,45,F,III,-9,5,1,850,,,,,,,,,,,,,,,,,,,,,,,,,,,,,,,,,,,,
CA,2,LAT,ZBA,LBT,-9,-9,-9,3,4,1981,W,126436,4,26,1,54,M,V,-9,5,1,1315,,,,,,,,,,,,,,,,,,,,,,,,,,,,,,,,,,,,
CA,2,LAT,ZBA,LBT,-9,-9,-9,3,4,1981,W,126436,4,26,1,44,F,V,-9,4,1,950,,,,,,,,,,,,,,,,,,,,,,,,,,,,,,,,,,,,
CA,2,LAT,ZBA,LBT,-9,-9,-9,3,4,1981,W,126436,4,26,1,56,F,V,-9,5,1,1850,,,,,,,,,,,,,,,,,,,,,,,,,,,,,,,,,,,,
CA,2,LAT,ZBA,LBT,-9,-9,-9,3,4,1981,W,126436,4,26,1,38,M,V,-9,3,1,490,,,,,,,,,,,,,,,,,,,,,,,,,,,,,,,,,,,,
CA,2,LAT,ZBA,LBT,-9,-9,-9,3,4,1981,W,126436,4,26,1,45,M,V,-9,4,1,750,,,,,,,,,,,,,,,,,,,,,,,,,,,,,,,,,,,,
CA,2,LAT,ZBA,LBT,-9,-9,-9,3,4,1981,W,126436,4,26,1,42,M,V,-9,4,1,815,,,,,,,,,,,,,,,,,,,,,,,,,,,,,,,,,,,,
CA,2,LAT,ZBA,LBT,-9,-9,-9,3,4,1981,W,126436,4,26,1,46,M,V,-9,4,1,850,,,,,,,,,,,,,,,,,,,,,,,,,,,,,,,,,,,,
CA,2,LAT,ZBA,LBT,-9,-9,-9,3,4,1981,W,126436,4,26,1,45,F,IV,-9,5,1,1110,,,,,,,,,,,,,,,,,,,,,,,,,,,,,,,,,,,,
CA,2,LAT,ZBA,LBT,-9,-9,-9,3,4,1981,W,126436,4,26,1,48,F,IV,-9,5,1,1205,,,,,,,,,,,,,,,,,,,,,,,,,,,,,,,,,,,,
CA,2,LAT,ZBA,LBT,-9,-9,-9,3,4,1981,W,126436,4,26,1,44,F,III,-9,5,1,720,,,,,,,,,,,,,,,,,,,,,,,,,,,,,,,,,,,,
CA,2,LAT,ZBA,LBT,-9,-9,-9,3,4,1981,W,126436,4,26,1,31,M,V,-9,2,1,270,,,,,,,,,,,,,,,,,,,,,,,,,,,,,,,,,,,,
CA,2,LAT,ZBA,LBT,-9,-9,-9,3,4,1981,W,126436,4,26,1,36,M,V,-9,-9,1,390,,,,,,,,,,,,,,,,,,,,,,,,,,,,,,,,,,,,
CA,2,LAT,ZBA,LBT,-9,-9,-9,3,4,1981,W,126436,4,26,1,41,M,V,-9,4,1,515,,,,,,,,,,,,,,,,,,,,,,,,,,,,,,,,,,,,
CA,2,LAT,ZBA,LBT,-9,-9,-9,3,4,1981,W,126436,4,26,1,42,M,V,-9,4,1,605,,,,,,,,,,,,,,,,,,,,,,,,,,,,,,,,,,,,
CA,2,LAT,ZBA,LBT,-9,-9,-9,3,4,1981,W,126436,4,26,1,41,M,V,-9,4,1,620,,,,,,,,,,,,,,,,,,,,,,,,,,,,,,,,,,,,
CA,2,LAT,ZBA,LBT,-9,-9,-9,3,4,1981,W,126436,4,26,1,37,M,V,-9,5,1,420,,,,,,,,,,,,,,,,,,,,,,,,,,,,,,,,,,,,
CA,2,LAT,ZBA,LBT,-9,-9,-9,3,4,1981,W,126436,4,26,1,44,M,V,-9,4,1,690,,,,,,,,,,,,,,,,,,,,,,,,,,,,,,,,,,,,
CA,2,LAT,ZBA,LBT,-9,-9,-9,3,4,1981,W,126436,4,26,1,43,M,III,-9,5,1,655,,,,,,,,,,,,,,,,,,,,,,,,,,,,,,,,,,,,
CA,2,LAT,ZBA,LBT,-9,-9,-9,3,4,1981,W,126436,4,26,1,46,F,V,-9,5,1,1060,,,,,,,,,,,,,,,,,,,,,,,,,,,,,,,,,,,,
CA,2,LAT,ZBA,LBT,-9,-9,-9,3,4,1981,W,126436,4,26,1,50,F,V,-9,5,1,1340,,,,,,,,,,,,,,,,,,,,,,,,,,,,,,,,,,,,
CA,2,LAT,ZBA,LBT,-9,-9,-9,3,4,1981,W,126436,4,26,1,42,F,IV,-9,5,1,730,,,,,,,,,,,,,,,,,,,,,,,,,,,,,,,,,,,,
CA,2,LAT,ZBA,LBT,-9,-9,-9,3,4,1981,W,126436,4,26,1,51,F,IV,-9,5,1,1280,,,,,,,,,,,,,,,,,,,,,,,,,,,,,,,,,,,,
CA,2,LAT,ZBA,LBT,-9,-9,-9,3,4,1981,W,126436,4,26,1,57,M,V,-9,6,1,1570,,,,,,,,,,,,,,,,,,,,,,,,,,,,,,,,,,,,
CA,2,LAT,ZBA,LBT,-9,-9,-9,3,4,1981,W,126436,4,26,1,51,M,V,-9,6,1,1170,,,,,,,,,,,,,,,,,,,,,,,,,,,,,,,,,,,,
CA,2,LAT,ZBA,LBT,-9,-9,-9,3,4,1981,W,126436,4,26,1,50,M,V,-9,6,1,1130,,,,,,,,,,,,,,,,,,,,,,,,,,,,,,,,,,,,
CA,2,LAT,ZBA,LBT,-9,-9,-9,3,4,1981,W,126436,4,26,1,56,F,V,-9,6,1,1500,,,,,,,,,,,,,,,,,,,,,,,,,,,,,,,,,,,,
CA,2,LAT,ZBA,LBT,-9,-9,-9,3,4,1981,W,126436,4,26,1,51,F,V,-9,4,1,1585,,,,,,,,,,,,,,,,,,,,,,,,,,,,,,,,,,,,
CA,2,LAT,ZBA,LBT,-9,-9,-9,3,4,1981,W,126436,4,26,1,55,F,V,-9,6,1,1805,,,,,,,,,,,,,,,,,,,,,,,,,,,,,,,,,,,,
CA,2,LAT,ZBA,LBT,-9,-9,-9,3,4,1981,W,126436,4,26,1,52,M,V,-9,5,1,1110,,,,,,,,,,,,,,,,,,,,,,,,,,,,,,,,,,,,
CA,2,LAT,ZBA,LBT,-9,-9,-9,3,4,1981,W,126436,4,26,1,50,F,V,-9,5,1,1350,,,,,,,,,,,,,,,,,,,,,,,,,,,,,,,,,,,,
CA,2,LAT,ZBA,LBT,-9,-9,-9,3,4,1981,W,126436,4,26,1,45,F,V,-9,5,1,915,,,,,,,,,,,,,,,,,,,,,,,,,,,,,,,,,,,,
CA,2,LAT,ZBA,LBT,-9,-9,-9,3,4,1981,W,126436,4,26,1,47,M,V,-9,4,1,770,,,,,,,,,,,,,,,,,,,,,,,,,,,,,,,,,,,,
CA,2,LAT,ZBA,LBT,-9,-9,-9,3,4,1981,W,126436,4,26,1,53,F,IV,-9,5,1,1650,,,,,,,,,,,,,,,,,,,,,,,,,,,,,,,,,,,,
CA,2,LAT,ZBA,LBT,-9,-9,-9,3,4,1981,W,126436,4,26,1,45,F,IV,-9,5,1,820,,,,,,,,,,,,,,,,,,,,,,,,,,,,,,,,,,,,
CA,2,LAT,ZBA,LBT,-9,-9,-9,3,4,1981,W,126436,4,26,1,49,M,V,-9,5,1,1000,,,,,,,,,,,,,,,,,,,,,,,,,,,,,,,,,,,,
CA,2,LAT,ZBA,LBT,-9,-9,-9,3,4,1981,W,126436,4,26,1,44,M,V,-9,5,1,745,,,,,,,,,,,,,,,,,,,,,,,,,,,,,,,,,,,,
CA,2,LAT,ZBA,LBT,-9,-9,-9,3,4,1981,W,126436,4,26,1,49,F,IV,-9,5,1,1100,,,,,,,,,,,,,,,,,,,,,,,,,,,,,,,,,,,,
CA,2,LAT,ZBA,LBT,-9,-9,-9,3,4,1981,W,126436,4,26,1,55,F,V,-9,6,1,1750,,,,,,,,,,,,,,,,,,,,,,,,,,,,,,,,,,,,
CA,2,LAT,ZBA,LBT,-9,-9,-9,3,4,1981,W,126436,4,26,1,48,F,III,-9,6,1,750,,,,,,,,,,,,,,,,,,,,,,,,,,,,,,,,,,,,
CA,2,LAT,ZBA,LBT,-9,-9,-9,3,4,1981,W,126436,4,26,1,48,M,V,-9,5,1,945,,,,,,,,,,,,,,,,,,,,,,,,,,,,,,,,,,,,
CA,2,LAT,ZBA,LBT,-9,-9,-9,3,4,1981,W,126436,4,26,1,44,F,IV,-9,4,1,900,,,,,,,,,,,,,,,,,,,,,,,,,,,,,,,,,,,,
CA,2,LAT,ZBA,LBT,-9,-9,-9,3,4,1981,W,126436,4,26,1,41,M,V,-9,4,1,550,,,,,,,,,,,,,,,,,,,,,,,,,,,,,,,,,,,,
CA,2,LAT,ZBA,LBT,-9,-9,-9,3,4,1981,W,126436,4,26,1,35,F,V,-9,4,1,400,,,,,,,,,,,,,,,,,,,,,,,,,,,,,,,,,,,,
CA,2,LAT,ZBA,LBT,-9,-9,-9,3,4,1981,W,126436,4,26,1,57,M,V,-9,5,1,1490,,,,,,,,,,,,,,,,,,,,,,,,,,,,,,,,,,,,
CA,2,LAT,ZBA,LBT,-9,-9,-9,3,4,1981,W,126436,4,26,1,45,F,IV,-9,4,1,900,,,,,,,,,,,,,,,,,,,,,,,,,,,,,,,,,,,,
CA,2,LAT,ZBA,LBT,-9,-9,-9,3,4,1981,W,126436,4,26,1,51,M,IV,-9,-9,1,1080,,,,,,,,,,,,,,,,,,,,,,,,,,,,,,,,,,,,
CA,2,LAT,ZBA,LBT,-9,-9,-9,3,4,1981,W,126436,4,26,1,55,F,IV,-9,6,1,1425,,,,,,,,,,,,,,,,,,,,,,,,,,,,,,,,,,,,
CA,2,LAT,ZBA,LBT,-9,-9,-9,3,4,1981,W,126436,4,26,1,44,M,V,-9,-9,1,680,,,,,,,,,,,,,,,,,,,,,,,,,,,,,,,,,,,,
CA,2,LAT,ZBA,LBT,-9,-9,-9,3,4,1981,W,126436,4,26,1,45,M,V,-9,5,1,780,,,,,,,,,,,,,,,,,,,,,,,,,,,,,,,,,,,,
CA,2,LAT,ZBA,LBT,-9,-9,-9,3,4,1981,W,126436,4,26,1,56,M,V,-9,6,1,1355,,,,,,,,,,,,,,,,,,,,,,,,,,,,,,,,,,,,
CA,2,LAT,ZBA,LBT,-9,-9,-9,3,4,1981,W,126436,4,26,1,45,F,IV,-9,4,1,740,,,,,,,,,,,,,,,,,,,,,,,,,,,,,,,,,,,,
CA,2,LAT,ZBA,LBT,-9,-9,-9,3,4,1981,W,126436,4,26,1,50,F,V,-9,5,1,1370,,,,,,,,,,,,,,,,,,,,,,,,,,,,,,,,,,,,
CA,2,LAT,ZBA,LBT,-9,-9,-9,3,4,1981,W,126436,4,26,1,42,M,V,-9,4,1,595,,,,,,,,,,,,,,,,,,,,,,,,,,,,,,,,,,,,
CA,2,LAT,ZBA,LBT,-9,-9,-9,3,4,1981,W,126436,4,26,1,47,F,IV,-9,6,1,1095,,,,,,,,,,,,,,,,,,,,,,,,,,,,,,,,,,,,
CA,2,LAT,ZBA,LBT,-9,-9,-9,3,4,1981,W,126436,4,26,1,45,F,V,-9,5,1,880,,,,,,,,,,,,,,,,,,,,,,,,,,,,,,,,,,,,
CA,2,LAT,ZBA,LBT,-9,-9,-9,3,4,1981,W,126436,4,26,1,50,M,V,-9,5,1,1100,,,,,,,,,,,,,,,,,,,,,,,,,,,,,,,,,,,,
CA,2,LAT,ZBA,LBT,-9,-9,-9,3,4,1981,W,126436,4,26,1,43,F,IV,-9,5,1,565,,,,,,,,,,,,,,,,,,,,,,,,,,,,,,,,,,,,
CA,2,LAT,ZBA,LBT,-9,-9,-9,3,4,1981,W,126436,4,26,1,58,M,V,-9,7,1,1720,,,,,,,,,,,,,,,,,,,,,,,,,,,,,,,,,,,,
CA,2,LAT,ZBA,LBT,-9,-9,-9,3,4,1981,W,126436,4,26,1,47,M,IV,-9,5,1,1000,,,,,,,,,,,,,,,,,,,,,,,,,,,,,,,,,,,,
CA,2,LAT,ZBA,LBT,-9,-9,-9,3,4,1981,W,126436,4,26,1,45,F,IV,-9,3,1,1055,,,,,,,,,,,,,,,,,,,,,,,,,,,,,,,,,,,,
CA,2,LAT,ZBA,LBT,-9,-9,-9,3,4,1981,W,126436,4,26,1,41,F,IV,-9,3,1,584,,,,,,,,,,,,,,,,,,,,,,,,,,,,,,,,,,,,
CA,2,LAT,ZBA,LBT,-9,-9,-9,3,4,1981,W,126436,4,26,1,47,F,IV,-9,5,1,1040,,,,,,,,,,,,,,,,,,,,,,,,,,,,,,,,,,,,
CA,2,LAT,ZBA,LBT,-9,-9,-9,3,4,1981,W,126436,4,26,1,43,M,V,-9,4,1,670,,,,,,,,,,,,,,,,,,,,,,,,,,,,,,,,,,,,
CA,2,LAT,ZBA,LBT,-9,-9,-9,3,4,1981,W,126436,4,26,1,48,M,V,-9,5,1,915,,,,,,,,,,,,,,,,,,,,,,,,,,,,,,,,,,,,
CA,2,LAT,ZBA,LBT,-9,-9,-9,3,4,1981,W,126436,4,26,1,44,F,IV,-9,4,1,830,,,,,,,,,,,,,,,,,,,,,,,,,,,,,,,,,,,,
CA,2,LAT,ZBA,LBT,-9,-9,-9,3,4,1981,W,126436,4,26,1,55,M,V,-9,6,1,1245,,,,,,,,,,,,,,,,,,,,,,,,,,,,,,,,,,,,
CA,2,LAT,ZBA,LBT,-9,-9,-9,3,4,1981,W,126436,4,26,1,45,F,IV,-9,4,1,905,,,,,,,,,,,,,,,,,,,,,,,,,,,,,,,,,,,,
CA,2,LAT,ZBA,LBT,-9,-9,-9,3,4,1981,W,126436,4,26,1,50,M,V,-9,5,1,950,,,,,,,,,,,,,,,,,,,,,,,,,,,,,,,,,,,,
CA,2,LAT,ZBA,LBT,-9,-9,-9,3,4,1981,W,126436,4,26,1,43,F,IV,-9,4,1,995,,,,,,,,,,,,,,,,,,,,,,,,,,,,,,,,,,,,
CA,2,LAT,ZBA,LBT,-9,-9,-9,3,4,1981,W,126436,4,26,1,52,F,IV,-9,6,1,1480,,,,,,,,,,,,,,,,,,,,,,,,,,,,,,,,,,,,
HH,2,LAT,ZBA,LBT,-9,-9,-9,3,5,1981,4,26,0818,-9,37,D,56.2000,19.1833,56.2333,19.2500,41G9,131,I,-9,1,1,C,-9,-9,-9,-9,250,22,-9,3,580,-9,-9,-9,-9,-9,-9,-9,-9,-9,-9,-9,-9,45,4,-9,0.5,-9,-9,-9,-9,-9,-9
HH,2,LAT,ZBA,LBT,-9,-9,-9,3,6,1981,4,26,1745,-9,45,D,55.6333,20.0500,55.5833,20.1000,40H0,78,V,-9,1,1,C,-9,-9,-9,-9,250,22,-9,3,580,-9,-9,-9,-9,-9,-9,-9,-9,-9,-9,-9,-9,45,4,-9,0.5,-9,-9,-9,-9,-9,-9
HL,2,LAT,ZBA,LBT,-9,-9,-9,3,6,1981,W,127141,4,-9,9,1,-9,1,-9,2700,-9,-9,-9,,,,,,,,,,,,,,,,,,,,,,,,,,,,,,,,,,,
HL,2,LAT,ZBA,LBT,-9,-9,-9,3,6,1981,W,126436,4,-9,268,1,-9,1,-9,333300,-9,-9,-9,,,,,,,,,,,,,,,,,,,,,,,,,,,,,,,,,,,
HH,2,LAT,ZBA,LBT,-9,-9,-9,3,7,1981,4,27,0624,-9,36,D,55.6833,19.9000,55.6833,19.8500,40G9,80,V,-9,1,1,C,-9,-9,-9,-9,250,22,-9,3,580,-9,-9,-9,-9,-9,-9,-9,-9,-9,-9,-9,-9,90,4,-9,0.5,-9,-9,-9,-9,-9,-9
HL,2,LAT,ZBA,LBT,-9,-9,-9,3,7,1981,W,127141,4,-9,28,1,-9,1,-9,8300,-9,-9,-9,,,,,,,,,,,,,,,,,,,,,,,,,,,,,,,,,,,
HL,2,LAT,ZBA,LBT,-9,-9,-9,3,7,1981,W,126436,4,-9,92,1,-9,1,-9,110000,-9,-9,-9,,,,,,,,,,,,,,,,,,,,,,,,,,,,,,,,,,,
HH,2,LAT,ZBA,LBT,-9,-9,-9,3,8,1981,4,27,0751,-9,40,D,55.7000,20.1500,55.6833,20.2333,40H0,73,I,-9,1,1,C,-9,-9,-9,-9,250,22,-9,3,580,-9,-9,-9,-9,-9,-9,-9,-9,-9,-9,-9,-9,68,5,-9,0.5,-9,-9,-9,-9,-9,-9
HL,2,LAT,ZBA,LBT,-9,-9,-9,3,8,1981,W,127141,0,-9,-9,-9,-9,-9,-9,-9,-9,-9,-9,,,,,,,,,,,,,,,,,,,,,,,,,,,,,,,,,,,
HL,2,LAT,ZBA,LBT,-9,-9,-9,3,8,1981,W,126436,0,-9,-9,-9,-9,-9,-9,-9,-9,-9,-9,,,,,,,,,,,,,,,,,,,,,,,,,,,,,,,,,,,
HH,2,LAT,ZBA,LBT,-9,-9,-9,3,9,1981,4,27,1025,-9,30,D,55.6667,20.3167,55.7000,20.2333,40H0,68,V,-9,1,1,C,-9,-9,-9,-9,250,22,-9,3,580,-9,-9,-9,-9,-9,-9,-9,-9,-9,-9,-9,-9,45,4,-9,0.5,-9,-9,-9,-9,-9,-9
HL,2,LAT,ZBA,LBT,-9,-9,-9,3,9,1981,W,126436,1,-9,46,1,100,1,-9,60000,1,40,2.3,,,,,,,,,,,,,,,,,,,,,,,,,,,,,,,,,,,
HL,2,LAT,ZBA,LBT,-9,-9,-9,3,9,1981,W,126436,1,-9,46,1,100,1,-9,60000,1,39,1,,,,,,,,,,,,,,,,,,,,,,,,,,,,,,,,,,,
HL,2,LAT,ZBA,LBT,-9,-9,-9,3,9,1981,W,126436,1,-9,46,1,100,1,-9,60000,1,38,2.3,,,,,,,,,,,,,,,,,,,,,,,,,,,,,,,,,,,
HL,2,LAT,ZBA,LBT,-9,-9,-9,3,9,1981,W,126436,1,-9,46,1,100,1,-9,60000,1,46,1.8,,,,,,,,,,,,,,,,,,,,,,,,,,,,,,,,,,,
HL,2,LAT,ZBA,LBT,-9,-9,-9,3,9,1981,W,126436,1,-9,46,1,100,1,-9,60000,1,41,1.8,,,,,,,,,,,,,,,,,,,,,,,,,,,,,,,,,,,
HL,2,LAT,ZBA,LBT,-9,-9,-9,3,9,1981,W,126436,1,-9,46,1,100,1,-9,60000,1,33,1,,,,,,,,,,,,,,,,,,,,,,,,,,,,,,,,,,,
HL,2,LAT,ZBA,LBT,-9,-9,-9,3,9,1981,W,126436,1,-9,46,1,100,1,-9,60000,1,42,2.3,,,,,,,,,,,,,,,,,,,,,,,,,,,,,,,,,,,
HL,2,LAT,ZBA,LBT,-9,-9,-9,3,9,1981,W,126436,1,-9,46,1,100,1,-9,60000,1,37,1.8,,,,,,,,,,,,,,,,,,,,,,,,,,,,,,,,,,,
HL,2,LAT,ZBA,LBT,-9,-9,-9,3,9,1981,W,126436,1,-9,46,1,100,1,-9,60000,1,43,1.4,,,,,,,,,,,,,,,,,,,,,,,,,,,,,,,,,,,
HL,2,LAT,ZBA,LBT,-9,-9,-9,3,9,1981,W,126436,1,-9,46,1,100,1,-9,60000,1,36,1,,,,,,,,,,,,,,,,,,,,,,,,,,,,,,,,,,,
HL,2,LAT,ZBA,LBT,-9,-9,-9,3,9,1981,W,126436,1,-9,46,1,100,1,-9,60000,1,34,1,,,,,,,,,,,,,,,,,,,,,,,,,,,,,,,,,,,
HL,2,LAT,ZBA,LBT,-9,-9,-9,3,9,1981,W,126436,1,-9,46,1,100,1,-9,60000,1,45,1,,,,,,,,,,,,,,,,,,,,,,,,,,,,,,,,,,,
HL,2,LAT,ZBA,LBT,-9,-9,-9,3,9,1981,W,126436,1,-9,46,1,100,1,-9,60000,1,31,1,,,,,,,,,,,,,,,,,,,,,,,,,,,,,,,,,,,
HL,2,LAT,ZBA,LBT,-9,-9,-9,3,9,1981,W,126436,1,-9,46,1,100,1,-9,60000,1,18,1,,,,,,,,,,,,,,,,,,,,,,,,,,,,,,,,,,,
HL,2,LAT,ZBA,LBT,-9,-9,-9,3,9,1981,W,126436,1,-9,46,1,100,1,-9,60000,1,24,1,,,,,,,,,,,,,,,,,,,,,,,,,,,,,,,,,,,
HL,2,LAT,ZBA,LBT,-9,-9,-9,3,9,1981,W,126436,1,-9,46,1,100,1,-9,60000,1,32,1,,,,,,,,,,,,,,,,,,,,,,,,,,,,,,,,,,,
HL,2,LAT,ZBA,LBT,-9,-9,-9,3,9,1981,W,126436,1,-9,46,1,100,1,-9,60000,1,17,1,,,,,,,,,,,,,,,,,,,,,,,,,,,,,,,,,,,
HL,2,LAT,ZBA,LBT,-9,-9,-9,3,9,1981,W,126436,1,-9,46,1,100,1,-9,60000,1,16,2.3,,,,,,,,,,,,,,,,,,,,,,,,,,,,,,,,,,,
HL,2,LAT,ZBA,LBT,-9,-9,-9,3,9,1981,W,126436,1,-9,46,1,100,1,-9,60000,1,15,1,,,,,,,,,,,,,,,,,,,,,,,,,,,,,,,,,,,
HL,2,LAT,ZBA,LBT,-9,-9,-9,3,9,1981,W,126436,1,-9,46,1,100,1,-9,60000,1,14,4.1,,,,,,,,,,,,,,,,,,,,,,,,,,,,,,,,,,,
HL,2,LAT,ZBA,LBT,-9,-9,-9,3,9,1981,W,126436,1,-9,46,1,100,1,-9,60000,1,13,2.3,,,,,,,,,,,,,,,,,,,,,,,,,,,,,,,,,,,
HL,2,LAT,ZBA,LBT,-9,-9,-9,3,9,1981,W,126436,1,-9,46,1,100,1,-9,60000,1,12,1,,,,,,,,,,,,,,,,,,,,,,,,,,,,,,,,,,,
HL,2,LAT,ZBA,LBT,-9,-9,-9,3,9,1981,W,126436,1,-9,46,1,100,1,-9,60000,1,10,1,,,,,,,,,,,,,,,,,,,,,,,,,,,,,,,,,,,
HL,2,LAT,ZBA,LBT,-9,-9,-9,3,9,1981,W,126436,1,-9,46,1,100,1,-9,60000,1,28,1.4,,,,,,,,,,,,,,,,,,,,,,,,,,,,,,,,,,,
HL,2,LAT,ZBA,LBT,-9,-9,-9,3,9,1981,W,126436,1,-9,46,1,100,1,-9,60000,1,63,1,,,,,,,,,,,,,,,,,,,,,,,,,,,,,,,,,,,
HL,2,LAT,ZBA,LBT,-9,-9,-9,3,9,1981,W,126436,1,-9,46,1,100,1,-9,60000,1,47,1,,,,,,,,,,,,,,,,,,,,,,,,,,,,,,,,,,,
HL,2,LAT,ZBA,LBT,-9,-9,-9,3,9,1981,W,126436,1,-9,46,1,100,1,-9,60000,1,30,1,,,,,,,,,,,,,,,,,,,,,,,,,,,,,,,,,,,
HL,2,LAT,ZBA,LBT,-9,-9,-9,3,9,1981,W,126436,1,-9,46,1,100,1,-9,60000,1,73,1,,,,,,,,,,,,,,,,,,,,,,,,,,,,,,,,,,,
HL,2,LAT,ZBA,LBT,-9,-9,-9,3,9,1981,W,126436,1,-9,46,1,100,1,-9,60000,1,65,1,,,,,,,,,,,,,,,,,,,,,,,,,,,,,,,,,,,
HL,2,LAT,ZBA,LBT,-9,-9,-9,3,9,1981,W,126436,1,-9,46,1,100,1,-9,60000,1,62,1,,,,,,,,,,,,,,,,,,,,,,,,,,,,,,,,,,,
HL,2,LAT,ZBA,LBT,-9,-9,-9,3,9,1981,W,126436,1,-9,46,1,100,1,-9,60000,1,61,1,,,,,,,,,,,,,,,,,,,,,,,,,,,,,,,,,,,
HL,2,LAT,ZBA,LBT,-9,-9,-9,3,9,1981,W,126436,1,-9,46,1,100,1,-9,60000,1,56,1,,,,,,,,,,,,,,,,,,,,,,,,,,,,,,,,,,,
HL,2,LAT,ZBA,LBT,-9,-9,-9,3,9,1981,W,126436,1,-9,46,1,100,1,-9,60000,1,54,1,,,,,,,,,,,,,,,,,,,,,,,,,,,,,,,,,,,
HL,2,LAT,ZBA,LBT,-9,-9,-9,3,9,1981,W,126436,1,-9,46,1,100,1,-9,60000,1,53,1,,,,,,,,,,,,,,,,,,,,,,,,,,,,,,,,,,,
HL,2,LAT,ZBA,LBT,-9,-9,-9,3,9,1981,W,126436,1,-9,46,1,100,1,-9,60000,1,52,1,,,,,,,,,,,,,,,,,,,,,,,,,,,,,,,,,,,
HL,2,LAT,ZBA,LBT,-9,-9,-9,3,9,1981,W,126436,1,-9,46,1,100,1,-9,60000,1,51,1,,,,,,,,,,,,,,,,,,,,,,,,,,,,,,,,,,,
HL,2,LAT,ZBA,LBT,-9,-9,-9,3,9,1981,W,126436,1,-9,46,1,100,1,-9,60000,1,50,1,,,,,,,,,,,,,,,,,,,,,,,,,,,,,,,,,,,
HL,2,LAT,ZBA,LBT,-9,-9,-9,3,9,1981,W,126436,1,-9,46,1,100,1,-9,60000,1,55,1,,,,,,,,,,,,,,,,,,,,,,,,,,,,,,,,,,,
HL,2,LAT,ZBA,LBT,-9,-9,-9,3,9,1981,W,126436,1,-9,46,1,100,1,-9,60000,1,48,1.4,,,,,,,,,,,,,,,,,,,,,,,,,,,,,,,,,,,
HL,2,LAT,ZBA,LBT,-9,-9,-9,3,9,1981,W,126436,1,-9,46,1,100,1,-9,60000,1,49,1,,,,,,,,,,,,,,,,,,,,,,,,,,,,,,,,,,,
CA,2,LAT,ZBA,LBT,-9,-9,-9,3,9,1981,W,126436,4,26,1,16,U,I,-9,-9,1,41.2,,,,,,,,,,,,,,,,,,,,,,,,,,,,,,,,,,,,
CA,2,LAT,ZBA,LBT,-9,-9,-9,3,9,1981,W,126436,4,26,1,12,U,I,-9,1,1,10.8,,,,,,,,,,,,,,,,,,,,,,,,,,,,,,,,,,,,
CA,2,LAT,ZBA,LBT,-9,-9,-9,3,9,1981,W,126436,4,26,1,65,F,III,-9,6,1,2955,,,,,,,,,,,,,,,,,,,,,,,,,,,,,,,,,,,,
CA,2,LAT,ZBA,LBT,-9,-9,-9,3,9,1981,W,126436,4,26,1,14,U,I,-9,1,1,25.5,,,,,,,,,,,,,,,,,,,,,,,,,,,,,,,,,,,,
CA,2,LAT,ZBA,LBT,-9,-9,-9,3,9,1981,W,126436,4,26,1,17,U,I,-9,1,1,42.7,,,,,,,,,,,,,,,,,,,,,,,,,,,,,,,,,,,,
CA,2,LAT,ZBA,LBT,-9,-9,-9,3,9,1981,W,126436,4,26,1,14,U,I,-9,1,1,21.9,,,,,,,,,,,,,,,,,,,,,,,,,,,,,,,,,,,,
CA,2,LAT,ZBA,LBT,-9,-9,-9,3,9,1981,W,126436,4,26,1,14,U,I,-9,1,1,20.5,,,,,,,,,,,,,,,,,,,,,,,,,,,,,,,,,,,,
CA,2,LAT,ZBA,LBT,-9,-9,-9,3,9,1981,W,126436,4,26,1,46,M,II,-9,4,1,985,,,,,,,,,,,,,,,,,,,,,,,,,,,,,,,,,,,,
CA,2,LAT,ZBA,LBT,-9,-9,-9,3,9,1981,W,126436,4,26,1,73,F,III,-9,7,1,4130,,,,,,,,,,,,,,,,,,,,,,,,,,,,,,,,,,,,
CA,2,LAT,ZBA,LBT,-9,-9,-9,3,9,1981,W,126436,4,26,1,18,U,I,-9,1,1,45.8,,,,,,,,,,,,,,,,,,,,,,,,,,,,,,,,,,,,
CA,2,LAT,ZBA,LBT,-9,-9,-9,3,9,1981,W,126436,4,26,1,14,U,I,-9,1,1,26.3,,,,,,,,,,,,,,,,,,,,,,,,,,,,,,,,,,,,
CA,2,LAT,ZBA,LBT,-9,-9,-9,3,9,1981,W,126436,4,26,1,16,U,I,-9,1,1,37.2,,,,,,,,,,,,,,,,,,,,,,,,,,,,,,,,,,,,
CA,2,LAT,ZBA,LBT,-9,-9,-9,3,9,1981,W,126436,4,26,1,47,M,II,-9,5,1,830,,,,,,,,,,,,,,,,,,,,,,,,,,,,,,,,,,,,
CA,2,LAT,ZBA,LBT,-9,-9,-9,3,9,1981,W,126436,4,26,1,38,F,II,-9,3,1,490,,,,,,,,,,,,,,,,,,,,,,,,,,,,,,,,,,,,
CA,2,LAT,ZBA,LBT,-9,-9,-9,3,9,1981,W,126436,4,26,1,33,M,II,-9,2,1,340,,,,,,,,,,,,,,,,,,,,,,,,,,,,,,,,,,,,
CA,2,LAT,ZBA,LBT,-9,-9,-9,3,9,1981,W,126436,4,26,1,40,M,II,-9,3,1,550,,,,,,,,,,,,,,,,,,,,,,,,,,,,,,,,,,,,
CA,2,LAT,ZBA,LBT,-9,-9,-9,3,9,1981,W,126436,4,26,1,12,U,I,-9,-9,1,15.6,,,,,,,,,,,,,,,,,,,,,,,,,,,,,,,,,,,,
CA,2,LAT,ZBA,LBT,-9,-9,-9,3,9,1981,W,126436,4,26,1,48,F,II,-9,4,1,1035,,,,,,,,,,,,,,,,,,,,,,,,,,,,,,,,,,,,
CA,2,LAT,ZBA,LBT,-9,-9,-9,3,9,1981,W,126436,4,26,1,14,U,I,-9,1,1,27.6,,,,,,,,,,,,,,,,,,,,,,,,,,,,,,,,,,,,
CA,2,LAT,ZBA,LBT,-9,-9,-9,3,9,1981,W,126436,4,26,1,24,F,II,-9,2,1,128,,,,,,,,,,,,,,,,,,,,,,,,,,,,,,,,,,,,
CA,2,LAT,ZBA,LBT,-9,-9,-9,3,9,1981,W,126436,4,26,1,34,M,II,-9,3,1,370,,,,,,,,,,,,,,,,,,,,,,,,,,,,,,,,,,,,
CA,2,LAT,ZBA,LBT,-9,-9,-9,3,9,1981,W,126436,4,26,1,36,F,IV,-9,3,1,495,,,,,,,,,,,,,,,,,,,,,,,,,,,,,,,,,,,,
CA,2,LAT,ZBA,LBT,-9,-9,-9,3,9,1981,W,126436,4,26,1,45,F,II,-9,3,1,890,,,,,,,,,,,,,,,,,,,,,,,,,,,,,,,,,,,,
CA,2,LAT,ZBA,LBT,-9,-9,-9,3,9,1981,W,126436,4,26,1,15,U,I,-9,1,1,27.9,,,,,,,,,,,,,,,,,,,,,,,,,,,,,,,,,,,,
CA,2,LAT,ZBA,LBT,-9,-9,-9,3,9,1981,W,126436,4,26,1,10,U,I,-9,1,1,9.7,,,,,,,,,,,,,,,,,,,,,,,,,,,,,,,,,,,,
CA,2,LAT,ZBA,LBT,-9,-9,-9,3,9,1981,W,126436,4,26,1,42,M,II,-9,4,1,680,,,,,,,,,,,,,,,,,,,,,,,,,,,,,,,,,,,,
CA,2,LAT,ZBA,LBT,-9,-9,-9,3,9,1981,W,126436,4,26,1,39,F,II,-9,4,1,500,,,,,,,,,,,,,,,,,,,,,,,,,,,,,,,,,,,,
CA,2,LAT,ZBA,LBT,-9,-9,-9,3,9,1981,W,126436,4,26,1,38,F,II,-9,5,1,485,,,,,,,,,,,,,,,,,,,,,,,,,,,,,,,,,,,,
CA,2,LAT,ZBA,LBT,-9,-9,-9,3,9,1981,W,126436,4,26,1,41,M,V,-9,3,1,590,,,,,,,,,,,,,,,,,,,,,,,,,,,,,,,,,,,,
CA,2,LAT,ZBA,LBT,-9,-9,-9,3,9,1981,W,126436,4,26,1,30,F,II,-9,2,1,265,,,,,,,,,,,,,,,,,,,,,,,,,,,,,,,,,,,,
CA,2,LAT,ZBA,LBT,-9,-9,-9,3,9,1981,W,126436,4,26,1,47,M,V,-9,5,1,1120,,,,,,,,,,,,,,,,,,,,,,,,,,,,,,,,,,,,
CA,2,LAT,ZBA,LBT,-9,-9,-9,3,9,1981,W,126436,4,26,1,39,F,II,-9,3,1,550,,,,,,,,,,,,,,,,,,,,,,,,,,,,,,,,,,,,
CA,2,LAT,ZBA,LBT,-9,-9,-9,3,9,1981,W,126436,4,26,1,37,M,II,-9,3,1,425,,,,,,,,,,,,,,,,,,,,,,,,,,,,,,,,,,,,
CA,2,LAT,ZBA,LBT,-9,-9,-9,3,9,1981,W,126436,4,26,1,14,U,I,-9,1,1,26.7,,,,,,,,,,,,,,,,,,,,,,,,,,,,,,,,,,,,
CA,2,LAT,ZBA,LBT,-9,-9,-9,3,9,1981,W,126436,4,26,1,18,U,I,-9,1,1,55.5,,,,,,,,,,,,,,,,,,,,,,,,,,,,,,,,,,,,
CA,2,LAT,ZBA,LBT,-9,-9,-9,3,9,1981,W,126436,4,26,1,10,U,I,-9,1,1,7.7,,,,,,,,,,,,,,,,,,,,,,,,,,,,,,,,,,,,
CA,2,LAT,ZBA,LBT,-9,-9,-9,3,9,1981,W,126436,4,26,1,14,U,I,-9,1,1,23.1,,,,,,,,,,,,,,,,,,,,,,,,,,,,,,,,,,,,
CA,2,LAT,ZBA,LBT,-9,-9,-9,3,9,1981,W,126436,4,26,1,15,U,I,-9,1,1,35.5,,,,,,,,,,,,,,,,,,,,,,,,,,,,,,,,,,,,
CA,2,LAT,ZBA,LBT,-9,-9,-9,3,9,1981,W,126436,4,26,1,14,U,I,-9,1,1,26.6,,,,,,,,,,,,,,,,,,,,,,,,,,,,,,,,,,,,
CA,2,LAT,ZBA,LBT,-9,-9,-9,3,9,1981,W,126436,4,26,1,14,U,I,-9,1,1,27.4,,,,,,,,,,,,,,,,,,,,,,,,,,,,,,,,,,,,
CA,2,LAT,ZBA,LBT,-9,-9,-9,3,9,1981,W,126436,4,26,1,13,U,I,-9,1,1,17.7,,,,,,,,,,,,,,,,,,,,,,,,,,,,,,,,,,,,
CA,2,LAT,ZBA,LBT,-9,-9,-9,3,9,1981,W,126436,4,26,1,13,U,I,-9,1,1,19,,,,,,,,,,,,,,,,,,,,,,,,,,,,,,,,,,,,
CA,2,LAT,ZBA,LBT,-9,-9,-9,3,9,1981,W,126436,4,26,1,16,U,I,-9,1,1,33,,,,,,,,,,,,,,,,,,,,,,,,,,,,,,,,,,,,
CA,2,LAT,ZBA,LBT,-9,-9,-9,3,9,1981,W,126436,4,26,1,13,U,I,-9,1,1,22.2,,,,,,,,,,,,,,,,,,,,,,,,,,,,,,,,,,,,
CA,2,LAT,ZBA,LBT,-9,-9,-9,3,9,1981,W,126436,4,26,1,13,U,I,-9,1,1,16.4,,,,,,,,,,,,,,,,,,,,,,,,,,,,,,,,,,,,
CA,2,LAT,ZBA,LBT,-9,-9,-9,3,9,1981,W,126436,4,26,1,13,U,I,-9,1,1,19.2,,,,,,,,,,,,,,,,,,,,,,,,,,,,,,,,,,,,
CA,2,LAT,ZBA,LBT,-9,-9,-9,3,9,1981,W,126436,4,26,1,16,U,I,-9,1,1,40.1,,,,,,,,,,,,,,,,,,,,,,,,,,,,,,,,,,,,
CA,2,LAT,ZBA,LBT,-9,-9,-9,3,9,1981,W,126436,4,26,1,41,F,III,-9,4,1,750,,,,,,,,,,,,,,,,,,,,,,,,,,,,,,,,,,,,
CA,2,LAT,ZBA,LBT,-9,-9,-9,3,9,1981,W,126436,4,26,1,42,M,IV,-9,6,1,695,,,,,,,,,,,,,,,,,,,,,,,,,,,,,,,,,,,,
CA,2,LAT,ZBA,LBT,-9,-9,-9,3,9,1981,W,126436,4,26,1,32,F,II,-9,2,1,300,,,,,,,,,,,,,,,,,,,,,,,,,,,,,,,,,,,,
CA,2,LAT,ZBA,LBT,-9,-9,-9,3,9,1981,W,126436,4,26,1,42,M,II,-9,4,1,725,,,,,,,,,,,,,,,,,,,,,,,,,,,,,,,,,,,,
CA,2,LAT,ZBA,LBT,-9,-9,-9,3,9,1981,W,126436,4,26,1,34,M,II,-9,2,1,365,,,,,,,,,,,,,,,,,,,,,,,,,,,,,,,,,,,,
CA,2,LAT,ZBA,LBT,-9,-9,-9,3,9,1981,W,126436,4,26,1,46,F,II,-9,4,1,900,,,,,,,,,,,,,,,,,,,,,,,,,,,,,,,,,,,,
CA,2,LAT,ZBA,LBT,-9,-9,-9,3,9,1981,W,126436,4,26,1,46,M,II,-9,4,1,985,,,,,,,,,,,,,,,,,,,,,,,,,,,,,,,,,,,,
CA,2,LAT,ZBA,LBT,-9,-9,-9,3,9,1981,W,126436,4,26,1,37,F,III,-9,4,1,485,,,,,,,,,,,,,,,,,,,,,,,,,,,,,,,,,,,,
CA,2,LAT,ZBA,LBT,-9,-9,-9,3,9,1981,W,126436,4,26,1,38,M,II,-9,4,1,540,,,,,,,,,,,,,,,,,,,,,,,,,,,,,,,,,,,,
CA,2,LAT,ZBA,LBT,-9,-9,-9,3,9,1981,W,126436,4,26,1,42,F,II,-9,4,1,805,,,,,,,,,,,,,,,,,,,,,,,,,,,,,,,,,,,,
CA,2,LAT,ZBA,LBT,-9,-9,-9,3,9,1981,W,126436,4,26,1,51,M,II,-9,5,1,1235,,,,,,,,,,,,,,,,,,,,,,,,,,,,,,,,,,,,
CA,2,LAT,ZBA,LBT,-9,-9,-9,3,9,1981,W,126436,4,26,1,43,M,II,-9,4,1,765,,,,,,,,,,,,,,,,,,,,,,,,,,,,,,,,,,,,
CA,2,LAT,ZBA,LBT,-9,-9,-9,3,9,1981,W,126436,4,26,1,37,M,II,-9,3,1,500,,,,,,,,,,,,,,,,,,,,,,,,,,,,,,,,,,,,
CA,2,LAT,ZBA,LBT,-9,-9,-9,3,9,1981,W,126436,4,26,1,52,F,III,-9,5,1,1305,,,,,,,,,,,,,,,,,,,,,,,,,,,,,,,,,,,,
CA,2,LAT,ZBA,LBT,-9,-9,-9,3,9,1981,W,126436,4,26,1,43,F,II,-9,3,1,805,,,,,,,,,,,,,,,,,,,,,,,,,,,,,,,,,,,,
CA,2,LAT,ZBA,LBT,-9,-9,-9,3,9,1981,W,126436,4,26,1,33,M,II,-9,2,1,320,,,,,,,,,,,,,,,,,,,,,,,,,,,,,,,,,,,,
CA,2,LAT,ZBA,LBT,-9,-9,-9,3,9,1981,W,126436,4,26,1,38,M,II,-9,3,1,505,,,,,,,,,,,,,,,,,,,,,,,,,,,,,,,,,,,,
CA,2,LAT,ZBA,LBT,-9,-9,-9,3,9,1981,W,126436,4,26,1,61,F,III,-9,5,1,2200,,,,,,,,,,,,,,,,,,,,,,,,,,,,,,,,,,,,
CA,2,LAT,ZBA,LBT,-9,-9,-9,3,9,1981,W,126436,4,26,1,42,M,II,-9,4,1,805,,,,,,,,,,,,,,,,,,,,,,,,,,,,,,,,,,,,
CA,2,LAT,ZBA,LBT,-9,-9,-9,3,9,1981,W,126436,4,26,1,50,F,II,-9,4,1,870,,,,,,,,,,,,,,,,,,,,,,,,,,,,,,,,,,,,
CA,2,LAT,ZBA,LBT,-9,-9,-9,3,9,1981,W,126436,4,26,1,41,F,II,-9,3,1,610,,,,,,,,,,,,,,,,,,,,,,,,,,,,,,,,,,,,
CA,2,LAT,ZBA,LBT,-9,-9,-9,3,9,1981,W,126436,4,26,1,45,M,V,-9,4,1,1000,,,,,,,,,,,,,,,,,,,,,,,,,,,,,,,,,,,,
CA,2,LAT,ZBA,LBT,-9,-9,-9,3,9,1981,W,126436,4,26,1,53,F,V,-9,5,1,1075,,,,,,,,,,,,,,,,,,,,,,,,,,,,,,,,,,,,
CA,2,LAT,ZBA,LBT,-9,-9,-9,3,9,1981,W,126436,4,26,1,46,M,II,-9,4,1,970,,,,,,,,,,,,,,,,,,,,,,,,,,,,,,,,,,,,
CA,2,LAT,ZBA,LBT,-9,-9,-9,3,9,1981,W,126436,4,26,1,16,U,I,-9,1,1,41,,,,,,,,,,,,,,,,,,,,,,,,,,,,,,,,,,,,
CA,2,LAT,ZBA,LBT,-9,-9,-9,3,9,1981,W,126436,4,26,1,43,M,II,-9,3,1,785,,,,,,,,,,,,,,,,,,,,,,,,,,,,,,,,,,,,
CA,2,LAT,ZBA,LBT,-9,-9,-9,3,9,1981,W,126436,4,26,1,56,M,V,-9,4,1,1750,,,,,,,,,,,,,,,,,,,,,,,,,,,,,,,,,,,,
CA,2,LAT,ZBA,LBT,-9,-9,-9,3,9,1981,W,126436,4,26,1,56,F,III,-9,6,1,2490,,,,,,,,,,,,,,,,,,,,,,,,,,,,,,,,,,,,
CA,2,LAT,ZBA,LBT,-9,-9,-9,3,9,1981,W,126436,4,26,1,65,F,II,-9,6,1,2715,,,,,,,,,,,,,,,,,,,,,,,,,,,,,,,,,,,,
CA,2,LAT,ZBA,LBT,-9,-9,-9,3,9,1981,W,126436,4,26,1,54,M,II,-9,6,1,1460,,,,,,,,,,,,,,,,,,,,,,,,,,,,,,,,,,,,
CA,2,LAT,ZBA,LBT,-9,-9,-9,3,9,1981,W,126436,4,26,1,36,F,II,-9,4,1,420,,,,,,,,,,,,,,,,,,,,,,,,,,,,,,,,,,,,
CA,2,LAT,ZBA,LBT,-9,-9,-9,3,9,1981,W,126436,4,26,1,30,F,II,-9,2,1,250,,,,,,,,,,,,,,,,,,,,,,,,,,,,,,,,,,,,
CA,2,LAT,ZBA,LBT,-9,-9,-9,3,9,1981,W,126436,4,26,1,37,F,III,-9,3,1,585,,,,,,,,,,,,,,,,,,,,,,,,,,,,,,,,,,,,
CA,2,LAT,ZBA,LBT,-9,-9,-9,3,9,1981,W,126436,4,26,1,41,F,II,-9,5,1,625,,,,,,,,,,,,,,,,,,,,,,,,,,,,,,,,,,,,
CA,2,LAT,ZBA,LBT,-9,-9,-9,3,9,1981,W,126436,4,26,1,40,M,II,-9,3,1,575,,,,,,,,,,,,,,,,,,,,,,,,,,,,,,,,,,,,
CA,2,LAT,ZBA,LBT,-9,-9,-9,3,9,1981,W,126436,4,26,1,48,F,II,-9,5,1,1115,,,,,,,,,,,,,,,,,,,,,,,,,,,,,,,,,,,,
CA,2,LAT,ZBA,LBT,-9,-9,-9,3,9,1981,W,126436,4,26,1,55,F,VI,-9,5,1,1320,,,,,,,,,,,,,,,,,,,,,,,,,,,,,,,,,,,,
CA,2,LAT,ZBA,LBT,-9,-9,-9,3,9,1981,W,126436,4,26,1,54,F,III,-9,5,1,1670,,,,,,,,,,,,,,,,,,,,,,,,,,,,,,,,,,,,
CA,2,LAT,ZBA,LBT,-9,-9,-9,3,9,1981,W,126436,4,26,1,28,F,II,-9,2,1,230,,,,,,,,,,,,,,,,,,,,,,,,,,,,,,,,,,,,
CA,2,LAT,ZBA,LBT,-9,-9,-9,3,9,1981,W,126436,4,26,1,55,F,VI,-9,5,1,1395,,,,,,,,,,,,,,,,,,,,,,,,,,,,,,,,,,,,
CA,2,LAT,ZBA,LBT,-9,-9,-9,3,9,1981,W,126436,4,26,1,40,M,II,-9,4,1,610,,,,,,,,,,,,,,,,,,,,,,,,,,,,,,,,,,,,
CA,2,LAT,ZBA,LBT,-9,-9,-9,3,9,1981,W,126436,4,26,1,62,F,II,-9,5,1,2100,,,,,,,,,,,,,,,,,,,,,,,,,,,,,,,,,,,,
CA,2,LAT,ZBA,LBT,-9,-9,-9,3,9,1981,W,126436,4,26,1,28,M,II,-9,2,1,250,,,,,,,,,,,,,,,,,,,,,,,,,,,,,,,,,,,,
CA,2,LAT,ZBA,LBT,-9,-9,-9,3,9,1981,W,126436,4,26,1,28,M,II,-9,2,1,205,,,,,,,,,,,,,,,,,,,,,,,,,,,,,,,,,,,,
CA,2,LAT,ZBA,LBT,-9,-9,-9,3,9,1981,W,126436,4,26,1,31,M,II,-9,2,1,290,,,,,,,,,,,,,,,,,,,,,,,,,,,,,,,,,,,,
CA,2,LAT,ZBA,LBT,-9,-9,-9,3,9,1981,W,126436,4,26,1,31,F,II,-9,2,1,270,,,,,,,,,,,,,,,,,,,,,,,,,,,,,,,,,,,,
CA,2,LAT,ZBA,LBT,-9,-9,-9,3,9,1981,W,126436,4,26,1,40,M,II,-9,-9,1,665,,,,,,,,,,,,,,,,,,,,,,,,,,,,,,,,,,,,
CA,2,LAT,ZBA,LBT,-9,-9,-9,3,9,1981,W,126436,4,26,1,40,F,II,-9,3,1,600,,,,,,,,,,,,,,,,,,,,,,,,,,,,,,,,,,,,
CA,2,LAT,ZBA,LBT,-9,-9,-9,3,9,1981,W,126436,4,26,1,48,F,VI,-9,5,1,855,,,,,,,,,,,,,,,,,,,,,,,,,,,,,,,,,,,,
CA,2,LAT,ZBA,LBT,-9,-9,-9,3,9,1981,W,126436,4,26,1,38,F,III,-9,4,1,525,,,,,,,,,,,,,,,,,,,,,,,,,,,,,,,,,,,,
CA,2,LAT,ZBA,LBT,-9,-9,-9,3,9,1981,W,126436,4,26,1,52,M,II,-9,5,1,1270,,,,,,,,,,,,,,,,,,,,,,,,,,,,,,,,,,,,
CA,2,LAT,ZBA,LBT,-9,-9,-9,3,9,1981,W,126436,4,26,1,63,F,II,-9,-9,1,2305,,,,,,,,,,,,,,,,,,,,,,,,,,,,,,,,,,,,
CA,2,LAT,ZBA,LBT,-9,-9,-9,3,9,1981,W,126436,4,26,1,49,F,III,-9,4,1,1365,,,,,,,,,,,,,,,,,,,,,,,,,,,,,,,,,,,,
