HH,2,LAT,4576,LBT,-9,-9,-9,4,1,1978,4,23,0630,-9,60,D,56.2667,19.2667,56.1667,19.2333,41G9,130,V,-9,1,1,C,-9,-9,-9,-9,-9,-9,-9,-9,-9,-9,-9,-9,-9,-9,-9,-9,-9,-9,-9,-9,-9,0,0,-9,0,-9,-9,-9,-9,-9,-9
HL,2,LAT,4576,LBT,-9,-9,-9,4,1,1978,W,126436,1,-9,274,1,249,1,-9,200000,1,55,2.2,,,,,,,,,,,,,,,,,,,,,,,,,,,,,,,,,,,
HL,2,LAT,4576,LBT,-9,-9,-9,4,1,1978,W,126436,1,-9,274,1,249,1,-9,200000,1,39,5.5,,,,,,,,,,,,,,,,,,,,,,,,,,,,,,,,,,,
HL,2,LAT,4576,LBT,-9,-9,-9,4,1,1978,W,126436,1,-9,274,1,249,1,-9,200000,1,40,6.6,,,,,,,,,,,,,,,,,,,,,,,,,,,,,,,,,,,
HL,2,LAT,4576,LBT,-9,-9,-9,4,1,1978,W,126436,1,-9,274,1,249,1,-9,200000,1,41,12.1,,,,,,,,,,,,,,,,,,,,,,,,,,,,,,,,,,,
HL,2,LAT,4576,LBT,-9,-9,-9,4,1,1978,W,126436,1,-9,274,1,249,1,-9,200000,1,42,8.8,,,,,,,,,,,,,,,,,,,,,,,,,,,,,,,,,,,
HL,2,LAT,4576,LBT,-9,-9,-9,4,1,1978,W,126436,1,-9,274,1,249,1,-9,200000,1,43,4.4,,,,,,,,,,,,,,,,,,,,,,,,,,,,,,,,,,,
HL,2,LAT,4576,LBT,-9,-9,-9,4,1,1978,W,126436,1,-9,274,1,249,1,-9,200000,1,44,4.4,,,,,,,,,,,,,,,,,,,,,,,,,,,,,,,,,,,
HL,2,LAT,4576,LBT,-9,-9,-9,4,1,1978,W,126436,1,-9,274,1,249,1,-9,200000,1,45,3.3,,,,,,,,,,,,,,,,,,,,,,,,,,,,,,,,,,,
HL,2,LAT,4576,LBT,-9,-9,-9,4,1,1978,W,126436,1,-9,274,1,249,1,-9,200000,1,46,11,,,,,,,,,,,,,,,,,,,,,,,,,,,,,,,,,,,
HL,2,LAT,4576,LBT,-9,-9,-9,4,1,1978,W,126436,1,-9,274,1,249,1,-9,200000,1,47,1.1,,,,,,,,,,,,,,,,,,,,,,,,,,,,,,,,,,,
HL,2,LAT,4576,LBT,-9,-9,-9,4,1,1978,W,126436,1,-9,274,1,249,1,-9,200000,1,48,7.7,,,,,,,,,,,,,,,,,,,,,,,,,,,,,,,,,,,
HL,2,LAT,4576,LBT,-9,-9,-9,4,1,1978,W,126436,1,-9,274,1,249,1,-9,200000,1,49,6.6,,,,,,,,,,,,,,,,,,,,,,,,,,,,,,,,,,,
HL,2,LAT,4576,LBT,-9,-9,-9,4,1,1978,W,126436,1,-9,274,1,249,1,-9,200000,1,50,4.4,,,,,,,,,,,,,,,,,,,,,,,,,,,,,,,,,,,
HL,2,LAT,4576,LBT,-9,-9,-9,4,1,1978,W,126436,1,-9,274,1,249,1,-9,200000,1,38,4.4,,,,,,,,,,,,,,,,,,,,,,,,,,,,,,,,,,,
HL,2,LAT,4576,LBT,-9,-9,-9,4,1,1978,W,126436,1,-9,274,1,249,1,-9,200000,1,53,6.6,,,,,,,,,,,,,,,,,,,,,,,,,,,,,,,,,,,
HL,2,LAT,4576,LBT,-9,-9,-9,4,1,1978,W,126436,1,-9,274,1,249,1,-9,200000,1,52,4.4,,,,,,,,,,,,,,,,,,,,,,,,,,,,,,,,,,,
HL,2,LAT,4576,LBT,-9,-9,-9,4,1,1978,W,126436,1,-9,274,1,249,1,-9,200000,1,57,4.4,,,,,,,,,,,,,,,,,,,,,,,,,,,,,,,,,,,
HL,2,LAT,4576,LBT,-9,-9,-9,4,1,1978,W,126436,1,-9,274,1,249,1,-9,200000,1,58,2.2,,,,,,,,,,,,,,,,,,,,,,,,,,,,,,,,,,,
HL,2,LAT,4576,LBT,-9,-9,-9,4,1,1978,W,126436,1,-9,274,1,249,1,-9,200000,1,59,2.2,,,,,,,,,,,,,,,,,,,,,,,,,,,,,,,,,,,
HL,2,LAT,4576,LBT,-9,-9,-9,4,1,1978,W,126436,1,-9,274,1,249,1,-9,200000,1,60,1.1,,,,,,,,,,,,,,,,,,,,,,,,,,,,,,,,,,,
HL,2,LAT,4576,LBT,-9,-9,-9,4,1,1978,W,126436,1,-9,274,1,249,1,-9,200000,1,62,1.1,,,,,,,,,,,,,,,,,,,,,,,,,,,,,,,,,,,
HL,2,LAT,4576,LBT,-9,-9,-9,4,1,1978,W,126436,1,-9,274,1,249,1,-9,200000,1,63,1.1,,,,,,,,,,,,,,,,,,,,,,,,,,,,,,,,,,,
HL,2,LAT,4576,LBT,-9,-9,-9,4,1,1978,W,126436,1,-9,274,1,249,1,-9,200000,1,65,2.2,,,,,,,,,,,,,,,,,,,,,,,,,,,,,,,,,,,
HL,2,LAT,4576,LBT,-9,-9,-9,4,1,1978,W,126436,1,-9,274,1,249,1,-9,200000,1,72,1.1,,,,,,,,,,,,,,,,,,,,,,,,,,,,,,,,,,,
HL,2,LAT,4576,LBT,-9,-9,-9,4,1,1978,W,126436,1,-9,274,1,249,1,-9,200000,1,73,1.1,,,,,,,,,,,,,,,,,,,,,,,,,,,,,,,,,,,
HL,2,LAT,4576,LBT,-9,-9,-9,4,1,1978,W,126436,1,-9,274,1,249,1,-9,200000,1,75,1.1,,,,,,,,,,,,,,,,,,,,,,,,,,,,,,,,,,,
HL,2,LAT,4576,LBT,-9,-9,-9,4,1,1978,W,126436,1,-9,274,1,249,1,-9,200000,1,83,1.1,,,,,,,,,,,,,,,,,,,,,,,,,,,,,,,,,,,
HL,2,LAT,4576,LBT,-9,-9,-9,4,1,1978,W,127141,4,-9,4,1,-9,1,-9,500,-9,-9,-9,,,,,,,,,,,,,,,,,,,,,,,,,,,,,,,,,,,
HL,2,LAT,4576,LBT,-9,-9,-9,4,1,1978,W,126436,1,-9,274,1,249,1,-9,200000,1,51,6.6,,,,,,,,,,,,,,,,,,,,,,,,,,,,,,,,,,,
HL,2,LAT,4576,LBT,-9,-9,-9,4,1,1978,W,126436,1,-9,274,1,249,1,-9,200000,1,18,5.5,,,,,,,,,,,,,,,,,,,,,,,,,,,,,,,,,,,
HL,2,LAT,4576,LBT,-9,-9,-9,4,1,1978,W,126436,1,-9,274,1,249,1,-9,200000,1,8,3.3,,,,,,,,,,,,,,,,,,,,,,,,,,,,,,,,,,,
HL,2,LAT,4576,LBT,-9,-9,-9,4,1,1978,W,126436,1,-9,274,1,249,1,-9,200000,1,54,1.1,,,,,,,,,,,,,,,,,,,,,,,,,,,,,,,,,,,
HL,2,LAT,4576,LBT,-9,-9,-9,4,1,1978,W,126436,1,-9,274,1,249,1,-9,200000,1,37,2.2,,,,,,,,,,,,,,,,,,,,,,,,,,,,,,,,,,,
HL,2,LAT,4576,LBT,-9,-9,-9,4,1,1978,W,126436,1,-9,274,1,249,1,-9,200000,1,10,5.5,,,,,,,,,,,,,,,,,,,,,,,,,,,,,,,,,,,
HL,2,LAT,4576,LBT,-9,-9,-9,4,1,1978,W,126436,1,-9,274,1,249,1,-9,200000,1,11,4.4,,,,,,,,,,,,,,,,,,,,,,,,,,,,,,,,,,,
HL,2,LAT,4576,LBT,-9,-9,-9,4,1,1978,W,126436,1,-9,274,1,249,1,-9,200000,1,12,6.6,,,,,,,,,,,,,,,,,,,,,,,,,,,,,,,,,,,
HL,2,LAT,4576,LBT,-9,-9,-9,4,1,1978,W,126436,1,-9,274,1,249,1,-9,200000,1,13,3.3,,,,,,,,,,,,,,,,,,,,,,,,,,,,,,,,,,,
HL,2,LAT,4576,LBT,-9,-9,-9,4,1,1978,W,126436,1,-9,274,1,249,1,-9,200000,1,14,1.1,,,,,,,,,,,,,,,,,,,,,,,,,,,,,,,,,,,
HL,2,LAT,4576,LBT,-9,-9,-9,4,1,1978,W,126436,1,-9,274,1,249,1,-9,200000,1,17,2.2,,,,,,,,,,,,,,,,,,,,,,,,,,,,,,,,,,,
HL,2,LAT,4576,LBT,-9,-9,-9,4,1,1978,W,126436,1,-9,274,1,249,1,-9,200000,1,9,2.2,,,,,,,,,,,,,,,,,,,,,,,,,,,,,,,,,,,
HL,2,LAT,4576,LBT,-9,-9,-9,4,1,1978,W,126436,1,-9,274,1,249,1,-9,200000,1,19,2.2,,,,,,,,,,,,,,,,,,,,,,,,,,,,,,,,,,,
HL,2,LAT,4576,LBT,-9,-9,-9,4,1,1978,W,126436,1,-9,274,1,249,1,-9,200000,1,20,5.5,,,,,,,,,,,,,,,,,,,,,,,,,,,,,,,,,,,
HL,2,LAT,4576,LBT,-9,-9,-9,4,1,1978,W,126436,1,-9,274,1,249,1,-9,200000,1,21,8.8,,,,,,,,,,,,,,,,,,,,,,,,,,,,,,,,,,,
HL,2,LAT,4576,LBT,-9,-9,-9,4,1,1978,W,126436,1,-9,274,1,249,1,-9,200000,1,22,12.1,,,,,,,,,,,,,,,,,,,,,,,,,,,,,,,,,,,
HL,2,LAT,4576,LBT,-9,-9,-9,4,1,1978,W,126436,1,-9,274,1,249,1,-9,200000,1,34,4.4,,,,,,,,,,,,,,,,,,,,,,,,,,,,,,,,,,,
HL,2,LAT,4576,LBT,-9,-9,-9,4,1,1978,W,126436,1,-9,274,1,249,1,-9,200000,1,36,5.5,,,,,,,,,,,,,,,,,,,,,,,,,,,,,,,,,,,
HL,2,LAT,4576,LBT,-9,-9,-9,4,1,1978,W,126436,1,-9,274,1,249,1,-9,200000,1,15,1.1,,,,,,,,,,,,,,,,,,,,,,,,,,,,,,,,,,,
HL,2,LAT,4576,LBT,-9,-9,-9,4,1,1978,W,126436,1,-9,274,1,249,1,-9,200000,1,35,5.5,,,,,,,,,,,,,,,,,,,,,,,,,,,,,,,,,,,
HL,2,LAT,4576,LBT,-9,-9,-9,4,1,1978,W,126436,1,-9,274,1,249,1,-9,200000,1,23,14.3,,,,,,,,,,,,,,,,,,,,,,,,,,,,,,,,,,,
HL,2,LAT,4576,LBT,-9,-9,-9,4,1,1978,W,126436,1,-9,274,1,249,1,-9,200000,1,33,6.6,,,,,,,,,,,,,,,,,,,,,,,,,,,,,,,,,,,
HL,2,LAT,4576,LBT,-9,-9,-9,4,1,1978,W,126436,1,-9,274,1,249,1,-9,200000,1,32,3.3,,,,,,,,,,,,,,,,,,,,,,,,,,,,,,,,,,,
HL,2,LAT,4576,LBT,-9,-9,-9,4,1,1978,W,126436,1,-9,274,1,249,1,-9,200000,1,31,4.4,,,,,,,,,,,,,,,,,,,,,,,,,,,,,,,,,,,
HL,2,LAT,4576,LBT,-9,-9,-9,4,1,1978,W,126436,1,-9,274,1,249,1,-9,200000,1,30,6.6,,,,,,,,,,,,,,,,,,,,,,,,,,,,,,,,,,,
HL,2,LAT,4576,LBT,-9,-9,-9,4,1,1978,W,126436,1,-9,274,1,249,1,-9,200000,1,28,2.2,,,,,,,,,,,,,,,,,,,,,,,,,,,,,,,,,,,
HL,2,LAT,4576,LBT,-9,-9,-9,4,1,1978,W,126436,1,-9,274,1,249,1,-9,200000,1,27,4.4,,,,,,,,,,,,,,,,,,,,,,,,,,,,,,,,,,,
HL,2,LAT,4576,LBT,-9,-9,-9,4,1,1978,W,126436,1,-9,274,1,249,1,-9,200000,1,26,7.7,,,,,,,,,,,,,,,,,,,,,,,,,,,,,,,,,,,
HL,2,LAT,4576,LBT,-9,-9,-9,4,1,1978,W,126436,1,-9,274,1,249,1,-9,200000,1,25,9.9,,,,,,,,,,,,,,,,,,,,,,,,,,,,,,,,,,,
HL,2,LAT,4576,LBT,-9,-9,-9,4,1,1978,W,126436,1,-9,274,1,249,1,-9,200000,1,24,6.6,,,,,,,,,,,,,,,,,,,,,,,,,,,,,,,,,,,
HL,2,LAT,4576,LBT,-9,-9,-9,4,1,1978,W,126436,1,-9,274,1,249,1,-9,200000,1,29,6.6,,,,,,,,,,,,,,,,,,,,,,,,,,,,,,,,,,,
CA,2,LAT,4576,LBT,-9,-9,-9,4,1,1978,W,126436,4,26,1,25,F,II,-9,2,1,130,,,,,,,,,,,,,,,,,,,,,,,,,,,,,,,,,,,,
CA,2,LAT,4576,LBT,-9,-9,-9,4,1,1978,W,126436,4,26,1,41,M,V,-9,3,1,640,,,,,,,,,,,,,,,,,,,,,,,,,,,,,,,,,,,,
CA,2,LAT,4576,LBT,-9,-9,-9,4,1,1978,W,126436,4,26,1,32,M,V,-9,2,1,320,,,,,,,,,,,,,,,,,,,,,,,,,,,,,,,,,,,,
CA,2,LAT,4576,LBT,-9,-9,-9,4,1,1978,W,126436,4,26,1,41,M,VI,-9,3,1,500,,,,,,,,,,,,,,,,,,,,,,,,,,,,,,,,,,,,
CA,2,LAT,4576,LBT,-9,-9,-9,4,1,1978,W,126436,4,26,1,31,M,V,-9,2,1,240,,,,,,,,,,,,,,,,,,,,,,,,,,,,,,,,,,,,
CA,2,LAT,4576,LBT,-9,-9,-9,4,1,1978,W,126436,4,26,1,50,M,V,-9,5,1,1180,,,,,,,,,,,,,,,,,,,,,,,,,,,,,,,,,,,,
CA,2,LAT,4576,LBT,-9,-9,-9,4,1,1978,W,126436,4,26,1,46,M,V,-9,4,1,950,,,,,,,,,,,,,,,,,,,,,,,,,,,,,,,,,,,,
CA,2,LAT,4576,LBT,-9,-9,-9,4,1,1978,W,126436,4,26,1,39,M,V,-9,2,1,600,,,,,,,,,,,,,,,,,,,,,,,,,,,,,,,,,,,,
CA,2,LAT,4576,LBT,-9,-9,-9,4,1,1978,W,126436,4,26,1,26,M,IV,-9,2,1,150,,,,,,,,,,,,,,,,,,,,,,,,,,,,,,,,,,,,
CA,2,LAT,4576,LBT,-9,-9,-9,4,1,1978,W,126436,4,26,1,39,M,VI,-9,3,1,500,,,,,,,,,,,,,,,,,,,,,,,,,,,,,,,,,,,,
CA,2,LAT,4576,LBT,-9,-9,-9,4,1,1978,W,126436,4,26,1,48,M,II,-9,4,1,970,,,,,,,,,,,,,,,,,,,,,,,,,,,,,,,,,,,,
CA,2,LAT,4576,LBT,-9,-9,-9,4,1,1978,W,126436,4,26,1,49,M,V,-9,4,1,860,,,,,,,,,,,,,,,,,,,,,,,,,,,,,,,,,,,,
CA,2,LAT,4576,LBT,-9,-9,-9,4,1,1978,W,126436,4,26,1,36,F,II,-9,2,1,450,,,,,,,,,,,,,,,,,,,,,,,,,,,,,,,,,,,,
CA,2,LAT,4576,LBT,-9,-9,-9,4,1,1978,W,126436,4,26,1,26,M,IV,-9,2,1,145,,,,,,,,,,,,,,,,,,,,,,,,,,,,,,,,,,,,
CA,2,LAT,4576,LBT,-9,-9,-9,4,1,1978,W,126436,4,26,1,45,M,V,-9,4,1,920,,,,,,,,,,,,,,,,,,,,,,,,,,,,,,,,,,,,
CA,2,LAT,4576,LBT,-9,-9,-9,4,1,1978,W,126436,4,26,1,73,F,IV,-9,6,1,4250,,,,,,,,,,,,,,,,,,,,,,,,,,,,,,,,,,,,
CA,2,LAT,4576,LBT,-9,-9,-9,4,1,1978,W,126436,4,26,1,59,M,V,-9,6,1,1740,,,,,,,,,,,,,,,,,,,,,,,,,,,,,,,,,,,,
CA,2,LAT,4576,LBT,-9,-9,-9,4,1,1978,W,126436,4,26,1,46,M,V,-9,3,1,970,,,,,,,,,,,,,,,,,,,,,,,,,,,,,,,,,,,,
CA,2,LAT,4576,LBT,-9,-9,-9,4,1,1978,W,126436,4,26,1,23,U,I,-9,2,1,88.9,,,,,,,,,,,,,,,,,,,,,,,,,,,,,,,,,,,,
CA,2,LAT,4576,LBT,-9,-9,-9,4,1,1978,W,126436,4,26,1,30,M,V,-9,2,1,210,,,,,,,,,,,,,,,,,,,,,,,,,,,,,,,,,,,,
CA,2,LAT,4576,LBT,-9,-9,-9,4,1,1978,W,126436,4,26,1,51,M,V,-9,5,1,1330,,,,,,,,,,,,,,,,,,,,,,,,,,,,,,,,,,,,
CA,2,LAT,4576,LBT,-9,-9,-9,4,1,1978,W,126436,4,26,1,25,M,II,-9,2,1,140,,,,,,,,,,,,,,,,,,,,,,,,,,,,,,,,,,,,
CA,2,LAT,4576,LBT,-9,-9,-9,4,1,1978,W,126436,4,26,1,35,M,II,-9,2,1,400,,,,,,,,,,,,,,,,,,,,,,,,,,,,,,,,,,,,
CA,2,LAT,4576,LBT,-9,-9,-9,4,1,1978,W,126436,4,26,1,43,M,V,-9,3,1,840,,,,,,,,,,,,,,,,,,,,,,,,,,,,,,,,,,,,
CA,2,LAT,4576,LBT,-9,-9,-9,4,1,1978,W,126436,4,26,1,48,M,V,-9,4,1,920,,,,,,,,,,,,,,,,,,,,,,,,,,,,,,,,,,,,
CA,2,LAT,4576,LBT,-9,-9,-9,4,1,1978,W,126436,4,26,1,23,F,II,-9,2,1,108,,,,,,,,,,,,,,,,,,,,,,,,,,,,,,,,,,,,
CA,2,LAT,4576,LBT,-9,-9,-9,4,1,1978,W,126436,4,26,1,31,F,II,-9,2,1,270,,,,,,,,,,,,,,,,,,,,,,,,,,,,,,,,,,,,
CA,2,LAT,4576,LBT,-9,-9,-9,4,1,1978,W,126436,4,26,1,36,M,II,-9,2,1,450,,,,,,,,,,,,,,,,,,,,,,,,,,,,,,,,,,,,
CA,2,LAT,4576,LBT,-9,-9,-9,4,1,1978,W,126436,4,26,1,40,F,II,-9,3,1,620,,,,,,,,,,,,,,,,,,,,,,,,,,,,,,,,,,,,
CA,2,LAT,4576,LBT,-9,-9,-9,4,1,1978,W,126436,4,26,1,23,F,II,-9,1,1,95,,,,,,,,,,,,,,,,,,,,,,,,,,,,,,,,,,,,
CA,2,LAT,4576,LBT,-9,-9,-9,4,1,1978,W,126436,4,26,1,49,M,IV,-9,4,1,1180,,,,,,,,,,,,,,,,,,,,,,,,,,,,,,,,,,,,
CA,2,LAT,4576,LBT,-9,-9,-9,4,1,1978,W,126436,4,26,1,40,M,II,-9,4,1,560,,,,,,,,,,,,,,,,,,,,,,,,,,,,,,,,,,,,
CA,2,LAT,4576,LBT,-9,-9,-9,4,1,1978,W,126436,4,26,1,43,M,IV,-9,3,1,790,,,,,,,,,,,,,,,,,,,,,,,,,,,,,,,,,,,,
CA,2,LAT,4576,LBT,-9,-9,-9,4,1,1978,W,126436,4,26,1,51,M,V,-9,5,1,1240,,,,,,,,,,,,,,,,,,,,,,,,,,,,,,,,,,,,
CA,2,LAT,4576,LBT,-9,-9,-9,4,1,1978,W,126436,4,26,1,28,F,II,-9,2,1,190,,,,,,,,,,,,,,,,,,,,,,,,,,,,,,,,,,,,
CA,2,LAT,4576,LBT,-9,-9,-9,4,1,1978,W,126436,4,26,1,53,M,VI,-9,5,1,1150,,,,,,,,,,,,,,,,,,,,,,,,,,,,,,,,,,,,
CA,2,LAT,4576,LBT,-9,-9,-9,4,1,1978,W,126436,4,26,1,15,M,II,-9,1,1,23.2,,,,,,,,,,,,,,,,,,,,,,,,,,,,,,,,,,,,
CA,2,LAT,4576,LBT,-9,-9,-9,4,1,1978,W,126436,4,26,1,23,F,II,-9,1,1,110,,,,,,,,,,,,,,,,,,,,,,,,,,,,,,,,,,,,
CA,2,LAT,4576,LBT,-9,-9,-9,4,1,1978,W,126436,4,26,1,24,F,II,-9,2,1,115,,,,,,,,,,,,,,,,,,,,,,,,,,,,,,,,,,,,
CA,2,LAT,4576,LBT,-9,-9,-9,4,1,1978,W,126436,4,26,1,21,M,IV,-9,1,1,90,,,,,,,,,,,,,,,,,,,,,,,,,,,,,,,,,,,,
CA,2,LAT,4576,LBT,-9,-9,-9,4,1,1978,W,126436,4,26,1,20,F,II,-9,1,1,54.4,,,,,,,,,,,,,,,,,,,,,,,,,,,,,,,,,,,,
CA,2,LAT,4576,LBT,-9,-9,-9,4,1,1978,W,126436,4,26,1,57,M,VI,-9,6,1,1740,,,,,,,,,,,,,,,,,,,,,,,,,,,,,,,,,,,,
CA,2,LAT,4576,LBT,-9,-9,-9,4,1,1978,W,126436,4,26,1,39,M,V,-9,3,1,560,,,,,,,,,,,,,,,,,,,,,,,,,,,,,,,,,,,,
CA,2,LAT,4576,LBT,-9,-9,-9,4,1,1978,W,126436,4,26,1,59,F,IV,-9,6,1,2460,,,,,,,,,,,,,,,,,,,,,,,,,,,,,,,,,,,,
CA,2,LAT,4576,LBT,-9,-9,-9,4,1,1978,W,126436,4,26,1,41,M,V,-9,3,1,535,,,,,,,,,,,,,,,,,,,,,,,,,,,,,,,,,,,,
CA,2,LAT,4576,LBT,-9,-9,-9,4,1,1978,W,126436,4,26,1,26,F,II,-9,2,1,160,,,,,,,,,,,,,,,,,,,,,,,,,,,,,,,,,,,,
CA,2,LAT,4576,LBT,-9,-9,-9,4,1,1978,W,126436,4,26,1,26,M,V,-9,2,1,140,,,,,,,,,,,,,,,,,,,,,,,,,,,,,,,,,,,,
CA,2,LAT,4576,LBT,-9,-9,-9,4,1,1978,W,126436,4,26,1,38,F,II,-9,3,1,480,,,,,,,,,,,,,,,,,,,,,,,,,,,,,,,,,,,,
CA,2,LAT,4576,LBT,-9,-9,-9,4,1,1978,W,126436,4,26,1,50,M,IV,-9,4,1,1000,,,,,,,,,,,,,,,,,,,,,,,,,,,,,,,,,,,,
CA,2,LAT,4576,LBT,-9,-9,-9,4,1,1978,W,126436,4,26,1,41,M,V,-9,3,1,740,,,,,,,,,,,,,,,,,,,,,,,,,,,,,,,,,,,,
CA,2,LAT,4576,LBT,-9,-9,-9,4,1,1978,W,126436,4,26,1,46,F,II,-9,3,1,830,,,,,,,,,,,,,,,,,,,,,,,,,,,,,,,,,,,,
CA,2,LAT,4576,LBT,-9,-9,-9,4,1,1978,W,126436,4,26,1,24,F,II,-9,2,1,118,,,,,,,,,,,,,,,,,,,,,,,,,,,,,,,,,,,,
CA,2,LAT,4576,LBT,-9,-9,-9,4,1,1978,W,126436,4,26,1,26,F,II,-9,2,1,140,,,,,,,,,,,,,,,,,,,,,,,,,,,,,,,,,,,,
CA,2,LAT,4576,LBT,-9,-9,-9,4,1,1978,W,126436,4,26,1,29,M,IV,-9,2,1,230,,,,,,,,,,,,,,,,,,,,,,,,,,,,,,,,,,,,
CA,2,LAT,4576,LBT,-9,-9,-9,4,1,1978,W,126436,4,26,1,22,F,II,-9,2,1,90,,,,,,,,,,,,,,,,,,,,,,,,,,,,,,,,,,,,
CA,2,LAT,4576,LBT,-9,-9,-9,4,1,1978,W,126436,4,26,1,24,F,II,-9,2,1,120,,,,,,,,,,,,,,,,,,,,,,,,,,,,,,,,,,,,
CA,2,LAT,4576,LBT,-9,-9,-9,4,1,1978,W,126436,4,26,1,31,M,IV,-9,3,1,260,,,,,,,,,,,,,,,,,,,,,,,,,,,,,,,,,,,,
CA,2,LAT,4576,LBT,-9,-9,-9,4,1,1978,W,126436,4,26,1,55,F,IV,-9,4,1,1730,,,,,,,,,,,,,,,,,,,,,,,,,,,,,,,,,,,,
CA,2,LAT,4576,LBT,-9,-9,-9,4,1,1978,W,126436,4,26,1,24,F,II,-9,2,1,130,,,,,,,,,,,,,,,,,,,,,,,,,,,,,,,,,,,,
CA,2,LAT,4576,LBT,-9,-9,-9,4,1,1978,W,126436,4,26,1,36,M,V,-9,3,1,410,,,,,,,,,,,,,,,,,,,,,,,,,,,,,,,,,,,,
CA,2,LAT,4576,LBT,-9,-9,-9,4,1,1978,W,126436,4,26,1,40,M,V,-9,3,1,620,,,,,,,,,,,,,,,,,,,,,,,,,,,,,,,,,,,,
CA,2,LAT,4576,LBT,-9,-9,-9,4,1,1978,W,126436,4,26,1,48,M,V,-9,5,1,1100,,,,,,,,,,,,,,,,,,,,,,,,,,,,,,,,,,,,
CA,2,LAT,4576,LBT,-9,-9,-9,4,1,1978,W,126436,4,26,1,12,F,II,-9,-9,1,13.4,,,,,,,,,,,,,,,,,,,,,,,,,,,,,,,,,,,,
CA,2,LAT,4576,LBT,-9,-9,-9,4,1,1978,W,126436,4,26,1,46,M,II,-9,3,1,860,,,,,,,,,,,,,,,,,,,,,,,,,,,,,,,,,,,,
CA,2,LAT,4576,LBT,-9,-9,-9,4,1,1978,W,126436,4,26,1,65,F,IV,-9,4,1,3270,,,,,,,,,,,,,,,,,,,,,,,,,,,,,,,,,,,,
CA,2,LAT,4576,LBT,-9,-9,-9,4,1,1978,W,126436,4,26,1,30,M,II,-9,1,1,240,,,,,,,,,,,,,,,,,,,,,,,,,,,,,,,,,,,,
CA,2,LAT,4576,LBT,-9,-9,-9,4,1,1978,W,126436,4,26,1,52,M,III,-9,5,1,1300,,,,,,,,,,,,,,,,,,,,,,,,,,,,,,,,,,,,
CA,2,LAT,4576,LBT,-9,-9,-9,4,1,1978,W,126436,4,26,1,9,U,I,-9,-9,1,6.3,,,,,,,,,,,,,,,,,,,,,,,,,,,,,,,,,,,,
CA,2,LAT,4576,LBT,-9,-9,-9,4,1,1978,W,126436,4,26,1,8,U,I,-9,-9,1,3.8,,,,,,,,,,,,,,,,,,,,,,,,,,,,,,,,,,,,
CA,2,LAT,4576,LBT,-9,-9,-9,4,1,1978,W,126436,4,26,1,12,M,II,-9,-9,1,12.4,,,,,,,,,,,,,,,,,,,,,,,,,,,,,,,,,,,,
CA,2,LAT,4576,LBT,-9,-9,-9,4,1,1978,W,126436,4,26,1,17,U,I,-9,-9,1,34.8,,,,,,,,,,,,,,,,,,,,,,,,,,,,,,,,,,,,
CA,2,LAT,4576,LBT,-9,-9,-9,4,1,1978,W,126436,4,26,1,10,U,I,-9,-9,1,8.6,,,,,,,,,,,,,,,,,,,,,,,,,,,,,,,,,,,,
CA,2,LAT,4576,LBT,-9,-9,-9,4,1,1978,W,126436,4,26,1,8,U,I,-9,-9,1,3.8,,,,,,,,,,,,,,,,,,,,,,,,,,,,,,,,,,,,
CA,2,LAT,4576,LBT,-9,-9,-9,4,1,1978,W,126436,4,26,1,11,U,I,-9,-9,1,9.6,,,,,,,,,,,,,,,,,,,,,,,,,,,,,,,,,,,,
CA,2,LAT,4576,LBT,-9,-9,-9,4,1,1978,W,126436,4,26,1,11,U,I,-9,-9,1,8.3,,,,,,,,,,,,,,,,,,,,,,,,,,,,,,,,,,,,
CA,2,LAT,4576,LBT,-9,-9,-9,4,1,1978,W,126436,4,26,1,11,F,II,-9,-9,1,10.3,,,,,,,,,,,,,,,,,,,,,,,,,,,,,,,,,,,,
CA,2,LAT,4576,LBT,-9,-9,-9,4,1,1978,W,126436,4,26,1,38,M,V,-9,3,1,500,,,,,,,,,,,,,,,,,,,,,,,,,,,,,,,,,,,,
CA,2,LAT,4576,LBT,-9,-9,-9,4,1,1978,W,126436,4,26,1,12,U,I,-9,-9,1,11.4,,,,,,,,,,,,,,,,,,,,,,,,,,,,,,,,,,,,
CA,2,LAT,4576,LBT,-9,-9,-9,4,1,1978,W,126436,4,26,1,14,M,II,-9,-9,1,22.3,,,,,,,,,,,,,,,,,,,,,,,,,,,,,,,,,,,,
CA,2,LAT,4576,LBT,-9,-9,-9,4,1,1978,W,126436,4,26,1,10,U,I,-9,-9,1,7.3,,,,,,,,,,,,,,,,,,,,,,,,,,,,,,,,,,,,
CA,2,LAT,4576,LBT,-9,-9,-9,4,1,1978,W,126436,4,26,1,13,M,II,-9,-9,1,15.7,,,,,,,,,,,,,,,,,,,,,,,,,,,,,,,,,,,,
CA,2,LAT,4576,LBT,-9,-9,-9,4,1,1978,W,126436,4,26,1,12,M,II,-9,-9,1,12.1,,,,,,,,,,,,,,,,,,,,,,,,,,,,,,,,,,,,
CA,2,LAT,4576,LBT,-9,-9,-9,4,1,1978,W,126436,4,26,1,11,U,I,-9,-9,1,10,,,,,,,,,,,,,,,,,,,,,,,,,,,,,,,,,,,,
CA,2,LAT,4576,LBT,-9,-9,-9,4,1,1978,W,126436,4,26,1,12,F,II,-9,-9,1,13.9,,,,,,,,,,,,,,,,,,,,,,,,,,,,,,,,,,,,
CA,2,LAT,4576,LBT,-9,-9,-9,4,1,1978,W,126436,4,26,1,10,M,II,-9,-9,1,8.4,,,,,,,,,,,,,,,,,,,,,,,,,,,,,,,,,,,,
CA,2,LAT,4576,LBT,-9,-9,-9,4,1,1978,W,126436,4,26,1,13,F,II,-9,-9,1,17.3,,,,,,,,,,,,,,,,,,,,,,,,,,,,,,,,,,,,
CA,2,LAT,4576,LBT,-9,-9,-9,4,1,1978,W,126436,4,26,1,10,F,II,-9,-9,1,7.9,,,,,,,,,,,,,,,,,,,,,,,,,,,,,,,,,,,,
CA,2,LAT,4576,LBT,-9,-9,-9,4,1,1978,W,126436,4,26,1,10,U,I,-9,-9,1,7.1,,,,,,,,,,,,,,,,,,,,,,,,,,,,,,,,,,,,
CA,2,LAT,4576,LBT,-9,-9,-9,4,1,1978,W,126436,4,26,1,13,U,I,-9,-9,1,14.8,,,,,,,,,,,,,,,,,,,,,,,,,,,,,,,,,,,,
CA,2,LAT,4576,LBT,-9,-9,-9,4,1,1978,W,126436,4,26,1,9,U,I,-9,-9,1,6,,,,,,,,,,,,,,,,,,,,,,,,,,,,,,,,,,,,
CA,2,LAT,4576,LBT,-9,-9,-9,4,1,1978,W,126436,4,26,1,8,U,I,-9,-9,1,3.1,,,,,,,,,,,,,,,,,,,,,,,,,,,,,,,,,,,,
CA,2,LAT,4576,LBT,-9,-9,-9,4,1,1978,W,126436,4,26,1,34,M,V,-9,3,1,350,,,,,,,,,,,,,,,,,,,,,,,,,,,,,,,,,,,,
CA,2,LAT,4576,LBT,-9,-9,-9,4,1,1978,W,126436,4,26,1,12,M,II,-9,-9,1,14.4,,,,,,,,,,,,,,,,,,,,,,,,,,,,,,,,,,,,
CA,2,LAT,4576,LBT,-9,-9,-9,4,1,1978,W,126436,4,26,1,44,M,IV,-9,4,1,820,,,,,,,,,,,,,,,,,,,,,,,,,,,,,,,,,,,,
CA,2,LAT,4576,LBT,-9,-9,-9,4,1,1978,W,126436,4,26,1,33,F,II,-9,2,1,350,,,,,,,,,,,,,,,,,,,,,,,,,,,,,,,,,,,,
CA,2,LAT,4576,LBT,-9,-9,-9,4,1,1978,W,126436,4,26,1,46,F,IV,-9,4,1,1120,,,,,,,,,,,,,,,,,,,,,,,,,,,,,,,,,,,,
CA,2,LAT,4576,LBT,-9,-9,-9,4,1,1978,W,126436,4,26,1,40,F,IV,-9,3,1,640,,,,,,,,,,,,,,,,,,,,,,,,,,,,,,,,,,,,
CA,2,LAT,4576,LBT,-9,-9,-9,4,1,1978,W,126436,4,26,1,25,M,IV,-9,2,1,140,,,,,,,,,,,,,,,,,,,,,,,,,,,,,,,,,,,,
CA,2,LAT,4576,LBT,-9,-9,-9,4,1,1978,W,126436,4,26,1,41,M,V,-9,3,1,650,,,,,,,,,,,,,,,,,,,,,,,,,,,,,,,,,,,,
CA,2,LAT,4576,LBT,-9,-9,-9,4,1,1978,W,126436,4,26,1,62,M,IV,-9,5,1,2210,,,,,,,,,,,,,,,,,,,,,,,,,,,,,,,,,,,,
CA,2,LAT,4576,LBT,-9,-9,-9,4,1,1978,W,126436,4,26,1,44,M,IV,-9,4,1,780,,,,,,,,,,,,,,,,,,,,,,,,,,,,,,,,,,,,
CA,2,LAT,4576,LBT,-9,-9,-9,4,1,1978,W,126436,4,26,1,46,M,II,-9,4,1,870,,,,,,,,,,,,,,,,,,,,,,,,,,,,,,,,,,,,
CA,2,LAT,4576,LBT,-9,-9,-9,4,1,1978,W,126436,4,26,1,40,F,II,-9,4,1,570,,,,,,,,,,,,,,,,,,,,,,,,,,,,,,,,,,,,
CA,2,LAT,4576,LBT,-9,-9,-9,4,1,1978,W,126436,4,26,1,39,M,IV,-9,3,1,580,,,,,,,,,,,,,,,,,,,,,,,,,,,,,,,,,,,,
CA,2,LAT,4576,LBT,-9,-9,-9,4,1,1978,W,126436,4,26,1,42,M,V,-9,4,1,660,,,,,,,,,,,,,,,,,,,,,,,,,,,,,,,,,,,,
CA,2,LAT,4576,LBT,-9,-9,-9,4,1,1978,W,126436,4,26,1,45,F,II,-9,3,1,820,,,,,,,,,,,,,,,,,,,,,,,,,,,,,,,,,,,,
CA,2,LAT,4576,LBT,-9,-9,-9,4,1,1978,W,126436,4,26,1,51,F,V,-9,4,1,1460,,,,,,,,,,,,,,,,,,,,,,,,,,,,,,,,,,,,
CA,2,LAT,4576,LBT,-9,-9,-9,4,1,1978,W,126436,4,26,1,49,M,V,-9,4,1,1130,,,,,,,,,,,,,,,,,,,,,,,,,,,,,,,,,,,,
CA,2,LAT,4576,LBT,-9,-9,-9,4,1,1978,W,126436,4,26,1,19,F,II,-9,1,1,38.4,,,,,,,,,,,,,,,,,,,,,,,,,,,,,,,,,,,,
CA,2,LAT,4576,LBT,-9,-9,-9,4,1,1978,W,126436,4,26,1,48,M,V,-9,4,1,1050,,,,,,,,,,,,,,,,,,,,,,,,,,,,,,,,,,,,
CA,2,LAT,4576,LBT,-9,-9,-9,4,1,1978,W,126436,4,26,1,41,M,V,-9,3,1,640,,,,,,,,,,,,,,,,,,,,,,,,,,,,,,,,,,,,
CA,2,LAT,4576,LBT,-9,-9,-9,4,1,1978,W,126436,4,26,1,37,F,II,-9,3,1,450,,,,,,,,,,,,,,,,,,,,,,,,,,,,,,,,,,,,
CA,2,LAT,4576,LBT,-9,-9,-9,4,1,1978,W,126436,4,26,1,60,F,IV,-9,5,1,3060,,,,,,,,,,,,,,,,,,,,,,,,,,,,,,,,,,,,
CA,2,LAT,4576,LBT,-9,-9,-9,4,1,1978,W,126436,4,26,1,43,M,V,-9,3,1,780,,,,,,,,,,,,,,,,,,,,,,,,,,,,,,,,,,,,
CA,2,LAT,4576,LBT,-9,-9,-9,4,1,1978,W,126436,4,26,1,41,M,V,-9,3,1,670,,,,,,,,,,,,,,,,,,,,,,,,,,,,,,,,,,,,
CA,2,LAT,4576,LBT,-9,-9,-9,4,1,1978,W,126436,4,26,1,83,F,V,-9,8,1,9250,,,,,,,,,,,,,,,,,,,,,,,,,,,,,,,,,,,,
CA,2,LAT,4576,LBT,-9,-9,-9,4,1,1978,W,126436,4,26,1,58,F,V,-9,5,1,2280,,,,,,,,,,,,,,,,,,,,,,,,,,,,,,,,,,,,
CA,2,LAT,4576,LBT,-9,-9,-9,4,1,1978,W,126436,4,26,1,50,F,IV,-9,5,1,1190,,,,,,,,,,,,,,,,,,,,,,,,,,,,,,,,,,,,
CA,2,LAT,4576,LBT,-9,-9,-9,4,1,1978,W,126436,4,26,1,38,M,V,-9,3,1,520,,,,,,,,,,,,,,,,,,,,,,,,,,,,,,,,,,,,
CA,2,LAT,4576,LBT,-9,-9,-9,4,1,1978,W,126436,4,26,1,51,F,II,-9,4,1,1340,,,,,,,,,,,,,,,,,,,,,,,,,,,,,,,,,,,,
CA,2,LAT,4576,LBT,-9,-9,-9,4,1,1978,W,126436,4,26,1,25,M,IV,-9,2,1,150,,,,,,,,,,,,,,,,,,,,,,,,,,,,,,,,,,,,
CA,2,LAT,4576,LBT,-9,-9,-9,4,1,1978,W,126436,4,26,1,33,M,II,-9,2,1,380,,,,,,,,,,,,,,,,,,,,,,,,,,,,,,,,,,,,
CA,2,LAT,4576,LBT,-9,-9,-9,4,1,1978,W,126436,4,26,1,49,F,IV,-9,4,1,1240,,,,,,,,,,,,,,,,,,,,,,,,,,,,,,,,,,,,
CA,2,LAT,4576,LBT,-9,-9,-9,4,1,1978,W,126436,4,26,1,22,U,I,-9,1,1,85,,,,,,,,,,,,,,,,,,,,,,,,,,,,,,,,,,,,
CA,2,LAT,4576,LBT,-9,-9,-9,4,1,1978,W,126436,4,26,1,42,M,V,-9,3,1,740,,,,,,,,,,,,,,,,,,,,,,,,,,,,,,,,,,,,
CA,2,LAT,4576,LBT,-9,-9,-9,4,1,1978,W,126436,4,26,1,46,M,V,-9,4,1,790,,,,,,,,,,,,,,,,,,,,,,,,,,,,,,,,,,,,
HH,2,LAT,4576,LBT,-9,-9,-9,4,2,1978,4,23,1025,-9,60,D,56.1500,19.2000,56.1000,19.1667,41G9,126,V,-9,1,1,C,-9,-9,-9,-9,250,-9,-9,-9,-9,-9,-9,-9,-9,-9,-9,-9,-9,-9,-9,-9,-9,225,3,-9,0.5,-9,-9,-9,-9,-9,-9
HL,2,LAT,4576,LBT,-9,-9,-9,4,2,1978,W,126436,1,-9,249,1,100,1,-9,400000,1,31,2.5,,,,,,,,,,,,,,,,,,,,,,,,,,,,,,,,,,,
HL,2,LAT,4576,LBT,-9,-9,-9,4,2,1978,W,126436,1,-9,249,1,100,1,-9,400000,1,21,5,,,,,,,,,,,,,,,,,,,,,,,,,,,,,,,,,,,
HL,2,LAT,4576,LBT,-9,-9,-9,4,2,1978,W,126436,1,-9,249,1,100,1,-9,400000,1,22,7.5,,,,,,,,,,,,,,,,,,,,,,,,,,,,,,,,,,,
HL,2,LAT,4576,LBT,-9,-9,-9,4,2,1978,W,126436,1,-9,249,1,100,1,-9,400000,1,23,12.4,,,,,,,,,,,,,,,,,,,,,,,,,,,,,,,,,,,
HL,2,LAT,4576,LBT,-9,-9,-9,4,2,1978,W,126436,1,-9,249,1,100,1,-9,400000,1,24,10,,,,,,,,,,,,,,,,,,,,,,,,,,,,,,,,,,,
HL,2,LAT,4576,LBT,-9,-9,-9,4,2,1978,W,126436,1,-9,249,1,100,1,-9,400000,1,25,10,,,,,,,,,,,,,,,,,,,,,,,,,,,,,,,,,,,
HL,2,LAT,4576,LBT,-9,-9,-9,4,2,1978,W,126436,1,-9,249,1,100,1,-9,400000,1,26,10,,,,,,,,,,,,,,,,,,,,,,,,,,,,,,,,,,,
HL,2,LAT,4576,LBT,-9,-9,-9,4,2,1978,W,126436,1,-9,249,1,100,1,-9,400000,1,27,7.5,,,,,,,,,,,,,,,,,,,,,,,,,,,,,,,,,,,
HL,2,LAT,4576,LBT,-9,-9,-9,4,2,1978,W,126436,1,-9,249,1,100,1,-9,400000,1,28,7.5,,,,,,,,,,,,,,,,,,,,,,,,,,,,,,,,,,,
HL,2,LAT,4576,LBT,-9,-9,-9,4,2,1978,W,126436,1,-9,249,1,100,1,-9,400000,1,20,2.5,,,,,,,,,,,,,,,,,,,,,,,,,,,,,,,,,,,
HL,2,LAT,4576,LBT,-9,-9,-9,4,2,1978,W,126436,1,-9,249,1,100,1,-9,400000,1,30,12.4,,,,,,,,,,,,,,,,,,,,,,,,,,,,,,,,,,,
HL,2,LAT,4576,LBT,-9,-9,-9,4,2,1978,W,126436,1,-9,249,1,100,1,-9,400000,1,32,5,,,,,,,,,,,,,,,,,,,,,,,,,,,,,,,,,,,
HL,2,LAT,4576,LBT,-9,-9,-9,4,2,1978,W,126436,1,-9,249,1,100,1,-9,400000,1,33,10,,,,,,,,,,,,,,,,,,,,,,,,,,,,,,,,,,,
HL,2,LAT,4576,LBT,-9,-9,-9,4,2,1978,W,126436,1,-9,249,1,100,1,-9,400000,1,34,2.5,,,,,,,,,,,,,,,,,,,,,,,,,,,,,,,,,,,
HL,2,LAT,4576,LBT,-9,-9,-9,4,2,1978,W,126436,1,-9,249,1,100,1,-9,400000,1,35,5,,,,,,,,,,,,,,,,,,,,,,,,,,,,,,,,,,,
HL,2,LAT,4576,LBT,-9,-9,-9,4,2,1978,W,126436,1,-9,249,1,100,1,-9,400000,1,36,5,,,,,,,,,,,,,,,,,,,,,,,,,,,,,,,,,,,
HL,2,LAT,4576,LBT,-9,-9,-9,4,2,1978,W,126436,1,-9,249,1,100,1,-9,400000,1,37,10,,,,,,,,,,,,,,,,,,,,,,,,,,,,,,,,,,,
HL,2,LAT,4576,LBT,-9,-9,-9,4,2,1978,W,126436,1,-9,249,1,100,1,-9,400000,1,38,10,,,,,,,,,,,,,,,,,,,,,,,,,,,,,,,,,,,
HL,2,LAT,4576,LBT,-9,-9,-9,4,2,1978,W,126436,1,-9,249,1,100,1,-9,400000,1,39,5,,,,,,,,,,,,,,,,,,,,,,,,,,,,,,,,,,,
HL,2,LAT,4576,LBT,-9,-9,-9,4,2,1978,W,126436,1,-9,249,1,100,1,-9,400000,1,29,5,,,,,,,,,,,,,,,,,,,,,,,,,,,,,,,,,,,
HL,2,LAT,4576,LBT,-9,-9,-9,4,2,1978,W,126436,1,-9,249,1,100,1,-9,400000,1,46,5,,,,,,,,,,,,,,,,,,,,,,,,,,,,,,,,,,,
HL,2,LAT,4576,LBT,-9,-9,-9,4,2,1978,W,126436,1,-9,249,1,100,1,-9,400000,1,41,2.5,,,,,,,,,,,,,,,,,,,,,,,,,,,,,,,,,,,
HL,2,LAT,4576,LBT,-9,-9,-9,4,2,1978,W,126436,1,-9,249,1,100,1,-9,400000,1,42,7.5,,,,,,,,,,,,,,,,,,,,,,,,,,,,,,,,,,,
HL,2,LAT,4576,LBT,-9,-9,-9,4,2,1978,W,126436,1,-9,249,1,100,1,-9,400000,1,43,5,,,,,,,,,,,,,,,,,,,,,,,,,,,,,,,,,,,
HL,2,LAT,4576,LBT,-9,-9,-9,4,2,1978,W,127141,4,-9,5,1,-9,1,-9,1500,-9,-9,-9,,,,,,,,,,,,,,,,,,,,,,,,,,,,,,,,,,,
HL,2,LAT,4576,LBT,-9,-9,-9,4,2,1978,W,126436,1,-9,249,1,100,1,-9,400000,1,45,5,,,,,,,,,,,,,,,,,,,,,,,,,,,,,,,,,,,
HL,2,LAT,4576,LBT,-9,-9,-9,4,2,1978,W,126436,1,-9,249,1,100,1,-9,400000,1,40,7.5,,,,,,,,,,,,,,,,,,,,,,,,,,,,,,,,,,,
HL,2,LAT,4576,LBT,-9,-9,-9,4,2,1978,W,126436,1,-9,249,1,100,1,-9,400000,1,47,10,,,,,,,,,,,,,,,,,,,,,,,,,,,,,,,,,,,
HL,2,LAT,4576,LBT,-9,-9,-9,4,2,1978,W,126436,1,-9,249,1,100,1,-9,400000,1,48,7.5,,,,,,,,,,,,,,,,,,,,,,,,,,,,,,,,,,,
HL,2,LAT,4576,LBT,-9,-9,-9,4,2,1978,W,126436,1,-9,249,1,100,1,-9,400000,1,49,10,,,,,,,,,,,,,,,,,,,,,,,,,,,,,,,,,,,
HL,2,LAT,4576,LBT,-9,-9,-9,4,2,1978,W,126436,1,-9,249,1,100,1,-9,400000,1,50,5,,,,,,,,,,,,,,,,,,,,,,,,,,,,,,,,,,,
HL,2,LAT,4576,LBT,-9,-9,-9,4,2,1978,W,126436,1,-9,249,1,100,1,-9,400000,1,78,2.5,,,,,,,,,,,,,,,,,,,,,,,,,,,,,,,,,,,
HL,2,LAT,4576,LBT,-9,-9,-9,4,2,1978,W,126436,1,-9,249,1,100,1,-9,400000,1,52,5,,,,,,,,,,,,,,,,,,,,,,,,,,,,,,,,,,,
HL,2,LAT,4576,LBT,-9,-9,-9,4,2,1978,W,126436,1,-9,249,1,100,1,-9,400000,1,54,5,,,,,,,,,,,,,,,,,,,,,,,,,,,,,,,,,,,
HL,2,LAT,4576,LBT,-9,-9,-9,4,2,1978,W,126436,1,-9,249,1,100,1,-9,400000,1,56,5,,,,,,,,,,,,,,,,,,,,,,,,,,,,,,,,,,,
HL,2,LAT,4576,LBT,-9,-9,-9,4,2,1978,W,126436,1,-9,249,1,100,1,-9,400000,1,58,2.5,,,,,,,,,,,,,,,,,,,,,,,,,,,,,,,,,,,
HL,2,LAT,4576,LBT,-9,-9,-9,4,2,1978,W,126436,1,-9,249,1,100,1,-9,400000,1,60,2.5,,,,,,,,,,,,,,,,,,,,,,,,,,,,,,,,,,,
HL,2,LAT,4576,LBT,-9,-9,-9,4,2,1978,W,126436,1,-9,249,1,100,1,-9,400000,1,62,5,,,,,,,,,,,,,,,,,,,,,,,,,,,,,,,,,,,
HL,2,LAT,4576,LBT,-9,-9,-9,4,2,1978,W,126436,1,-9,249,1,100,1,-9,400000,1,63,5,,,,,,,,,,,,,,,,,,,,,,,,,,,,,,,,,,,
HL,2,LAT,4576,LBT,-9,-9,-9,4,2,1978,W,126436,1,-9,249,1,100,1,-9,400000,1,68,2.5,,,,,,,,,,,,,,,,,,,,,,,,,,,,,,,,,,,
HL,2,LAT,4576,LBT,-9,-9,-9,4,2,1978,W,126436,1,-9,249,1,100,1,-9,400000,1,51,2.5,,,,,,,,,,,,,,,,,,,,,,,,,,,,,,,,,,,
HL,2,LAT,4576,LBT,-9,-9,-9,4,2,1978,W,126436,1,-9,249,1,100,1,-9,400000,1,44,2.5,,,,,,,,,,,,,,,,,,,,,,,,,,,,,,,,,,,
CA,2,LAT,4576,LBT,-9,-9,-9,4,2,1978,W,126436,4,26,1,30,M,II,-9,2,1,250,,,,,,,,,,,,,,,,,,,,,,,,,,,,,,,,,,,,
CA,2,LAT,4576,LBT,-9,-9,-9,4,2,1978,W,126436,4,26,1,40,M,V,-9,4,1,500,,,,,,,,,,,,,,,,,,,,,,,,,,,,,,,,,,,,
CA,2,LAT,4576,LBT,-9,-9,-9,4,2,1978,W,126436,4,26,1,25,M,II,-9,2,1,115,,,,,,,,,,,,,,,,,,,,,,,,,,,,,,,,,,,,
CA,2,LAT,4576,LBT,-9,-9,-9,4,2,1978,W,126436,4,26,1,47,M,V,-9,4,1,1250,,,,,,,,,,,,,,,,,,,,,,,,,,,,,,,,,,,,
CA,2,LAT,4576,LBT,-9,-9,-9,4,2,1978,W,126436,4,26,1,40,M,V,-9,3,1,590,,,,,,,,,,,,,,,,,,,,,,,,,,,,,,,,,,,,
CA,2,LAT,4576,LBT,-9,-9,-9,4,2,1978,W,126436,4,26,1,33,F,II,-9,2,1,360,,,,,,,,,,,,,,,,,,,,,,,,,,,,,,,,,,,,
CA,2,LAT,4576,LBT,-9,-9,-9,4,2,1978,W,126436,4,26,1,30,M,V,-9,2,1,250,,,,,,,,,,,,,,,,,,,,,,,,,,,,,,,,,,,,
CA,2,LAT,4576,LBT,-9,-9,-9,4,2,1978,W,126436,4,26,1,24,M,II,-9,2,1,120,,,,,,,,,,,,,,,,,,,,,,,,,,,,,,,,,,,,
CA,2,LAT,4576,LBT,-9,-9,-9,4,2,1978,W,126436,4,26,1,25,F,II,-9,2,1,140,,,,,,,,,,,,,,,,,,,,,,,,,,,,,,,,,,,,
CA,2,LAT,4576,LBT,-9,-9,-9,4,2,1978,W,126436,4,26,1,37,M,II,-9,3,1,500,,,,,,,,,,,,,,,,,,,,,,,,,,,,,,,,,,,,
CA,2,LAT,4576,LBT,-9,-9,-9,4,2,1978,W,126436,4,26,1,22,U,I,-9,2,1,90,,,,,,,,,,,,,,,,,,,,,,,,,,,,,,,,,,,,
CA,2,LAT,4576,LBT,-9,-9,-9,4,2,1978,W,126436,4,26,1,49,M,V,-9,5,1,1010,,,,,,,,,,,,,,,,,,,,,,,,,,,,,,,,,,,,
CA,2,LAT,4576,LBT,-9,-9,-9,4,2,1978,W,126436,4,26,1,62,M,V,-9,6,1,2970,,,,,,,,,,,,,,,,,,,,,,,,,,,,,,,,,,,,
CA,2,LAT,4576,LBT,-9,-9,-9,4,2,1978,W,126436,4,26,1,28,F,II,-9,2,1,220,,,,,,,,,,,,,,,,,,,,,,,,,,,,,,,,,,,,
CA,2,LAT,4576,LBT,-9,-9,-9,4,2,1978,W,126436,4,26,1,60,M,V,-9,5,1,2000,,,,,,,,,,,,,,,,,,,,,,,,,,,,,,,,,,,,
CA,2,LAT,4576,LBT,-9,-9,-9,4,2,1978,W,126436,4,26,1,32,F,II,-9,2,1,300,,,,,,,,,,,,,,,,,,,,,,,,,,,,,,,,,,,,
CA,2,LAT,4576,LBT,-9,-9,-9,4,2,1978,W,126436,4,26,1,54,F,IV,-9,5,1,1950,,,,,,,,,,,,,,,,,,,,,,,,,,,,,,,,,,,,
CA,2,LAT,4576,LBT,-9,-9,-9,4,2,1978,W,126436,4,26,1,31,F,II,-9,2,1,230,,,,,,,,,,,,,,,,,,,,,,,,,,,,,,,,,,,,
CA,2,LAT,4576,LBT,-9,-9,-9,4,2,1978,W,126436,4,26,1,22,M,IV,-9,2,1,100,,,,,,,,,,,,,,,,,,,,,,,,,,,,,,,,,,,,
CA,2,LAT,4576,LBT,-9,-9,-9,4,2,1978,W,126436,4,26,1,26,F,II,-9,2,1,140,,,,,,,,,,,,,,,,,,,,,,,,,,,,,,,,,,,,
CA,2,LAT,4576,LBT,-9,-9,-9,4,2,1978,W,126436,4,26,1,34,M,II,-9,3,1,320,,,,,,,,,,,,,,,,,,,,,,,,,,,,,,,,,,,,
CA,2,LAT,4576,LBT,-9,-9,-9,4,2,1978,W,126436,4,26,1,62,F,V,-9,6,1,2450,,,,,,,,,,,,,,,,,,,,,,,,,,,,,,,,,,,,
CA,2,LAT,4576,LBT,-9,-9,-9,4,2,1978,W,126436,4,26,1,45,M,V,-9,4,1,1020,,,,,,,,,,,,,,,,,,,,,,,,,,,,,,,,,,,,
CA,2,LAT,4576,LBT,-9,-9,-9,4,2,1978,W,126436,4,26,1,56,M,V,-9,5,1,1550,,,,,,,,,,,,,,,,,,,,,,,,,,,,,,,,,,,,
CA,2,LAT,4576,LBT,-9,-9,-9,4,2,1978,W,126436,4,26,1,39,M,V,-9,4,1,600,,,,,,,,,,,,,,,,,,,,,,,,,,,,,,,,,,,,
CA,2,LAT,4576,LBT,-9,-9,-9,4,2,1978,W,126436,4,26,1,33,M,VI,-9,2,1,300,,,,,,,,,,,,,,,,,,,,,,,,,,,,,,,,,,,,
CA,2,LAT,4576,LBT,-9,-9,-9,4,2,1978,W,126436,4,26,1,47,M,V,-9,4,1,970,,,,,,,,,,,,,,,,,,,,,,,,,,,,,,,,,,,,
CA,2,LAT,4576,LBT,-9,-9,-9,4,2,1978,W,126436,4,26,1,23,F,II,-9,1,1,110,,,,,,,,,,,,,,,,,,,,,,,,,,,,,,,,,,,,
CA,2,LAT,4576,LBT,-9,-9,-9,4,2,1978,W,126436,4,26,1,25,M,IV,-9,2,1,130,,,,,,,,,,,,,,,,,,,,,,,,,,,,,,,,,,,,
CA,2,LAT,4576,LBT,-9,-9,-9,4,2,1978,W,126436,4,26,1,49,M,V,-9,5,1,1200,,,,,,,,,,,,,,,,,,,,,,,,,,,,,,,,,,,,
CA,2,LAT,4576,LBT,-9,-9,-9,4,2,1978,W,126436,4,26,1,49,M,V,-9,5,1,970,,,,,,,,,,,,,,,,,,,,,,,,,,,,,,,,,,,,
CA,2,LAT,4576,LBT,-9,-9,-9,4,2,1978,W,126436,4,26,1,47,F,II,-9,3,1,960,,,,,,,,,,,,,,,,,,,,,,,,,,,,,,,,,,,,
CA,2,LAT,4576,LBT,-9,-9,-9,4,2,1978,W,126436,4,26,1,51,M,V,-9,5,1,1040,,,,,,,,,,,,,,,,,,,,,,,,,,,,,,,,,,,,
CA,2,LAT,4576,LBT,-9,-9,-9,4,2,1978,W,126436,4,26,1,30,M,II,-9,2,1,270,,,,,,,,,,,,,,,,,,,,,,,,,,,,,,,,,,,,
CA,2,LAT,4576,LBT,-9,-9,-9,4,2,1978,W,126436,4,26,1,39,M,V,-9,3,1,590,,,,,,,,,,,,,,,,,,,,,,,,,,,,,,,,,,,,
CA,2,LAT,4576,LBT,-9,-9,-9,4,2,1978,W,126436,4,26,1,52,F,V,-9,4,1,1600,,,,,,,,,,,,,,,,,,,,,,,,,,,,,,,,,,,,
CA,2,LAT,4576,LBT,-9,-9,-9,4,2,1978,W,126436,4,26,1,35,M,II,-9,2,1,380,,,,,,,,,,,,,,,,,,,,,,,,,,,,,,,,,,,,
CA,2,LAT,4576,LBT,-9,-9,-9,4,2,1978,W,126436,4,26,1,58,F,IV,-9,5,1,2045,,,,,,,,,,,,,,,,,,,,,,,,,,,,,,,,,,,,
CA,2,LAT,4576,LBT,-9,-9,-9,4,2,1978,W,126436,4,26,1,48,F,IV,-9,4,1,1170,,,,,,,,,,,,,,,,,,,,,,,,,,,,,,,,,,,,
CA,2,LAT,4576,LBT,-9,-9,-9,4,2,1978,W,126436,4,26,1,23,M,II,-9,2,1,115,,,,,,,,,,,,,,,,,,,,,,,,,,,,,,,,,,,,
CA,2,LAT,4576,LBT,-9,-9,-9,4,2,1978,W,126436,4,26,1,20,F,II,-9,1,1,67.4,,,,,,,,,,,,,,,,,,,,,,,,,,,,,,,,,,,,
CA,2,LAT,4576,LBT,-9,-9,-9,4,2,1978,W,126436,4,26,1,40,M,V,-9,3,1,650,,,,,,,,,,,,,,,,,,,,,,,,,,,,,,,,,,,,
CA,2,LAT,4576,LBT,-9,-9,-9,4,2,1978,W,126436,4,26,1,36,F,IV,-9,2,1,495,,,,,,,,,,,,,,,,,,,,,,,,,,,,,,,,,,,,
CA,2,LAT,4576,LBT,-9,-9,-9,4,2,1978,W,126436,4,26,1,21,M,II,-9,1,1,95,,,,,,,,,,,,,,,,,,,,,,,,,,,,,,,,,,,,
CA,2,LAT,4576,LBT,-9,-9,-9,4,2,1978,W,126436,4,26,1,56,F,V,-9,6,1,1800,,,,,,,,,,,,,,,,,,,,,,,,,,,,,,,,,,,,
CA,2,LAT,4576,LBT,-9,-9,-9,4,2,1978,W,126436,4,26,1,42,F,IV,-9,4,1,960,,,,,,,,,,,,,,,,,,,,,,,,,,,,,,,,,,,,
CA,2,LAT,4576,LBT,-9,-9,-9,4,2,1978,W,126436,4,26,1,46,M,V,-9,3,1,920,,,,,,,,,,,,,,,,,,,,,,,,,,,,,,,,,,,,
CA,2,LAT,4576,LBT,-9,-9,-9,4,2,1978,W,126436,4,26,1,26,M,II,-9,2,1,150,,,,,,,,,,,,,,,,,,,,,,,,,,,,,,,,,,,,
CA,2,LAT,4576,LBT,-9,-9,-9,4,2,1978,W,126436,4,26,1,25,M,II,-9,2,1,120,,,,,,,,,,,,,,,,,,,,,,,,,,,,,,,,,,,,
CA,2,LAT,4576,LBT,-9,-9,-9,4,2,1978,W,126436,4,26,1,21,U,I,-9,1,1,80,,,,,,,,,,,,,,,,,,,,,,,,,,,,,,,,,,,,
CA,2,LAT,4576,LBT,-9,-9,-9,4,2,1978,W,126436,4,26,1,24,M,II,-9,2,1,120,,,,,,,,,,,,,,,,,,,,,,,,,,,,,,,,,,,,
CA,2,LAT,4576,LBT,-9,-9,-9,4,2,1978,W,126436,4,26,1,49,F,II,-9,4,1,1220,,,,,,,,,,,,,,,,,,,,,,,,,,,,,,,,,,,,
CA,2,LAT,4576,LBT,-9,-9,-9,4,2,1978,W,126436,4,26,1,26,F,II,-9,2,1,185,,,,,,,,,,,,,,,,,,,,,,,,,,,,,,,,,,,,
CA,2,LAT,4576,LBT,-9,-9,-9,4,2,1978,W,126436,4,26,1,30,M,II,-9,1,1,250,,,,,,,,,,,,,,,,,,,,,,,,,,,,,,,,,,,,
CA,2,LAT,4576,LBT,-9,-9,-9,4,2,1978,W,126436,4,26,1,28,M,V,-9,2,1,190,,,,,,,,,,,,,,,,,,,,,,,,,,,,,,,,,,,,
CA,2,LAT,4576,LBT,-9,-9,-9,4,2,1978,W,126436,4,26,1,38,M,V,-9,3,1,490,,,,,,,,,,,,,,,,,,,,,,,,,,,,,,,,,,,,
CA,2,LAT,4576,LBT,-9,-9,-9,4,2,1978,W,126436,4,26,1,22,M,II,-9,1,1,210,,,,,,,,,,,,,,,,,,,,,,,,,,,,,,,,,,,,
CA,2,LAT,4576,LBT,-9,-9,-9,4,2,1978,W,126436,4,26,1,23,M,III,-9,2,1,100,,,,,,,,,,,,,,,,,,,,,,,,,,,,,,,,,,,,
CA,2,LAT,4576,LBT,-9,-9,-9,4,2,1978,W,126436,4,26,1,41,M,V,-9,3,1,630,,,,,,,,,,,,,,,,,,,,,,,,,,,,,,,,,,,,
CA,2,LAT,4576,LBT,-9,-9,-9,4,2,1978,W,126436,4,26,1,24,M,II,-9,2,1,130,,,,,,,,,,,,,,,,,,,,,,,,,,,,,,,,,,,,
CA,2,LAT,4576,LBT,-9,-9,-9,4,2,1978,W,126436,4,26,1,26,M,V,-9,2,1,140,,,,,,,,,,,,,,,,,,,,,,,,,,,,,,,,,,,,
CA,2,LAT,4576,LBT,-9,-9,-9,4,2,1978,W,126436,4,26,1,36,M,II,-9,2,1,490,,,,,,,,,,,,,,,,,,,,,,,,,,,,,,,,,,,,
CA,2,LAT,4576,LBT,-9,-9,-9,4,2,1978,W,126436,4,26,1,47,M,V,-9,4,1,1030,,,,,,,,,,,,,,,,,,,,,,,,,,,,,,,,,,,,
CA,2,LAT,4576,LBT,-9,-9,-9,4,2,1978,W,126436,4,26,1,38,M,V,-9,4,1,465,,,,,,,,,,,,,,,,,,,,,,,,,,,,,,,,,,,,
CA,2,LAT,4576,LBT,-9,-9,-9,4,2,1978,W,126436,4,26,1,50,M,V,-9,4,1,1260,,,,,,,,,,,,,,,,,,,,,,,,,,,,,,,,,,,,
CA,2,LAT,4576,LBT,-9,-9,-9,4,2,1978,W,126436,4,26,1,48,M,V,-9,4,1,950,,,,,,,,,,,,,,,,,,,,,,,,,,,,,,,,,,,,
CA,2,LAT,4576,LBT,-9,-9,-9,4,2,1978,W,126436,4,26,1,63,F,V,-9,5,1,2350,,,,,,,,,,,,,,,,,,,,,,,,,,,,,,,,,,,,
CA,2,LAT,4576,LBT,-9,-9,-9,4,2,1978,W,126436,4,26,1,29,F,II,-9,2,1,230,,,,,,,,,,,,,,,,,,,,,,,,,,,,,,,,,,,,
CA,2,LAT,4576,LBT,-9,-9,-9,4,2,1978,W,126436,4,26,1,63,M,V,-9,5,1,2200,,,,,,,,,,,,,,,,,,,,,,,,,,,,,,,,,,,,
CA,2,LAT,4576,LBT,-9,-9,-9,4,2,1978,W,126436,4,26,1,28,F,II,-9,2,1,205,,,,,,,,,,,,,,,,,,,,,,,,,,,,,,,,,,,,
CA,2,LAT,4576,LBT,-9,-9,-9,4,2,1978,W,126436,4,26,1,27,F,II,-9,2,1,160,,,,,,,,,,,,,,,,,,,,,,,,,,,,,,,,,,,,
CA,2,LAT,4576,LBT,-9,-9,-9,4,2,1978,W,126436,4,26,1,23,M,IV,-9,2,1,100,,,,,,,,,,,,,,,,,,,,,,,,,,,,,,,,,,,,
CA,2,LAT,4576,LBT,-9,-9,-9,4,2,1978,W,126436,4,26,1,54,F,IV,-9,5,1,1530,,,,,,,,,,,,,,,,,,,,,,,,,,,,,,,,,,,,
CA,2,LAT,4576,LBT,-9,-9,-9,4,2,1978,W,126436,4,26,1,45,M,V,-9,4,1,870,,,,,,,,,,,,,,,,,,,,,,,,,,,,,,,,,,,,
CA,2,LAT,4576,LBT,-9,-9,-9,4,2,1978,W,126436,4,26,1,50,F,IV,-9,4,1,1360,,,,,,,,,,,,,,,,,,,,,,,,,,,,,,,,,,,,
CA,2,LAT,4576,LBT,-9,-9,-9,4,2,1978,W,126436,4,26,1,43,M,II,-9,3,1,790,,,,,,,,,,,,,,,,,,,,,,,,,,,,,,,,,,,,
CA,2,LAT,4576,LBT,-9,-9,-9,4,2,1978,W,126436,4,26,1,30,F,II,-9,2,1,230,,,,,,,,,,,,,,,,,,,,,,,,,,,,,,,,,,,,
CA,2,LAT,4576,LBT,-9,-9,-9,4,2,1978,W,126436,4,26,1,38,M,II,-9,3,1,500,,,,,,,,,,,,,,,,,,,,,,,,,,,,,,,,,,,,
CA,2,LAT,4576,LBT,-9,-9,-9,4,2,1978,W,126436,4,26,1,46,M,V,-9,4,1,945,,,,,,,,,,,,,,,,,,,,,,,,,,,,,,,,,,,,
CA,2,LAT,4576,LBT,-9,-9,-9,4,2,1978,W,126436,4,26,1,37,M,V,-9,3,1,430,,,,,,,,,,,,,,,,,,,,,,,,,,,,,,,,,,,,
CA,2,LAT,4576,LBT,-9,-9,-9,4,2,1978,W,126436,4,26,1,27,M,V,-9,2,1,185,,,,,,,,,,,,,,,,,,,,,,,,,,,,,,,,,,,,
CA,2,LAT,4576,LBT,-9,-9,-9,4,2,1978,W,126436,4,26,1,33,F,II,-9,2,1,320,,,,,,,,,,,,,,,,,,,,,,,,,,,,,,,,,,,,
CA,2,LAT,4576,LBT,-9,-9,-9,4,2,1978,W,126436,4,26,1,24,F,II,-9,1,1,110,,,,,,,,,,,,,,,,,,,,,,,,,,,,,,,,,,,,
CA,2,LAT,4576,LBT,-9,-9,-9,4,2,1978,W,126436,4,26,1,37,M,V,-9,3,1,480,,,,,,,,,,,,,,,,,,,,,,,,,,,,,,,,,,,,
CA,2,LAT,4576,LBT,-9,-9,-9,4,2,1978,W,126436,4,26,1,68,M,VI,-9,6,1,2320,,,,,,,,,,,,,,,,,,,,,,,,,,,,,,,,,,,,
CA,2,LAT,4576,LBT,-9,-9,-9,4,2,1978,W,126436,4,26,1,43,F,V,-9,4,1,830,,,,,,,,,,,,,,,,,,,,,,,,,,,,,,,,,,,,
CA,2,LAT,4576,LBT,-9,-9,-9,4,2,1978,W,126436,4,26,1,35,M,III,-9,3,1,350,,,,,,,,,,,,,,,,,,,,,,,,,,,,,,,,,,,,
CA,2,LAT,4576,LBT,-9,-9,-9,4,2,1978,W,126436,4,26,1,48,F,II,-9,4,1,1030,,,,,,,,,,,,,,,,,,,,,,,,,,,,,,,,,,,,
CA,2,LAT,4576,LBT,-9,-9,-9,4,2,1978,W,126436,4,26,1,44,M,III,-9,4,1,820,,,,,,,,,,,,,,,,,,,,,,,,,,,,,,,,,,,,
CA,2,LAT,4576,LBT,-9,-9,-9,4,2,1978,W,126436,4,26,1,42,M,VI,-9,4,1,640,,,,,,,,,,,,,,,,,,,,,,,,,,,,,,,,,,,,
CA,2,LAT,4576,LBT,-9,-9,-9,4,2,1978,W,126436,4,26,1,32,F,II,-9,2,1,290,,,,,,,,,,,,,,,,,,,,,,,,,,,,,,,,,,,,
CA,2,LAT,4576,LBT,-9,-9,-9,4,2,1978,W,126436,4,26,1,37,F,III,-9,4,1,460,,,,,,,,,,,,,,,,,,,,,,,,,,,,,,,,,,,,
CA,2,LAT,4576,LBT,-9,-9,-9,4,2,1978,W,126436,4,26,1,27,M,II,-9,2,1,170,,,,,,,,,,,,,,,,,,,,,,,,,,,,,,,,,,,,
CA,2,LAT,4576,LBT,-9,-9,-9,4,2,1978,W,126436,4,26,1,23,M,II,-9,2,1,110,,,,,,,,,,,,,,,,,,,,,,,,,,,,,,,,,,,,
CA,2,LAT,4576,LBT,-9,-9,-9,4,2,1978,W,126436,4,26,1,29,M,II,-9,2,1,200,,,,,,,,,,,,,,,,,,,,,,,,,,,,,,,,,,,,
CA,2,LAT,4576,LBT,-9,-9,-9,4,2,1978,W,126436,4,26,1,52,M,IV,-9,4,1,1400,,,,,,,,,,,,,,,,,,,,,,,,,,,,,,,,,,,,
CA,2,LAT,4576,LBT,-9,-9,-9,4,2,1978,W,126436,4,26,1,78,F,V,-9,6,1,4750,,,,,,,,,,,,,,,,,,,,,,,,,,,,,,,,,,,,
CA,2,LAT,4576,LBT,-9,-9,-9,4,2,1978,W,126436,4,26,1,38,M,V,-9,4,1,490,,,,,,,,,,,,,,,,,,,,,,,,,,,,,,,,,,,,
CA,2,LAT,4576,LBT,-9,-9,-9,4,2,1978,W,126436,4,26,1,33,M,II,-9,2,1,330,,,,,,,,,,,,,,,,,,,,,,,,,,,,,,,,,,,,
HH,2,LAT,4576,LBT,-9,-9,-9,4,3,1978,4,23,1205,-9,30,D,56.0667,19.0500,56.0500,18.9667,41G9,122,V,-9,1,1,C,-9,-9,-9,-9,250,-9,-9,-9,-9,-9,-9,-9,-9,-9,-9,-9,-9,-9,-9,-9,-9,225,3,-9,0.5,-9,-9,-9,-9,-9,-9
HL,2,LAT,4576,LBT,-9,-9,-9,4,3,1978,W,126436,1,-9,436,1,113,1,-9,300000,1,46,3.9,,,,,,,,,,,,,,,,,,,,,,,,,,,,,,,,,,,
HL,2,LAT,4576,LBT,-9,-9,-9,4,3,1978,W,126436,1,-9,436,1,113,1,-9,300000,1,38,7.7,,,,,,,,,,,,,,,,,,,,,,,,,,,,,,,,,,,
HL,2,LAT,4576,LBT,-9,-9,-9,4,3,1978,W,126436,1,-9,436,1,113,1,-9,300000,1,39,7.7,,,,,,,,,,,,,,,,,,,,,,,,,,,,,,,,,,,
HL,2,LAT,4576,LBT,-9,-9,-9,4,3,1978,W,126436,1,-9,436,1,113,1,-9,300000,1,40,15.4,,,,,,,,,,,,,,,,,,,,,,,,,,,,,,,,,,,
HL,2,LAT,4576,LBT,-9,-9,-9,4,3,1978,W,126436,1,-9,436,1,113,1,-9,300000,1,42,15.4,,,,,,,,,,,,,,,,,,,,,,,,,,,,,,,,,,,
HL,2,LAT,4576,LBT,-9,-9,-9,4,3,1978,W,126436,1,-9,436,1,113,1,-9,300000,1,37,7.7,,,,,,,,,,,,,,,,,,,,,,,,,,,,,,,,,,,
HL,2,LAT,4576,LBT,-9,-9,-9,4,3,1978,W,126436,1,-9,436,1,113,1,-9,300000,1,45,7.7,,,,,,,,,,,,,,,,,,,,,,,,,,,,,,,,,,,
HL,2,LAT,4576,LBT,-9,-9,-9,4,3,1978,W,126436,1,-9,436,1,113,1,-9,300000,1,44,19.3,,,,,,,,,,,,,,,,,,,,,,,,,,,,,,,,,,,
HL,2,LAT,4576,LBT,-9,-9,-9,4,3,1978,W,126436,1,-9,436,1,113,1,-9,300000,1,36,11.6,,,,,,,,,,,,,,,,,,,,,,,,,,,,,,,,,,,
HL,2,LAT,4576,LBT,-9,-9,-9,4,3,1978,W,126436,1,-9,436,1,113,1,-9,300000,1,34,7.7,,,,,,,,,,,,,,,,,,,,,,,,,,,,,,,,,,,
HL,2,LAT,4576,LBT,-9,-9,-9,4,3,1978,W,126436,1,-9,436,1,113,1,-9,300000,1,47,7.7,,,,,,,,,,,,,,,,,,,,,,,,,,,,,,,,,,,
HL,2,LAT,4576,LBT,-9,-9,-9,4,3,1978,W,126436,1,-9,436,1,113,1,-9,300000,1,32,3.9,,,,,,,,,,,,,,,,,,,,,,,,,,,,,,,,,,,
HL,2,LAT,4576,LBT,-9,-9,-9,4,3,1978,W,126436,1,-9,436,1,113,1,-9,300000,1,52,15.4,,,,,,,,,,,,,,,,,,,,,,,,,,,,,,,,,,,
HL,2,LAT,4576,LBT,-9,-9,-9,4,3,1978,W,126436,1,-9,436,1,113,1,-9,300000,1,31,3.9,,,,,,,,,,,,,,,,,,,,,,,,,,,,,,,,,,,
HL,2,LAT,4576,LBT,-9,-9,-9,4,3,1978,W,126436,1,-9,436,1,113,1,-9,300000,1,30,3.9,,,,,,,,,,,,,,,,,,,,,,,,,,,,,,,,,,,
HL,2,LAT,4576,LBT,-9,-9,-9,4,3,1978,W,126436,1,-9,436,1,113,1,-9,300000,1,29,11.6,,,,,,,,,,,,,,,,,,,,,,,,,,,,,,,,,,,
HL,2,LAT,4576,LBT,-9,-9,-9,4,3,1978,W,126436,1,-9,436,1,113,1,-9,300000,1,28,11.6,,,,,,,,,,,,,,,,,,,,,,,,,,,,,,,,,,,
HL,2,LAT,4576,LBT,-9,-9,-9,4,3,1978,W,126436,1,-9,436,1,113,1,-9,300000,1,27,15.4,,,,,,,,,,,,,,,,,,,,,,,,,,,,,,,,,,,
HL,2,LAT,4576,LBT,-9,-9,-9,4,3,1978,W,126436,1,-9,436,1,113,1,-9,300000,1,26,30.9,,,,,,,,,,,,,,,,,,,,,,,,,,,,,,,,,,,
HL,2,LAT,4576,LBT,-9,-9,-9,4,3,1978,W,126436,1,-9,436,1,113,1,-9,300000,1,33,11.6,,,,,,,,,,,,,,,,,,,,,,,,,,,,,,,,,,,
HL,2,LAT,4576,LBT,-9,-9,-9,4,3,1978,W,126436,1,-9,436,1,113,1,-9,300000,1,58,3.9,,,,,,,,,,,,,,,,,,,,,,,,,,,,,,,,,,,
HL,2,LAT,4576,LBT,-9,-9,-9,4,3,1978,W,126436,1,-9,436,1,113,1,-9,300000,1,19,11.6,,,,,,,,,,,,,,,,,,,,,,,,,,,,,,,,,,,
HL,2,LAT,4576,LBT,-9,-9,-9,4,3,1978,W,126436,1,-9,436,1,113,1,-9,300000,1,20,3.9,,,,,,,,,,,,,,,,,,,,,,,,,,,,,,,,,,,
HL,2,LAT,4576,LBT,-9,-9,-9,4,3,1978,W,126436,1,-9,436,1,113,1,-9,300000,1,21,7.7,,,,,,,,,,,,,,,,,,,,,,,,,,,,,,,,,,,
HL,2,LAT,4576,LBT,-9,-9,-9,4,3,1978,W,126436,1,-9,436,1,113,1,-9,300000,1,22,23.2,,,,,,,,,,,,,,,,,,,,,,,,,,,,,,,,,,,
HL,2,LAT,4576,LBT,-9,-9,-9,4,3,1978,W,126436,1,-9,436,1,113,1,-9,300000,1,23,15.4,,,,,,,,,,,,,,,,,,,,,,,,,,,,,,,,,,,
HL,2,LAT,4576,LBT,-9,-9,-9,4,3,1978,W,126436,1,-9,436,1,113,1,-9,300000,1,24,15.4,,,,,,,,,,,,,,,,,,,,,,,,,,,,,,,,,,,
HL,2,LAT,4576,LBT,-9,-9,-9,4,3,1978,W,126436,1,-9,436,1,113,1,-9,300000,1,85,3.9,,,,,,,,,,,,,,,,,,,,,,,,,,,,,,,,,,,
HL,2,LAT,4576,LBT,-9,-9,-9,4,3,1978,W,126436,1,-9,436,1,113,1,-9,300000,1,69,3.9,,,,,,,,,,,,,,,,,,,,,,,,,,,,,,,,,,,
HL,2,LAT,4576,LBT,-9,-9,-9,4,3,1978,W,126436,1,-9,436,1,113,1,-9,300000,1,63,3.9,,,,,,,,,,,,,,,,,,,,,,,,,,,,,,,,,,,
HL,2,LAT,4576,LBT,-9,-9,-9,4,3,1978,W,126436,1,-9,436,1,113,1,-9,300000,1,50,11.6,,,,,,,,,,,,,,,,,,,,,,,,,,,,,,,,,,,
HL,2,LAT,4576,LBT,-9,-9,-9,4,3,1978,W,126436,1,-9,436,1,113,1,-9,300000,1,59,3.9,,,,,,,,,,,,,,,,,,,,,,,,,,,,,,,,,,,
HL,2,LAT,4576,LBT,-9,-9,-9,4,3,1978,W,126436,1,-9,436,1,113,1,-9,300000,1,48,7.7,,,,,,,,,,,,,,,,,,,,,,,,,,,,,,,,,,,
HL,2,LAT,4576,LBT,-9,-9,-9,4,3,1978,W,126436,1,-9,436,1,113,1,-9,300000,1,57,3.9,,,,,,,,,,,,,,,,,,,,,,,,,,,,,,,,,,,
HL,2,LAT,4576,LBT,-9,-9,-9,4,3,1978,W,126436,1,-9,436,1,113,1,-9,300000,1,56,3.9,,,,,,,,,,,,,,,,,,,,,,,,,,,,,,,,,,,
HL,2,LAT,4576,LBT,-9,-9,-9,4,3,1978,W,126436,1,-9,436,1,113,1,-9,300000,1,55,11.6,,,,,,,,,,,,,,,,,,,,,,,,,,,,,,,,,,,
HL,2,LAT,4576,LBT,-9,-9,-9,4,3,1978,W,126436,1,-9,436,1,113,1,-9,300000,1,54,11.6,,,,,,,,,,,,,,,,,,,,,,,,,,,,,,,,,,,
HL,2,LAT,4576,LBT,-9,-9,-9,4,3,1978,W,126436,1,-9,436,1,113,1,-9,300000,1,53,3.9,,,,,,,,,,,,,,,,,,,,,,,,,,,,,,,,,,,
HL,2,LAT,4576,LBT,-9,-9,-9,4,3,1978,W,126436,1,-9,436,1,113,1,-9,300000,1,41,19.3,,,,,,,,,,,,,,,,,,,,,,,,,,,,,,,,,,,
HL,2,LAT,4576,LBT,-9,-9,-9,4,3,1978,W,126436,1,-9,436,1,113,1,-9,300000,1,51,11.6,,,,,,,,,,,,,,,,,,,,,,,,,,,,,,,,,,,
HL,2,LAT,4576,LBT,-9,-9,-9,4,3,1978,W,126436,1,-9,436,1,113,1,-9,300000,1,25,7.7,,,,,,,,,,,,,,,,,,,,,,,,,,,,,,,,,,,
HL,2,LAT,4576,LBT,-9,-9,-9,4,3,1978,W,126436,1,-9,436,1,113,1,-9,300000,1,49,7.7,,,,,,,,,,,,,,,,,,,,,,,,,,,,,,,,,,,
HL,2,LAT,4576,LBT,-9,-9,-9,4,3,1978,W,126436,1,-9,436,1,113,1,-9,300000,1,61,3.9,,,,,,,,,,,,,,,,,,,,,,,,,,,,,,,,,,,
HL,2,LAT,4576,LBT,-9,-9,-9,4,3,1978,W,126436,1,-9,436,1,113,1,-9,300000,1,43,15.4,,,,,,,,,,,,,,,,,,,,,,,,,,,,,,,,,,,
CA,2,LAT,4576,LBT,-9,-9,-9,4,3,1978,W,126436,4,26,1,50,M,V,-9,5,1,1140,,,,,,,,,,,,,,,,,,,,,,,,,,,,,,,,,,,,
CA,2,LAT,4576,LBT,-9,-9,-9,4,3,1978,W,126436,4,26,1,26,M,II,-9,2,1,150,,,,,,,,,,,,,,,,,,,,,,,,,,,,,,,,,,,,
CA,2,LAT,4576,LBT,-9,-9,-9,4,3,1978,W,126436,4,26,1,19,F,II,-9,1,1,58,,,,,,,,,,,,,,,,,,,,,,,,,,,,,,,,,,,,
CA,2,LAT,4576,LBT,-9,-9,-9,4,3,1978,W,126436,4,26,1,48,M,IV,-9,4,1,1070,,,,,,,,,,,,,,,,,,,,,,,,,,,,,,,,,,,,
CA,2,LAT,4576,LBT,-9,-9,-9,4,3,1978,W,126436,4,26,1,41,M,V,-9,3,1,570,,,,,,,,,,,,,,,,,,,,,,,,,,,,,,,,,,,,
CA,2,LAT,4576,LBT,-9,-9,-9,4,3,1978,W,126436,4,26,1,40,F,II,-9,3,1,570,,,,,,,,,,,,,,,,,,,,,,,,,,,,,,,,,,,,
CA,2,LAT,4576,LBT,-9,-9,-9,4,3,1978,W,126436,4,26,1,27,F,II,-9,2,1,180,,,,,,,,,,,,,,,,,,,,,,,,,,,,,,,,,,,,
CA,2,LAT,4576,LBT,-9,-9,-9,4,3,1978,W,126436,4,26,1,58,F,IV,-9,5,1,1900,,,,,,,,,,,,,,,,,,,,,,,,,,,,,,,,,,,,
CA,2,LAT,4576,LBT,-9,-9,-9,4,3,1978,W,126436,4,26,1,52,M,IV,-9,5,1,1420,,,,,,,,,,,,,,,,,,,,,,,,,,,,,,,,,,,,
CA,2,LAT,4576,LBT,-9,-9,-9,4,3,1978,W,126436,4,26,1,52,M,V,-9,4,1,1370,,,,,,,,,,,,,,,,,,,,,,,,,,,,,,,,,,,,
CA,2,LAT,4576,LBT,-9,-9,-9,4,3,1978,W,126436,4,26,1,39,M,II,-9,4,1,490,,,,,,,,,,,,,,,,,,,,,,,,,,,,,,,,,,,,
CA,2,LAT,4576,LBT,-9,-9,-9,4,3,1978,W,126436,4,26,1,43,M,V,-9,4,1,760,,,,,,,,,,,,,,,,,,,,,,,,,,,,,,,,,,,,
CA,2,LAT,4576,LBT,-9,-9,-9,4,3,1978,W,126436,4,26,1,37,M,II,-9,3,1,520,,,,,,,,,,,,,,,,,,,,,,,,,,,,,,,,,,,,
CA,2,LAT,4576,LBT,-9,-9,-9,4,3,1978,W,126436,4,26,1,45,F,II,-9,4,1,900,,,,,,,,,,,,,,,,,,,,,,,,,,,,,,,,,,,,
CA,2,LAT,4576,LBT,-9,-9,-9,4,3,1978,W,126436,4,26,1,51,M,V,-9,5,1,1280,,,,,,,,,,,,,,,,,,,,,,,,,,,,,,,,,,,,
CA,2,LAT,4576,LBT,-9,-9,-9,4,3,1978,W,126436,4,26,1,49,M,V,-9,4,1,970,,,,,,,,,,,,,,,,,,,,,,,,,,,,,,,,,,,,
CA,2,LAT,4576,LBT,-9,-9,-9,4,3,1978,W,126436,4,26,1,53,F,IV,-9,4,1,1420,,,,,,,,,,,,,,,,,,,,,,,,,,,,,,,,,,,,
CA,2,LAT,4576,LBT,-9,-9,-9,4,3,1978,W,126436,4,26,1,56,M,V,-9,6,1,1500,,,,,,,,,,,,,,,,,,,,,,,,,,,,,,,,,,,,
CA,2,LAT,4576,LBT,-9,-9,-9,4,3,1978,W,126436,4,26,1,41,F,V,-9,3,1,760,,,,,,,,,,,,,,,,,,,,,,,,,,,,,,,,,,,,
CA,2,LAT,4576,LBT,-9,-9,-9,4,3,1978,W,126436,4,26,1,40,M,V,-9,4,1,610,,,,,,,,,,,,,,,,,,,,,,,,,,,,,,,,,,,,
CA,2,LAT,4576,LBT,-9,-9,-9,4,3,1978,W,126436,4,26,1,45,M,V,-9,3,1,890,,,,,,,,,,,,,,,,,,,,,,,,,,,,,,,,,,,,
CA,2,LAT,4576,LBT,-9,-9,-9,4,3,1978,W,126436,4,26,1,46,F,II,-9,4,1,790,,,,,,,,,,,,,,,,,,,,,,,,,,,,,,,,,,,,
CA,2,LAT,4576,LBT,-9,-9,-9,4,3,1978,W,126436,4,26,1,33,F,II,-9,3,1,320,,,,,,,,,,,,,,,,,,,,,,,,,,,,,,,,,,,,
CA,2,LAT,4576,LBT,-9,-9,-9,4,3,1978,W,126436,4,26,1,54,F,V,-9,5,1,1470,,,,,,,,,,,,,,,,,,,,,,,,,,,,,,,,,,,,
CA,2,LAT,4576,LBT,-9,-9,-9,4,3,1978,W,126436,4,26,1,27,M,II,-9,2,1,170,,,,,,,,,,,,,,,,,,,,,,,,,,,,,,,,,,,,
CA,2,LAT,4576,LBT,-9,-9,-9,4,3,1978,W,126436,4,26,1,43,F,II,-9,3,1,650,,,,,,,,,,,,,,,,,,,,,,,,,,,,,,,,,,,,
CA,2,LAT,4576,LBT,-9,-9,-9,4,3,1978,W,126436,4,26,1,41,M,V,-9,3,1,610,,,,,,,,,,,,,,,,,,,,,,,,,,,,,,,,,,,,
CA,2,LAT,4576,LBT,-9,-9,-9,4,3,1978,W,126436,4,26,1,47,M,IV,-9,4,1,1050,,,,,,,,,,,,,,,,,,,,,,,,,,,,,,,,,,,,
CA,2,LAT,4576,LBT,-9,-9,-9,4,3,1978,W,126436,4,26,1,44,M,IV,-9,4,1,890,,,,,,,,,,,,,,,,,,,,,,,,,,,,,,,,,,,,
CA,2,LAT,4576,LBT,-9,-9,-9,4,3,1978,W,126436,4,26,1,69,F,IV,-9,6,1,3850,,,,,,,,,,,,,,,,,,,,,,,,,,,,,,,,,,,,
CA,2,LAT,4576,LBT,-9,-9,-9,4,3,1978,W,126436,4,26,1,55,M,V,-9,5,1,1630,,,,,,,,,,,,,,,,,,,,,,,,,,,,,,,,,,,,
CA,2,LAT,4576,LBT,-9,-9,-9,4,3,1978,W,126436,4,26,1,52,F,II,-9,5,1,1090,,,,,,,,,,,,,,,,,,,,,,,,,,,,,,,,,,,,
CA,2,LAT,4576,LBT,-9,-9,-9,4,3,1978,W,126436,4,26,1,51,M,VI,-9,4,1,1190,,,,,,,,,,,,,,,,,,,,,,,,,,,,,,,,,,,,
CA,2,LAT,4576,LBT,-9,-9,-9,4,3,1978,W,126436,4,26,1,44,F,IV,-9,4,1,885,,,,,,,,,,,,,,,,,,,,,,,,,,,,,,,,,,,,
CA,2,LAT,4576,LBT,-9,-9,-9,4,3,1978,W,126436,4,26,1,40,M,V,-9,3,1,620,,,,,,,,,,,,,,,,,,,,,,,,,,,,,,,,,,,,
CA,2,LAT,4576,LBT,-9,-9,-9,4,3,1978,W,126436,4,26,1,25,M,V,-9,2,1,140,,,,,,,,,,,,,,,,,,,,,,,,,,,,,,,,,,,,
CA,2,LAT,4576,LBT,-9,-9,-9,4,3,1978,W,126436,4,26,1,31,M,VI,-9,2,1,260,,,,,,,,,,,,,,,,,,,,,,,,,,,,,,,,,,,,
CA,2,LAT,4576,LBT,-9,-9,-9,4,3,1978,W,126436,4,26,1,38,M,VI,-9,3,1,450,,,,,,,,,,,,,,,,,,,,,,,,,,,,,,,,,,,,
CA,2,LAT,4576,LBT,-9,-9,-9,4,3,1978,W,126436,4,26,1,36,M,V,-9,2,1,410,,,,,,,,,,,,,,,,,,,,,,,,,,,,,,,,,,,,
CA,2,LAT,4576,LBT,-9,-9,-9,4,3,1978,W,126436,4,26,1,33,F,II,-9,2,1,360,,,,,,,,,,,,,,,,,,,,,,,,,,,,,,,,,,,,
CA,2,LAT,4576,LBT,-9,-9,-9,4,3,1978,W,126436,4,26,1,19,M,IV,-9,2,1,64.3,,,,,,,,,,,,,,,,,,,,,,,,,,,,,,,,,,,,
CA,2,LAT,4576,LBT,-9,-9,-9,4,3,1978,W,126436,4,26,1,22,M,II,-9,2,1,77.4,,,,,,,,,,,,,,,,,,,,,,,,,,,,,,,,,,,,
CA,2,LAT,4576,LBT,-9,-9,-9,4,3,1978,W,126436,4,26,1,36,M,V,-9,3,1,460,,,,,,,,,,,,,,,,,,,,,,,,,,,,,,,,,,,,
CA,2,LAT,4576,LBT,-9,-9,-9,4,3,1978,W,126436,4,26,1,20,F,II,-9,1,1,62.8,,,,,,,,,,,,,,,,,,,,,,,,,,,,,,,,,,,,
CA,2,LAT,4576,LBT,-9,-9,-9,4,3,1978,W,126436,4,26,1,29,M,V,-9,2,1,250,,,,,,,,,,,,,,,,,,,,,,,,,,,,,,,,,,,,
CA,2,LAT,4576,LBT,-9,-9,-9,4,3,1978,W,126436,4,26,1,43,M,V,-9,3,1,760,,,,,,,,,,,,,,,,,,,,,,,,,,,,,,,,,,,,
CA,2,LAT,4576,LBT,-9,-9,-9,4,3,1978,W,126436,4,26,1,34,M,V,-9,2,1,350,,,,,,,,,,,,,,,,,,,,,,,,,,,,,,,,,,,,
CA,2,LAT,4576,LBT,-9,-9,-9,4,3,1978,W,126436,4,26,1,50,M,II,-9,4,1,1250,,,,,,,,,,,,,,,,,,,,,,,,,,,,,,,,,,,,
CA,2,LAT,4576,LBT,-9,-9,-9,4,3,1978,W,126436,4,26,1,38,M,II,-9,2,1,560,,,,,,,,,,,,,,,,,,,,,,,,,,,,,,,,,,,,
CA,2,LAT,4576,LBT,-9,-9,-9,4,3,1978,W,126436,4,26,1,61,M,V,-9,5,1,2190,,,,,,,,,,,,,,,,,,,,,,,,,,,,,,,,,,,,
CA,2,LAT,4576,LBT,-9,-9,-9,4,3,1978,W,126436,4,26,1,39,M,II,-9,3,1,530,,,,,,,,,,,,,,,,,,,,,,,,,,,,,,,,,,,,
CA,2,LAT,4576,LBT,-9,-9,-9,4,3,1978,W,126436,4,26,1,41,M,II,-9,3,1,620,,,,,,,,,,,,,,,,,,,,,,,,,,,,,,,,,,,,
CA,2,LAT,4576,LBT,-9,-9,-9,4,3,1978,W,126436,4,26,1,43,M,V,-9,4,1,790,,,,,,,,,,,,,,,,,,,,,,,,,,,,,,,,,,,,
CA,2,LAT,4576,LBT,-9,-9,-9,4,3,1978,W,126436,4,26,1,52,M,V,-9,4,1,1200,,,,,,,,,,,,,,,,,,,,,,,,,,,,,,,,,,,,
CA,2,LAT,4576,LBT,-9,-9,-9,4,3,1978,W,126436,4,26,1,55,F,IV,-9,5,1,1760,,,,,,,,,,,,,,,,,,,,,,,,,,,,,,,,,,,,
CA,2,LAT,4576,LBT,-9,-9,-9,4,3,1978,W,126436,4,26,1,51,F,III,-9,4,1,1370,,,,,,,,,,,,,,,,,,,,,,,,,,,,,,,,,,,,
CA,2,LAT,4576,LBT,-9,-9,-9,4,3,1978,W,126436,4,26,1,49,M,V,-9,3,1,1130,,,,,,,,,,,,,,,,,,,,,,,,,,,,,,,,,,,,
CA,2,LAT,4576,LBT,-9,-9,-9,4,3,1978,W,126436,4,26,1,26,M,II,-9,2,1,150,,,,,,,,,,,,,,,,,,,,,,,,,,,,,,,,,,,,
CA,2,LAT,4576,LBT,-9,-9,-9,4,3,1978,W,126436,4,26,1,44,F,III,-9,4,1,820,,,,,,,,,,,,,,,,,,,,,,,,,,,,,,,,,,,,
CA,2,LAT,4576,LBT,-9,-9,-9,4,3,1978,W,126436,4,26,1,44,M,V,-9,4,1,880,,,,,,,,,,,,,,,,,,,,,,,,,,,,,,,,,,,,
CA,2,LAT,4576,LBT,-9,-9,-9,4,3,1978,W,126436,4,26,1,37,M,V,-9,2,1,530,,,,,,,,,,,,,,,,,,,,,,,,,,,,,,,,,,,,
CA,2,LAT,4576,LBT,-9,-9,-9,4,3,1978,W,126436,4,26,1,48,F,IV,-9,4,1,1220,,,,,,,,,,,,,,,,,,,,,,,,,,,,,,,,,,,,
CA,2,LAT,4576,LBT,-9,-9,-9,4,3,1978,W,126436,4,26,1,54,F,IV,-9,4,1,1350,,,,,,,,,,,,,,,,,,,,,,,,,,,,,,,,,,,,
CA,2,LAT,4576,LBT,-9,-9,-9,4,3,1978,W,126436,4,26,1,59,M,V,-9,5,1,2220,,,,,,,,,,,,,,,,,,,,,,,,,,,,,,,,,,,,
CA,2,LAT,4576,LBT,-9,-9,-9,4,3,1978,W,126436,4,26,1,40,M,V,-9,2,1,590,,,,,,,,,,,,,,,,,,,,,,,,,,,,,,,,,,,,
CA,2,LAT,4576,LBT,-9,-9,-9,4,3,1978,W,126436,4,26,1,42,M,V,-9,3,1,630,,,,,,,,,,,,,,,,,,,,,,,,,,,,,,,,,,,,
CA,2,LAT,4576,LBT,-9,-9,-9,4,3,1978,W,126436,4,26,1,50,M,V,-9,4,1,1230,,,,,,,,,,,,,,,,,,,,,,,,,,,,,,,,,,,,
CA,2,LAT,4576,LBT,-9,-9,-9,4,3,1978,W,126436,4,26,1,36,F,II,-9,3,1,440,,,,,,,,,,,,,,,,,,,,,,,,,,,,,,,,,,,,
CA,2,LAT,4576,LBT,-9,-9,-9,4,3,1978,W,126436,4,26,1,41,M,VI,-9,3,1,580,,,,,,,,,,,,,,,,,,,,,,,,,,,,,,,,,,,,
CA,2,LAT,4576,LBT,-9,-9,-9,4,3,1978,W,126436,4,26,1,63,F,IV,-9,6,1,2820,,,,,,,,,,,,,,,,,,,,,,,,,,,,,,,,,,,,
CA,2,LAT,4576,LBT,-9,-9,-9,4,3,1978,W,126436,4,26,1,85,F,IV,-9,5,1,1470,,,,,,,,,,,,,,,,,,,,,,,,,,,,,,,,,,,,
CA,2,LAT,4576,LBT,-9,-9,-9,4,3,1978,W,126436,4,26,1,22,F,II,-9,1,1,95,,,,,,,,,,,,,,,,,,,,,,,,,,,,,,,,,,,,
CA,2,LAT,4576,LBT,-9,-9,-9,4,3,1978,W,126436,4,26,1,22,F,II,-9,1,1,85,,,,,,,,,,,,,,,,,,,,,,,,,,,,,,,,,,,,
CA,2,LAT,4576,LBT,-9,-9,-9,4,3,1978,W,126436,4,26,1,21,F,II,-9,1,1,71.8,,,,,,,,,,,,,,,,,,,,,,,,,,,,,,,,,,,,
CA,2,LAT,4576,LBT,-9,-9,-9,4,3,1978,W,126436,4,26,1,54,F,IV,-9,5,1,1620,,,,,,,,,,,,,,,,,,,,,,,,,,,,,,,,,,,,
CA,2,LAT,4576,LBT,-9,-9,-9,4,3,1978,W,126436,4,26,1,22,M,IV,-9,2,1,100,,,,,,,,,,,,,,,,,,,,,,,,,,,,,,,,,,,,
CA,2,LAT,4576,LBT,-9,-9,-9,4,3,1978,W,126436,4,26,1,44,M,II,-9,4,1,780,,,,,,,,,,,,,,,,,,,,,,,,,,,,,,,,,,,,
CA,2,LAT,4576,LBT,-9,-9,-9,4,3,1978,W,126436,4,26,1,24,F,II,-9,2,1,130,,,,,,,,,,,,,,,,,,,,,,,,,,,,,,,,,,,,
CA,2,LAT,4576,LBT,-9,-9,-9,4,3,1978,W,126436,4,26,1,42,M,V,-9,3,1,730,,,,,,,,,,,,,,,,,,,,,,,,,,,,,,,,,,,,
CA,2,LAT,4576,LBT,-9,-9,-9,4,3,1978,W,126436,4,26,1,23,F,II,-9,2,1,100,,,,,,,,,,,,,,,,,,,,,,,,,,,,,,,,,,,,
CA,2,LAT,4576,LBT,-9,-9,-9,4,3,1978,W,126436,4,26,1,33,F,II,-9,2,1,315,,,,,,,,,,,,,,,,,,,,,,,,,,,,,,,,,,,,
CA,2,LAT,4576,LBT,-9,-9,-9,4,3,1978,W,126436,4,26,1,55,M,IV,-9,5,1,1680,,,,,,,,,,,,,,,,,,,,,,,,,,,,,,,,,,,,
CA,2,LAT,4576,LBT,-9,-9,-9,4,3,1978,W,126436,4,26,1,27,F,II,-9,2,1,170,,,,,,,,,,,,,,,,,,,,,,,,,,,,,,,,,,,,
CA,2,LAT,4576,LBT,-9,-9,-9,4,3,1978,W,126436,4,26,1,24,F,II,-9,1,1,120,,,,,,,,,,,,,,,,,,,,,,,,,,,,,,,,,,,,
CA,2,LAT,4576,LBT,-9,-9,-9,4,3,1978,W,126436,4,26,1,26,M,II,-9,2,1,150,,,,,,,,,,,,,,,,,,,,,,,,,,,,,,,,,,,,
CA,2,LAT,4576,LBT,-9,-9,-9,4,3,1978,W,126436,4,26,1,23,F,II,-9,1,1,100,,,,,,,,,,,,,,,,,,,,,,,,,,,,,,,,,,,,
CA,2,LAT,4576,LBT,-9,-9,-9,4,3,1978,W,126436,4,26,1,28,M,IV,-9,2,1,215,,,,,,,,,,,,,,,,,,,,,,,,,,,,,,,,,,,,
CA,2,LAT,4576,LBT,-9,-9,-9,4,3,1978,W,126436,4,26,1,47,F,V,-9,4,1,1000,,,,,,,,,,,,,,,,,,,,,,,,,,,,,,,,,,,,
CA,2,LAT,4576,LBT,-9,-9,-9,4,3,1978,W,126436,4,26,1,26,F,II,-9,2,1,170,,,,,,,,,,,,,,,,,,,,,,,,,,,,,,,,,,,,
CA,2,LAT,4576,LBT,-9,-9,-9,4,3,1978,W,126436,4,26,1,57,M,V,-9,5,1,1660,,,,,,,,,,,,,,,,,,,,,,,,,,,,,,,,,,,,
CA,2,LAT,4576,LBT,-9,-9,-9,4,3,1978,W,126436,4,26,1,23,M,IV,-9,1,1,110,,,,,,,,,,,,,,,,,,,,,,,,,,,,,,,,,,,,
CA,2,LAT,4576,LBT,-9,-9,-9,4,3,1978,W,126436,4,26,1,24,M,IV,-9,2,1,130,,,,,,,,,,,,,,,,,,,,,,,,,,,,,,,,,,,,
CA,2,LAT,4576,LBT,-9,-9,-9,4,3,1978,W,126436,4,26,1,23,F,II,-9,2,1,110,,,,,,,,,,,,,,,,,,,,,,,,,,,,,,,,,,,,
CA,2,LAT,4576,LBT,-9,-9,-9,4,3,1978,W,126436,4,26,1,28,M,II,-9,2,1,195,,,,,,,,,,,,,,,,,,,,,,,,,,,,,,,,,,,,
CA,2,LAT,4576,LBT,-9,-9,-9,4,3,1978,W,126436,4,26,1,22,M,II,-9,2,1,95,,,,,,,,,,,,,,,,,,,,,,,,,,,,,,,,,,,,
CA,2,LAT,4576,LBT,-9,-9,-9,4,3,1978,W,126436,4,26,1,25,F,II,-9,1,1,140,,,,,,,,,,,,,,,,,,,,,,,,,,,,,,,,,,,,
CA,2,LAT,4576,LBT,-9,-9,-9,4,3,1978,W,126436,4,26,1,26,M,II,-9,2,1,140,,,,,,,,,,,,,,,,,,,,,,,,,,,,,,,,,,,,
CA,2,LAT,4576,LBT,-9,-9,-9,4,3,1978,W,126436,4,26,1,24,F,II,-9,2,1,120,,,,,,,,,,,,,,,,,,,,,,,,,,,,,,,,,,,,
CA,2,LAT,4576,LBT,-9,-9,-9,4,3,1978,W,126436,4,26,1,22,F,II,-9,1,1,85,,,,,,,,,,,,,,,,,,,,,,,,,,,,,,,,,,,,
CA,2,LAT,4576,LBT,-9,-9,-9,4,3,1978,W,126436,4,26,1,29,M,II,-9,1,1,220,,,,,,,,,,,,,,,,,,,,,,,,,,,,,,,,,,,,
HH,2,LAT,4576,LBT,-9,-9,-9,4,4,1978,4,24,0630,-9,40,D,55.9333,18.7667,55.9167,18.6833,40G8,110,V,-9,1,1,C,-9,-9,-9,-9,250,-9,-9,-9,-9,-9,-9,-9,-9,-9,-9,-9,-9,-9,-9,-9,-9,225,5,-9,1.6,-9,-9,-9,-9,-9,-9
HL,2,LAT,4576,LBT,-9,-9,-9,4,4,1978,W,126436,1,-9,471,1,314,1,-9,450000,1,56,9,,,,,,,,,,,,,,,,,,,,,,,,,,,,,,,,,,,
HL,2,LAT,4576,LBT,-9,-9,-9,4,4,1978,W,126436,1,-9,471,1,314,1,-9,450000,1,63,4.5,,,,,,,,,,,,,,,,,,,,,,,,,,,,,,,,,,,
HL,2,LAT,4576,LBT,-9,-9,-9,4,4,1978,W,126436,1,-9,471,1,314,1,-9,450000,1,57,9,,,,,,,,,,,,,,,,,,,,,,,,,,,,,,,,,,,
HL,2,LAT,4576,LBT,-9,-9,-9,4,4,1978,W,126436,1,-9,471,1,314,1,-9,450000,1,58,6,,,,,,,,,,,,,,,,,,,,,,,,,,,,,,,,,,,
HL,2,LAT,4576,LBT,-9,-9,-9,4,4,1978,W,126436,1,-9,471,1,314,1,-9,450000,1,55,9,,,,,,,,,,,,,,,,,,,,,,,,,,,,,,,,,,,
HL,2,LAT,4576,LBT,-9,-9,-9,4,4,1978,W,126436,1,-9,471,1,314,1,-9,450000,1,59,4.5,,,,,,,,,,,,,,,,,,,,,,,,,,,,,,,,,,,
HL,2,LAT,4576,LBT,-9,-9,-9,4,4,1978,W,126436,1,-9,471,1,314,1,-9,450000,1,60,3,,,,,,,,,,,,,,,,,,,,,,,,,,,,,,,,,,,
HL,2,LAT,4576,LBT,-9,-9,-9,4,4,1978,W,126436,1,-9,471,1,314,1,-9,450000,1,61,1.5,,,,,,,,,,,,,,,,,,,,,,,,,,,,,,,,,,,
HL,2,LAT,4576,LBT,-9,-9,-9,4,4,1978,W,126436,1,-9,471,1,314,1,-9,450000,1,62,1.5,,,,,,,,,,,,,,,,,,,,,,,,,,,,,,,,,,,
HL,2,LAT,4576,LBT,-9,-9,-9,4,4,1978,W,126436,1,-9,471,1,314,1,-9,450000,1,64,1.5,,,,,,,,,,,,,,,,,,,,,,,,,,,,,,,,,,,
HL,2,LAT,4576,LBT,-9,-9,-9,4,4,1978,W,126436,1,-9,471,1,314,1,-9,450000,1,65,4.5,,,,,,,,,,,,,,,,,,,,,,,,,,,,,,,,,,,
HL,2,LAT,4576,LBT,-9,-9,-9,4,4,1978,W,126436,1,-9,471,1,314,1,-9,450000,1,67,1.5,,,,,,,,,,,,,,,,,,,,,,,,,,,,,,,,,,,
HL,2,LAT,4576,LBT,-9,-9,-9,4,4,1978,W,126436,1,-9,471,1,314,1,-9,450000,1,81,3,,,,,,,,,,,,,,,,,,,,,,,,,,,,,,,,,,,
HL,2,LAT,4576,LBT,-9,-9,-9,4,4,1978,W,126436,1,-9,471,1,314,1,-9,450000,1,70,1.5,,,,,,,,,,,,,,,,,,,,,,,,,,,,,,,,,,,
HL,2,LAT,4576,LBT,-9,-9,-9,4,4,1978,W,126436,1,-9,471,1,314,1,-9,450000,1,71,1.5,,,,,,,,,,,,,,,,,,,,,,,,,,,,,,,,,,,
HL,2,LAT,4576,LBT,-9,-9,-9,4,4,1978,W,126436,1,-9,471,1,314,1,-9,450000,1,72,1.5,,,,,,,,,,,,,,,,,,,,,,,,,,,,,,,,,,,
HL,2,LAT,4576,LBT,-9,-9,-9,4,4,1978,W,126436,1,-9,471,1,314,1,-9,450000,1,75,3,,,,,,,,,,,,,,,,,,,,,,,,,,,,,,,,,,,
HL,2,LAT,4576,LBT,-9,-9,-9,4,4,1978,W,126436,1,-9,471,1,314,1,-9,450000,1,79,1.5,,,,,,,,,,,,,,,,,,,,,,,,,,,,,,,,,,,
HL,2,LAT,4576,LBT,-9,-9,-9,4,4,1978,W,126436,1,-9,471,1,314,1,-9,450000,1,13,3,,,,,,,,,,,,,,,,,,,,,,,,,,,,,,,,,,,
HL,2,LAT,4576,LBT,-9,-9,-9,4,4,1978,W,126436,1,-9,471,1,314,1,-9,450000,1,54,10.5,,,,,,,,,,,,,,,,,,,,,,,,,,,,,,,,,,,
HL,2,LAT,4576,LBT,-9,-9,-9,4,4,1978,W,126436,1,-9,471,1,314,1,-9,450000,1,69,4.5,,,,,,,,,,,,,,,,,,,,,,,,,,,,,,,,,,,
HL,2,LAT,4576,LBT,-9,-9,-9,4,4,1978,W,126436,1,-9,471,1,314,1,-9,450000,1,20,18,,,,,,,,,,,,,,,,,,,,,,,,,,,,,,,,,,,
HL,2,LAT,4576,LBT,-9,-9,-9,4,4,1978,W,126436,1,-9,471,1,314,1,-9,450000,1,16,1.5,,,,,,,,,,,,,,,,,,,,,,,,,,,,,,,,,,,
HL,2,LAT,4576,LBT,-9,-9,-9,4,4,1978,W,126436,1,-9,471,1,314,1,-9,450000,1,29,9,,,,,,,,,,,,,,,,,,,,,,,,,,,,,,,,,,,
HL,2,LAT,4576,LBT,-9,-9,-9,4,4,1978,W,126436,1,-9,471,1,314,1,-9,450000,1,28,12,,,,,,,,,,,,,,,,,,,,,,,,,,,,,,,,,,,
HL,2,LAT,4576,LBT,-9,-9,-9,4,4,1978,W,126436,1,-9,471,1,314,1,-9,450000,1,27,9,,,,,,,,,,,,,,,,,,,,,,,,,,,,,,,,,,,
HL,2,LAT,4576,LBT,-9,-9,-9,4,4,1978,W,126436,1,-9,471,1,314,1,-9,450000,1,26,9,,,,,,,,,,,,,,,,,,,,,,,,,,,,,,,,,,,
HL,2,LAT,4576,LBT,-9,-9,-9,4,4,1978,W,126436,1,-9,471,1,314,1,-9,450000,1,25,22.5,,,,,,,,,,,,,,,,,,,,,,,,,,,,,,,,,,,
HL,2,LAT,4576,LBT,-9,-9,-9,4,4,1978,W,126436,1,-9,471,1,314,1,-9,450000,1,24,13.5,,,,,,,,,,,,,,,,,,,,,,,,,,,,,,,,,,,
HL,2,LAT,4576,LBT,-9,-9,-9,4,4,1978,W,126436,1,-9,471,1,314,1,-9,450000,1,23,12,,,,,,,,,,,,,,,,,,,,,,,,,,,,,,,,,,,
HL,2,LAT,4576,LBT,-9,-9,-9,4,4,1978,W,126436,1,-9,471,1,314,1,-9,450000,1,31,6,,,,,,,,,,,,,,,,,,,,,,,,,,,,,,,,,,,
HL,2,LAT,4576,LBT,-9,-9,-9,4,4,1978,W,126436,1,-9,471,1,314,1,-9,450000,1,21,9,,,,,,,,,,,,,,,,,,,,,,,,,,,,,,,,,,,
HL,2,LAT,4576,LBT,-9,-9,-9,4,4,1978,W,126436,1,-9,471,1,314,1,-9,450000,1,32,4.5,,,,,,,,,,,,,,,,,,,,,,,,,,,,,,,,,,,
HL,2,LAT,4576,LBT,-9,-9,-9,4,4,1978,W,126436,1,-9,471,1,314,1,-9,450000,1,19,6,,,,,,,,,,,,,,,,,,,,,,,,,,,,,,,,,,,
HL,2,LAT,4576,LBT,-9,-9,-9,4,4,1978,W,126436,1,-9,471,1,314,1,-9,450000,1,18,4.5,,,,,,,,,,,,,,,,,,,,,,,,,,,,,,,,,,,
HL,2,LAT,4576,LBT,-9,-9,-9,4,4,1978,W,126436,1,-9,471,1,314,1,-9,450000,1,17,3,,,,,,,,,,,,,,,,,,,,,,,,,,,,,,,,,,,
HL,2,LAT,4576,LBT,-9,-9,-9,4,4,1978,W,126436,1,-9,471,1,314,1,-9,450000,1,15,1.5,,,,,,,,,,,,,,,,,,,,,,,,,,,,,,,,,,,
HL,2,LAT,4576,LBT,-9,-9,-9,4,4,1978,W,126436,1,-9,471,1,314,1,-9,450000,1,12,3,,,,,,,,,,,,,,,,,,,,,,,,,,,,,,,,,,,
HL,2,LAT,4576,LBT,-9,-9,-9,4,4,1978,W,126436,1,-9,471,1,314,1,-9,450000,1,11,3,,,,,,,,,,,,,,,,,,,,,,,,,,,,,,,,,,,
HL,2,LAT,4576,LBT,-9,-9,-9,4,4,1978,W,126436,1,-9,471,1,314,1,-9,450000,1,9,1.5,,,,,,,,,,,,,,,,,,,,,,,,,,,,,,,,,,,
HL,2,LAT,4576,LBT,-9,-9,-9,4,4,1978,W,127141,4,-9,54,1,-9,1,-9,15000,-9,-9,-9,,,,,,,,,,,,,,,,,,,,,,,,,,,,,,,,,,,
HL,2,LAT,4576,LBT,-9,-9,-9,4,4,1978,W,126436,1,-9,471,1,314,1,-9,450000,1,22,9,,,,,,,,,,,,,,,,,,,,,,,,,,,,,,,,,,,
HL,2,LAT,4576,LBT,-9,-9,-9,4,4,1978,W,126436,1,-9,471,1,314,1,-9,450000,1,42,7.5,,,,,,,,,,,,,,,,,,,,,,,,,,,,,,,,,,,
HL,2,LAT,4576,LBT,-9,-9,-9,4,4,1978,W,126436,1,-9,471,1,314,1,-9,450000,1,52,16.5,,,,,,,,,,,,,,,,,,,,,,,,,,,,,,,,,,,
HL,2,LAT,4576,LBT,-9,-9,-9,4,4,1978,W,126436,1,-9,471,1,314,1,-9,450000,1,51,15,,,,,,,,,,,,,,,,,,,,,,,,,,,,,,,,,,,
HL,2,LAT,4576,LBT,-9,-9,-9,4,4,1978,W,126436,1,-9,471,1,314,1,-9,450000,1,50,10.5,,,,,,,,,,,,,,,,,,,,,,,,,,,,,,,,,,,
HL,2,LAT,4576,LBT,-9,-9,-9,4,4,1978,W,126436,1,-9,471,1,314,1,-9,450000,1,49,10.5,,,,,,,,,,,,,,,,,,,,,,,,,,,,,,,,,,,
HL,2,LAT,4576,LBT,-9,-9,-9,4,4,1978,W,126436,1,-9,471,1,314,1,-9,450000,1,48,4.5,,,,,,,,,,,,,,,,,,,,,,,,,,,,,,,,,,,
HL,2,LAT,4576,LBT,-9,-9,-9,4,4,1978,W,126436,1,-9,471,1,314,1,-9,450000,1,47,12,,,,,,,,,,,,,,,,,,,,,,,,,,,,,,,,,,,
HL,2,LAT,4576,LBT,-9,-9,-9,4,4,1978,W,126436,1,-9,471,1,314,1,-9,450000,1,46,9,,,,,,,,,,,,,,,,,,,,,,,,,,,,,,,,,,,
HL,2,LAT,4576,LBT,-9,-9,-9,4,4,1978,W,126436,1,-9,471,1,314,1,-9,450000,1,45,18,,,,,,,,,,,,,,,,,,,,,,,,,,,,,,,,,,,
HL,2,LAT,4576,LBT,-9,-9,-9,4,4,1978,W,126436,1,-9,471,1,314,1,-9,450000,1,30,7.5,,,,,,,,,,,,,,,,,,,,,,,,,,,,,,,,,,,
HL,2,LAT,4576,LBT,-9,-9,-9,4,4,1978,W,126436,1,-9,471,1,314,1,-9,450000,1,43,10.5,,,,,,,,,,,,,,,,,,,,,,,,,,,,,,,,,,,
HL,2,LAT,4576,LBT,-9,-9,-9,4,4,1978,W,126436,1,-9,471,1,314,1,-9,450000,1,53,7.5,,,,,,,,,,,,,,,,,,,,,,,,,,,,,,,,,,,
HL,2,LAT,4576,LBT,-9,-9,-9,4,4,1978,W,126436,1,-9,471,1,314,1,-9,450000,1,41,12,,,,,,,,,,,,,,,,,,,,,,,,,,,,,,,,,,,
HL,2,LAT,4576,LBT,-9,-9,-9,4,4,1978,W,126436,1,-9,471,1,314,1,-9,450000,1,40,21,,,,,,,,,,,,,,,,,,,,,,,,,,,,,,,,,,,
HL,2,LAT,4576,LBT,-9,-9,-9,4,4,1978,W,126436,1,-9,471,1,314,1,-9,450000,1,39,10.5,,,,,,,,,,,,,,,,,,,,,,,,,,,,,,,,,,,
HL,2,LAT,4576,LBT,-9,-9,-9,4,4,1978,W,126436,1,-9,471,1,314,1,-9,450000,1,38,3,,,,,,,,,,,,,,,,,,,,,,,,,,,,,,,,,,,
HL,2,LAT,4576,LBT,-9,-9,-9,4,4,1978,W,126436,1,-9,471,1,314,1,-9,450000,1,37,16.5,,,,,,,,,,,,,,,,,,,,,,,,,,,,,,,,,,,
HL,2,LAT,4576,LBT,-9,-9,-9,4,4,1978,W,126436,1,-9,471,1,314,1,-9,450000,1,36,6,,,,,,,,,,,,,,,,,,,,,,,,,,,,,,,,,,,
HL,2,LAT,4576,LBT,-9,-9,-9,4,4,1978,W,126436,1,-9,471,1,314,1,-9,450000,1,35,4.5,,,,,,,,,,,,,,,,,,,,,,,,,,,,,,,,,,,
HL,2,LAT,4576,LBT,-9,-9,-9,4,4,1978,W,126436,1,-9,471,1,314,1,-9,450000,1,34,7.5,,,,,,,,,,,,,,,,,,,,,,,,,,,,,,,,,,,
HL,2,LAT,4576,LBT,-9,-9,-9,4,4,1978,W,126436,1,-9,471,1,314,1,-9,450000,1,33,6,,,,,,,,,,,,,,,,,,,,,,,,,,,,,,,,,,,
HL,2,LAT,4576,LBT,-9,-9,-9,4,4,1978,W,126436,1,-9,471,1,314,1,-9,450000,1,44,12,,,,,,,,,,,,,,,,,,,,,,,,,,,,,,,,,,,
CA,2,LAT,4576,LBT,-9,-9,-9,4,4,1978,W,126436,4,26,1,48,F,V,-9,5,1,1350,,,,,,,,,,,,,,,,,,,,,,,,,,,,,,,,,,,,
CA,2,LAT,4576,LBT,-9,-9,-9,4,4,1978,W,126436,4,26,1,31,M,VI,-9,3,1,260,,,,,,,,,,,,,,,,,,,,,,,,,,,,,,,,,,,,
CA,2,LAT,4576,LBT,-9,-9,-9,4,4,1978,W,126436,4,26,1,51,M,III,-9,4,1,1180,,,,,,,,,,,,,,,,,,,,,,,,,,,,,,,,,,,,
CA,2,LAT,4576,LBT,-9,-9,-9,4,4,1978,W,126436,4,26,1,57,M,V,-9,5,1,1880,,,,,,,,,,,,,,,,,,,,,,,,,,,,,,,,,,,,
CA,2,LAT,4576,LBT,-9,-9,-9,4,4,1978,W,126436,4,26,1,40,M,V,-9,3,1,480,,,,,,,,,,,,,,,,,,,,,,,,,,,,,,,,,,,,
CA,2,LAT,4576,LBT,-9,-9,-9,4,4,1978,W,126436,4,26,1,41,F,V,-9,3,1,820,,,,,,,,,,,,,,,,,,,,,,,,,,,,,,,,,,,,
CA,2,LAT,4576,LBT,-9,-9,-9,4,4,1978,W,126436,4,26,1,43,M,VI,-9,3,1,690,,,,,,,,,,,,,,,,,,,,,,,,,,,,,,,,,,,,
CA,2,LAT,4576,LBT,-9,-9,-9,4,4,1978,W,126436,4,26,1,50,M,V,-9,4,1,1270,,,,,,,,,,,,,,,,,,,,,,,,,,,,,,,,,,,,
CA,2,LAT,4576,LBT,-9,-9,-9,4,4,1978,W,126436,4,26,1,58,M,V,-9,6,1,1880,,,,,,,,,,,,,,,,,,,,,,,,,,,,,,,,,,,,
CA,2,LAT,4576,LBT,-9,-9,-9,4,4,1978,W,126436,4,26,1,44,M,V,-9,4,1,710,,,,,,,,,,,,,,,,,,,,,,,,,,,,,,,,,,,,
CA,2,LAT,4576,LBT,-9,-9,-9,4,4,1978,W,126436,4,26,1,41,M,IV,-9,3,1,710,,,,,,,,,,,,,,,,,,,,,,,,,,,,,,,,,,,,
CA,2,LAT,4576,LBT,-9,-9,-9,4,4,1978,W,126436,4,26,1,55,M,IV,-9,5,1,1760,,,,,,,,,,,,,,,,,,,,,,,,,,,,,,,,,,,,
CA,2,LAT,4576,LBT,-9,-9,-9,4,4,1978,W,126436,4,26,1,29,M,II,-9,2,1,210,,,,,,,,,,,,,,,,,,,,,,,,,,,,,,,,,,,,
CA,2,LAT,4576,LBT,-9,-9,-9,4,4,1978,W,126436,4,26,1,37,M,V,-9,3,1,490,,,,,,,,,,,,,,,,,,,,,,,,,,,,,,,,,,,,
CA,2,LAT,4576,LBT,-9,-9,-9,4,4,1978,W,126436,4,26,1,42,M,V,-9,4,1,670,,,,,,,,,,,,,,,,,,,,,,,,,,,,,,,,,,,,
CA,2,LAT,4576,LBT,-9,-9,-9,4,4,1978,W,126436,4,26,1,57,M,V,-9,5,1,1750,,,,,,,,,,,,,,,,,,,,,,,,,,,,,,,,,,,,
CA,2,LAT,4576,LBT,-9,-9,-9,4,4,1978,W,126436,4,26,1,51,M,V,-9,4,1,1220,,,,,,,,,,,,,,,,,,,,,,,,,,,,,,,,,,,,
CA,2,LAT,4576,LBT,-9,-9,-9,4,4,1978,W,126436,4,26,1,42,M,IV,-9,3,1,670,,,,,,,,,,,,,,,,,,,,,,,,,,,,,,,,,,,,
CA,2,LAT,4576,LBT,-9,-9,-9,4,4,1978,W,126436,4,26,1,20,M,II,-9,1,1,60.2,,,,,,,,,,,,,,,,,,,,,,,,,,,,,,,,,,,,
CA,2,LAT,4576,LBT,-9,-9,-9,4,4,1978,W,126436,4,26,1,26,M,II,-9,2,1,140,,,,,,,,,,,,,,,,,,,,,,,,,,,,,,,,,,,,
CA,2,LAT,4576,LBT,-9,-9,-9,4,4,1978,W,126436,4,26,1,33,M,II,-9,2,1,360,,,,,,,,,,,,,,,,,,,,,,,,,,,,,,,,,,,,
CA,2,LAT,4576,LBT,-9,-9,-9,4,4,1978,W,126436,4,26,1,44,M,II,-9,3,1,740,,,,,,,,,,,,,,,,,,,,,,,,,,,,,,,,,,,,
CA,2,LAT,4576,LBT,-9,-9,-9,4,4,1978,W,126436,4,26,1,31,M,V,-9,2,1,320,,,,,,,,,,,,,,,,,,,,,,,,,,,,,,,,,,,,
CA,2,LAT,4576,LBT,-9,-9,-9,4,4,1978,W,126436,4,26,1,41,M,V,-9,3,1,560,,,,,,,,,,,,,,,,,,,,,,,,,,,,,,,,,,,,
CA,2,LAT,4576,LBT,-9,-9,-9,4,4,1978,W,126436,4,26,1,25,F,II,-9,1,1,150,,,,,,,,,,,,,,,,,,,,,,,,,,,,,,,,,,,,
CA,2,LAT,4576,LBT,-9,-9,-9,4,4,1978,W,126436,4,26,1,13,U,I,-9,-9,1,18.6,,,,,,,,,,,,,,,,,,,,,,,,,,,,,,,,,,,,
CA,2,LAT,4576,LBT,-9,-9,-9,4,4,1978,W,126436,4,26,1,52,M,V,-9,5,1,1330,,,,,,,,,,,,,,,,,,,,,,,,,,,,,,,,,,,,
CA,2,LAT,4576,LBT,-9,-9,-9,4,4,1978,W,126436,4,26,1,25,M,V,-9,2,1,130,,,,,,,,,,,,,,,,,,,,,,,,,,,,,,,,,,,,
CA,2,LAT,4576,LBT,-9,-9,-9,4,4,1978,W,126436,4,26,1,37,F,V,-9,2,1,450,,,,,,,,,,,,,,,,,,,,,,,,,,,,,,,,,,,,
CA,2,LAT,4576,LBT,-9,-9,-9,4,4,1978,W,126436,4,26,1,15,M,II,-9,-9,1,24.9,,,,,,,,,,,,,,,,,,,,,,,,,,,,,,,,,,,,
CA,2,LAT,4576,LBT,-9,-9,-9,4,4,1978,W,126436,4,26,1,13,U,I,-9,-9,1,18.3,,,,,,,,,,,,,,,,,,,,,,,,,,,,,,,,,,,,
CA,2,LAT,4576,LBT,-9,-9,-9,4,4,1978,W,126436,4,26,1,18,M,II,-9,-9,1,44.4,,,,,,,,,,,,,,,,,,,,,,,,,,,,,,,,,,,,
CA,2,LAT,4576,LBT,-9,-9,-9,4,4,1978,W,126436,4,26,1,19,F,II,-9,-9,1,58.1,,,,,,,,,,,,,,,,,,,,,,,,,,,,,,,,,,,,
CA,2,LAT,4576,LBT,-9,-9,-9,4,4,1978,W,126436,4,26,1,17,M,IV,-9,-9,1,42.7,,,,,,,,,,,,,,,,,,,,,,,,,,,,,,,,,,,,
CA,2,LAT,4576,LBT,-9,-9,-9,4,4,1978,W,126436,4,26,1,16,M,II,-9,-9,1,33.1,,,,,,,,,,,,,,,,,,,,,,,,,,,,,,,,,,,,
CA,2,LAT,4576,LBT,-9,-9,-9,4,4,1978,W,126436,4,26,1,23,U,I,-9,2,1,100,,,,,,,,,,,,,,,,,,,,,,,,,,,,,,,,,,,,
CA,2,LAT,4576,LBT,-9,-9,-9,4,4,1978,W,126436,4,26,1,24,M,II,-9,2,1,120,,,,,,,,,,,,,,,,,,,,,,,,,,,,,,,,,,,,
CA,2,LAT,4576,LBT,-9,-9,-9,4,4,1978,W,126436,4,26,1,21,U,I,-9,2,1,60,,,,,,,,,,,,,,,,,,,,,,,,,,,,,,,,,,,,
CA,2,LAT,4576,LBT,-9,-9,-9,4,4,1978,W,126436,4,26,1,25,F,II,-9,2,1,140,,,,,,,,,,,,,,,,,,,,,,,,,,,,,,,,,,,,
CA,2,LAT,4576,LBT,-9,-9,-9,4,4,1978,W,126436,4,26,1,59,M,V,-9,5,1,1930,,,,,,,,,,,,,,,,,,,,,,,,,,,,,,,,,,,,
CA,2,LAT,4576,LBT,-9,-9,-9,4,4,1978,W,126436,4,26,1,25,F,V,-9,2,1,130,,,,,,,,,,,,,,,,,,,,,,,,,,,,,,,,,,,,
CA,2,LAT,4576,LBT,-9,-9,-9,4,4,1978,W,126436,4,26,1,40,M,V,-9,4,1,570,,,,,,,,,,,,,,,,,,,,,,,,,,,,,,,,,,,,
CA,2,LAT,4576,LBT,-9,-9,-9,4,4,1978,W,126436,4,26,1,37,M,V,-9,3,1,430,,,,,,,,,,,,,,,,,,,,,,,,,,,,,,,,,,,,
CA,2,LAT,4576,LBT,-9,-9,-9,4,4,1978,W,126436,4,26,1,63,F,V,-9,5,1,2500,,,,,,,,,,,,,,,,,,,,,,,,,,,,,,,,,,,,
CA,2,LAT,4576,LBT,-9,-9,-9,4,4,1978,W,126436,4,26,1,54,M,V,-9,5,1,1240,,,,,,,,,,,,,,,,,,,,,,,,,,,,,,,,,,,,
CA,2,LAT,4576,LBT,-9,-9,-9,4,4,1978,W,126436,4,26,1,32,M,V,-9,2,1,285,,,,,,,,,,,,,,,,,,,,,,,,,,,,,,,,,,,,
CA,2,LAT,4576,LBT,-9,-9,-9,4,4,1978,W,126436,4,26,1,44,M,V,-9,4,1,810,,,,,,,,,,,,,,,,,,,,,,,,,,,,,,,,,,,,
CA,2,LAT,4576,LBT,-9,-9,-9,4,4,1978,W,126436,4,26,1,26,F,II,-9,2,1,140,,,,,,,,,,,,,,,,,,,,,,,,,,,,,,,,,,,,
CA,2,LAT,4576,LBT,-9,-9,-9,4,4,1978,W,126436,4,26,1,33,M,II,-9,3,1,340,,,,,,,,,,,,,,,,,,,,,,,,,,,,,,,,,,,,
CA,2,LAT,4576,LBT,-9,-9,-9,4,4,1978,W,126436,4,26,1,34,M,V,-9,3,1,340,,,,,,,,,,,,,,,,,,,,,,,,,,,,,,,,,,,,
CA,2,LAT,4576,LBT,-9,-9,-9,4,4,1978,W,126436,4,26,1,51,M,V,-9,4,1,1280,,,,,,,,,,,,,,,,,,,,,,,,,,,,,,,,,,,,
CA,2,LAT,4576,LBT,-9,-9,-9,4,4,1978,W,126436,4,26,1,52,F,IV,-9,4,1,1370,,,,,,,,,,,,,,,,,,,,,,,,,,,,,,,,,,,,
CA,2,LAT,4576,LBT,-9,-9,-9,4,4,1978,W,126436,4,26,1,27,M,V,-9,2,1,190,,,,,,,,,,,,,,,,,,,,,,,,,,,,,,,,,,,,
CA,2,LAT,4576,LBT,-9,-9,-9,4,4,1978,W,126436,4,26,1,25,F,II,-9,2,1,175,,,,,,,,,,,,,,,,,,,,,,,,,,,,,,,,,,,,
CA,2,LAT,4576,LBT,-9,-9,-9,4,4,1978,W,126436,4,26,1,23,M,IV,-9,2,1,110,,,,,,,,,,,,,,,,,,,,,,,,,,,,,,,,,,,,
CA,2,LAT,4576,LBT,-9,-9,-9,4,4,1978,W,126436,4,26,1,49,M,V,-9,4,1,1070,,,,,,,,,,,,,,,,,,,,,,,,,,,,,,,,,,,,
CA,2,LAT,4576,LBT,-9,-9,-9,4,4,1978,W,126436,4,26,1,44,M,V,-9,4,1,750,,,,,,,,,,,,,,,,,,,,,,,,,,,,,,,,,,,,
CA,2,LAT,4576,LBT,-9,-9,-9,4,4,1978,W,126436,4,26,1,51,F,V,-9,4,1,1430,,,,,,,,,,,,,,,,,,,,,,,,,,,,,,,,,,,,
CA,2,LAT,4576,LBT,-9,-9,-9,4,4,1978,W,126436,4,26,1,51,F,IV,-9,4,1,1550,,,,,,,,,,,,,,,,,,,,,,,,,,,,,,,,,,,,
CA,2,LAT,4576,LBT,-9,-9,-9,4,4,1978,W,126436,4,26,1,42,M,V,-9,3,1,750,,,,,,,,,,,,,,,,,,,,,,,,,,,,,,,,,,,,
CA,2,LAT,4576,LBT,-9,-9,-9,4,4,1978,W,126436,4,26,1,22,M,V,-9,2,1,100,,,,,,,,,,,,,,,,,,,,,,,,,,,,,,,,,,,,
CA,2,LAT,4576,LBT,-9,-9,-9,4,4,1978,W,126436,4,26,1,72,F,IV,-9,7,1,4500,,,,,,,,,,,,,,,,,,,,,,,,,,,,,,,,,,,,
CA,2,LAT,4576,LBT,-9,-9,-9,4,4,1978,W,126436,4,26,1,52,F,IV,-9,5,1,1750,,,,,,,,,,,,,,,,,,,,,,,,,,,,,,,,,,,,
CA,2,LAT,4576,LBT,-9,-9,-9,4,4,1978,W,126436,4,26,1,36,M,II,-9,3,1,490,,,,,,,,,,,,,,,,,,,,,,,,,,,,,,,,,,,,
CA,2,LAT,4576,LBT,-9,-9,-9,4,4,1978,W,126436,4,26,1,40,M,V,-9,3,1,570,,,,,,,,,,,,,,,,,,,,,,,,,,,,,,,,,,,,
CA,2,LAT,4576,LBT,-9,-9,-9,4,4,1978,W,126436,4,26,1,49,M,V,-9,4,1,1160,,,,,,,,,,,,,,,,,,,,,,,,,,,,,,,,,,,,
CA,2,LAT,4576,LBT,-9,-9,-9,4,4,1978,W,126436,4,26,1,32,M,V,-9,2,1,310,,,,,,,,,,,,,,,,,,,,,,,,,,,,,,,,,,,,
CA,2,LAT,4576,LBT,-9,-9,-9,4,4,1978,W,126436,4,26,1,41,M,V,-9,3,1,630,,,,,,,,,,,,,,,,,,,,,,,,,,,,,,,,,,,,
CA,2,LAT,4576,LBT,-9,-9,-9,4,4,1978,W,126436,4,26,1,41,M,V,-9,3,1,610,,,,,,,,,,,,,,,,,,,,,,,,,,,,,,,,,,,,
CA,2,LAT,4576,LBT,-9,-9,-9,4,4,1978,W,126436,4,26,1,30,M,V,-9,2,1,225,,,,,,,,,,,,,,,,,,,,,,,,,,,,,,,,,,,,
CA,2,LAT,4576,LBT,-9,-9,-9,4,4,1978,W,126436,4,26,1,43,M,IV,-9,4,1,800,,,,,,,,,,,,,,,,,,,,,,,,,,,,,,,,,,,,
CA,2,LAT,4576,LBT,-9,-9,-9,4,4,1978,W,126436,4,26,1,30,M,V,-9,2,1,285,,,,,,,,,,,,,,,,,,,,,,,,,,,,,,,,,,,,
CA,2,LAT,4576,LBT,-9,-9,-9,4,4,1978,W,126436,4,26,1,50,M,V,-9,5,1,1070,,,,,,,,,,,,,,,,,,,,,,,,,,,,,,,,,,,,
CA,2,LAT,4576,LBT,-9,-9,-9,4,4,1978,W,126436,4,26,1,47,M,V,-9,4,1,1000,,,,,,,,,,,,,,,,,,,,,,,,,,,,,,,,,,,,
CA,2,LAT,4576,LBT,-9,-9,-9,4,4,1978,W,126436,4,26,1,56,M,IV,-9,5,1,1500,,,,,,,,,,,,,,,,,,,,,,,,,,,,,,,,,,,,
CA,2,LAT,4576,LBT,-9,-9,-9,4,4,1978,W,126436,4,26,1,28,M,V,-9,2,1,200,,,,,,,,,,,,,,,,,,,,,,,,,,,,,,,,,,,,
CA,2,LAT,4576,LBT,-9,-9,-9,4,4,1978,W,126436,4,26,1,20,M,II,-9,1,1,63.5,,,,,,,,,,,,,,,,,,,,,,,,,,,,,,,,,,,,
CA,2,LAT,4576,LBT,-9,-9,-9,4,4,1978,W,126436,4,26,1,30,M,V,-9,2,1,220,,,,,,,,,,,,,,,,,,,,,,,,,,,,,,,,,,,,
CA,2,LAT,4576,LBT,-9,-9,-9,4,4,1978,W,126436,4,26,1,62,F,V,-9,6,1,2920,,,,,,,,,,,,,,,,,,,,,,,,,,,,,,,,,,,,
CA,2,LAT,4576,LBT,-9,-9,-9,4,4,1978,W,126436,4,26,1,60,M,V,-9,6,1,1700,,,,,,,,,,,,,,,,,,,,,,,,,,,,,,,,,,,,
CA,2,LAT,4576,LBT,-9,-9,-9,4,4,1978,W,126436,4,26,1,37,M,V,-9,3,1,450,,,,,,,,,,,,,,,,,,,,,,,,,,,,,,,,,,,,
CA,2,LAT,4576,LBT,-9,-9,-9,4,4,1978,W,126436,4,26,1,25,M,II,-9,2,1,123,,,,,,,,,,,,,,,,,,,,,,,,,,,,,,,,,,,,
CA,2,LAT,4576,LBT,-9,-9,-9,4,4,1978,W,126436,4,26,1,27,M,V,-9,2,1,280,,,,,,,,,,,,,,,,,,,,,,,,,,,,,,,,,,,,
CA,2,LAT,4576,LBT,-9,-9,-9,4,4,1978,W,126436,4,26,1,40,M,VI,-9,3,1,570,,,,,,,,,,,,,,,,,,,,,,,,,,,,,,,,,,,,
CA,2,LAT,4576,LBT,-9,-9,-9,4,4,1978,W,126436,4,26,1,45,M,II,-9,3,1,930,,,,,,,,,,,,,,,,,,,,,,,,,,,,,,,,,,,,
CA,2,LAT,4576,LBT,-9,-9,-9,4,4,1978,W,126436,4,26,1,36,M,IV,-9,3,1,410,,,,,,,,,,,,,,,,,,,,,,,,,,,,,,,,,,,,
CA,2,LAT,4576,LBT,-9,-9,-9,4,4,1978,W,126436,4,26,1,46,M,V,-9,4,1,860,,,,,,,,,,,,,,,,,,,,,,,,,,,,,,,,,,,,
CA,2,LAT,4576,LBT,-9,-9,-9,4,4,1978,W,126436,4,26,1,55,M,VI,-9,4,1,1230,,,,,,,,,,,,,,,,,,,,,,,,,,,,,,,,,,,,
CA,2,LAT,4576,LBT,-9,-9,-9,4,4,1978,W,126436,4,26,1,45,M,II,-9,3,1,910,,,,,,,,,,,,,,,,,,,,,,,,,,,,,,,,,,,,
CA,2,LAT,4576,LBT,-9,-9,-9,4,4,1978,W,126436,4,26,1,43,M,V,-9,3,1,700,,,,,,,,,,,,,,,,,,,,,,,,,,,,,,,,,,,,
CA,2,LAT,4576,LBT,-9,-9,-9,4,4,1978,W,126436,4,26,1,71,M,V,-9,7,1,2900,,,,,,,,,,,,,,,,,,,,,,,,,,,,,,,,,,,,
CA,2,LAT,4576,LBT,-9,-9,-9,4,4,1978,W,126436,4,26,1,79,F,V,-9,8,1,4200,,,,,,,,,,,,,,,,,,,,,,,,,,,,,,,,,,,,
CA,2,LAT,4576,LBT,-9,-9,-9,4,4,1978,W,126436,4,26,1,41,M,V,-9,3,1,620,,,,,,,,,,,,,,,,,,,,,,,,,,,,,,,,,,,,
CA,2,LAT,4576,LBT,-9,-9,-9,4,4,1978,W,126436,4,26,1,20,M,II,-9,1,1,75,,,,,,,,,,,,,,,,,,,,,,,,,,,,,,,,,,,,
CA,2,LAT,4576,LBT,-9,-9,-9,4,4,1978,W,126436,4,26,1,37,M,V,-9,3,1,380,,,,,,,,,,,,,,,,,,,,,,,,,,,,,,,,,,,,
CA,2,LAT,4576,LBT,-9,-9,-9,4,4,1978,W,126436,4,26,1,63,F,V,-9,6,1,2460,,,,,,,,,,,,,,,,,,,,,,,,,,,,,,,,,,,,
CA,2,LAT,4576,LBT,-9,-9,-9,4,4,1978,W,126436,4,26,1,45,M,V,-9,3,1,920,,,,,,,,,,,,,,,,,,,,,,,,,,,,,,,,,,,,
CA,2,LAT,4576,LBT,-9,-9,-9,4,4,1978,W,126436,4,26,1,57,M,V,-9,5,1,1620,,,,,,,,,,,,,,,,,,,,,,,,,,,,,,,,,,,,
CA,2,LAT,4576,LBT,-9,-9,-9,4,4,1978,W,126436,4,26,1,47,M,V,-9,4,1,950,,,,,,,,,,,,,,,,,,,,,,,,,,,,,,,,,,,,
CA,2,LAT,4576,LBT,-9,-9,-9,4,4,1978,W,126436,4,26,1,45,M,VI,-9,3,1,800,,,,,,,,,,,,,,,,,,,,,,,,,,,,,,,,,,,,
CA,2,LAT,4576,LBT,-9,-9,-9,4,4,1978,W,126436,4,26,1,26,F,II,-9,2,1,135,,,,,,,,,,,,,,,,,,,,,,,,,,,,,,,,,,,,
CA,2,LAT,4576,LBT,-9,-9,-9,4,4,1978,W,126436,4,26,1,24,F,II,-9,2,1,100,,,,,,,,,,,,,,,,,,,,,,,,,,,,,,,,,,,,
CA,2,LAT,4576,LBT,-9,-9,-9,4,4,1978,W,126436,4,26,1,81,M,V,-9,8,1,4350,,,,,,,,,,,,,,,,,,,,,,,,,,,,,,,,,,,,
CA,2,LAT,4576,LBT,-9,-9,-9,4,4,1978,W,126436,4,26,1,24,M,V,-9,2,1,130,,,,,,,,,,,,,,,,,,,,,,,,,,,,,,,,,,,,
CA,2,LAT,4576,LBT,-9,-9,-9,4,4,1978,W,126436,4,26,1,48,M,V,-9,4,1,1150,,,,,,,,,,,,,,,,,,,,,,,,,,,,,,,,,,,,
CA,2,LAT,4576,LBT,-9,-9,-9,4,4,1978,W,126436,4,26,1,12,M,II,-9,-9,1,13.9,,,,,,,,,,,,,,,,,,,,,,,,,,,,,,,,,,,,
CA,2,LAT,4576,LBT,-9,-9,-9,4,4,1978,W,126436,4,26,1,54,M,V,-9,5,1,1520,,,,,,,,,,,,,,,,,,,,,,,,,,,,,,,,,,,,
CA,2,LAT,4576,LBT,-9,-9,-9,4,4,1978,W,126436,4,26,1,11,U,I,-9,-9,1,10.5,,,,,,,,,,,,,,,,,,,,,,,,,,,,,,,,,,,,
CA,2,LAT,4576,LBT,-9,-9,-9,4,4,1978,W,126436,4,26,1,12,F,II,-9,-9,1,12.8,,,,,,,,,,,,,,,,,,,,,,,,,,,,,,,,,,,,
CA,2,LAT,4576,LBT,-9,-9,-9,4,4,1978,W,126436,4,26,1,9,U,I,-9,-9,1,5.5,,,,,,,,,,,,,,,,,,,,,,,,,,,,,,,,,,,,
CA,2,LAT,4576,LBT,-9,-9,-9,4,4,1978,W,126436,4,26,1,11,U,I,-9,-9,1,8.8,,,,,,,,,,,,,,,,,,,,,,,,,,,,,,,,,,,,
CA,2,LAT,4576,LBT,-9,-9,-9,4,4,1978,W,126436,4,26,1,18,F,II,-9,-9,1,46.4,,,,,,,,,,,,,,,,,,,,,,,,,,,,,,,,,,,,
CA,2,LAT,4576,LBT,-9,-9,-9,4,4,1978,W,126436,4,26,1,53,M,III,-9,3,1,1620,,,,,,,,,,,,,,,,,,,,,,,,,,,,,,,,,,,,
HH,2,LAT,4576,LBT,-9,-9,-9,4,5,1978,4,24,1155,-9,40,D,55.6833,19.7333,55.6667,19.8333,40G9,92,V,-9,1,1,C,-9,-9,-9,-9,250,-9,-9,-9,-9,-9,-9,-9,-9,-9,-9,-9,-9,-9,-9,-9,-9,270,5,-9,1,-9,-9,-9,-9,-9,-9
HL,2,LAT,4576,LBT,-9,-9,-9,4,5,1978,W,126436,1,-9,426,1,284,1,-9,150000,1,32,15,,,,,,,,,,,,,,,,,,,,,,,,,,,,,,,,,,,
HL,2,LAT,4576,LBT,-9,-9,-9,4,5,1978,W,126436,1,-9,426,1,284,1,-9,150000,1,44,4.5,,,,,,,,,,,,,,,,,,,,,,,,,,,,,,,,,,,
HL,2,LAT,4576,LBT,-9,-9,-9,4,5,1978,W,126436,1,-9,426,1,284,1,-9,150000,1,42,1.5,,,,,,,,,,,,,,,,,,,,,,,,,,,,,,,,,,,
HL,2,LAT,4576,LBT,-9,-9,-9,4,5,1978,W,126436,1,-9,426,1,284,1,-9,150000,1,38,1.5,,,,,,,,,,,,,,,,,,,,,,,,,,,,,,,,,,,
HL,2,LAT,4576,LBT,-9,-9,-9,4,5,1978,W,126436,1,-9,426,1,284,1,-9,150000,1,37,7.5,,,,,,,,,,,,,,,,,,,,,,,,,,,,,,,,,,,
HL,2,LAT,4576,LBT,-9,-9,-9,4,5,1978,W,126436,1,-9,426,1,284,1,-9,150000,1,36,7.5,,,,,,,,,,,,,,,,,,,,,,,,,,,,,,,,,,,
HL,2,LAT,4576,LBT,-9,-9,-9,4,5,1978,W,126436,1,-9,426,1,284,1,-9,150000,1,35,10.5,,,,,,,,,,,,,,,,,,,,,,,,,,,,,,,,,,,
HL,2,LAT,4576,LBT,-9,-9,-9,4,5,1978,W,126436,1,-9,426,1,284,1,-9,150000,1,45,1.5,,,,,,,,,,,,,,,,,,,,,,,,,,,,,,,,,,,
HL,2,LAT,4576,LBT,-9,-9,-9,4,5,1978,W,126436,1,-9,426,1,284,1,-9,150000,1,33,9,,,,,,,,,,,,,,,,,,,,,,,,,,,,,,,,,,,
HL,2,LAT,4576,LBT,-9,-9,-9,4,5,1978,W,126436,1,-9,426,1,284,1,-9,150000,1,50,3,,,,,,,,,,,,,,,,,,,,,,,,,,,,,,,,,,,
HL,2,LAT,4576,LBT,-9,-9,-9,4,5,1978,W,126436,1,-9,426,1,284,1,-9,150000,1,31,16.5,,,,,,,,,,,,,,,,,,,,,,,,,,,,,,,,,,,
HL,2,LAT,4576,LBT,-9,-9,-9,4,5,1978,W,126436,1,-9,426,1,284,1,-9,150000,1,30,24,,,,,,,,,,,,,,,,,,,,,,,,,,,,,,,,,,,
HL,2,LAT,4576,LBT,-9,-9,-9,4,5,1978,W,126436,1,-9,426,1,284,1,-9,150000,1,29,25.5,,,,,,,,,,,,,,,,,,,,,,,,,,,,,,,,,,,
HL,2,LAT,4576,LBT,-9,-9,-9,4,5,1978,W,126436,1,-9,426,1,284,1,-9,150000,1,34,15,,,,,,,,,,,,,,,,,,,,,,,,,,,,,,,,,,,
HL,2,LAT,4576,LBT,-9,-9,-9,4,5,1978,W,126436,1,-9,426,1,284,1,-9,150000,1,46,3,,,,,,,,,,,,,,,,,,,,,,,,,,,,,,,,,,,
HL,2,LAT,4576,LBT,-9,-9,-9,4,5,1978,W,126436,1,-9,426,1,284,1,-9,150000,1,47,1.5,,,,,,,,,,,,,,,,,,,,,,,,,,,,,,,,,,,
HL,2,LAT,4576,LBT,-9,-9,-9,4,5,1978,W,126436,1,-9,426,1,284,1,-9,150000,1,28,36,,,,,,,,,,,,,,,,,,,,,,,,,,,,,,,,,,,
HL,2,LAT,4576,LBT,-9,-9,-9,4,5,1978,W,127141,4,-9,15,1,-9,1,-9,60000,-9,-9,-9,,,,,,,,,,,,,,,,,,,,,,,,,,,,,,,,,,,
HL,2,LAT,4576,LBT,-9,-9,-9,4,5,1978,W,126436,1,-9,426,1,284,1,-9,150000,1,49,4.5,,,,,,,,,,,,,,,,,,,,,,,,,,,,,,,,,,,
HL,2,LAT,4576,LBT,-9,-9,-9,4,5,1978,W,126436,1,-9,426,1,284,1,-9,150000,1,53,3,,,,,,,,,,,,,,,,,,,,,,,,,,,,,,,,,,,
HL,2,LAT,4576,LBT,-9,-9,-9,4,5,1978,W,126436,1,-9,426,1,284,1,-9,150000,1,54,1.5,,,,,,,,,,,,,,,,,,,,,,,,,,,,,,,,,,,
HL,2,LAT,4576,LBT,-9,-9,-9,4,5,1978,W,126436,1,-9,426,1,284,1,-9,150000,1,57,4.5,,,,,,,,,,,,,,,,,,,,,,,,,,,,,,,,,,,
HL,2,LAT,4576,LBT,-9,-9,-9,4,5,1978,W,126436,1,-9,426,1,284,1,-9,150000,1,58,1.5,,,,,,,,,,,,,,,,,,,,,,,,,,,,,,,,,,,
HL,2,LAT,4576,LBT,-9,-9,-9,4,5,1978,W,126436,1,-9,426,1,284,1,-9,150000,1,59,3,,,,,,,,,,,,,,,,,,,,,,,,,,,,,,,,,,,
HL,2,LAT,4576,LBT,-9,-9,-9,4,5,1978,W,126436,1,-9,426,1,284,1,-9,150000,1,60,1.5,,,,,,,,,,,,,,,,,,,,,,,,,,,,,,,,,,,
HL,2,LAT,4576,LBT,-9,-9,-9,4,5,1978,W,126436,1,-9,426,1,284,1,-9,150000,1,61,1.5,,,,,,,,,,,,,,,,,,,,,,,,,,,,,,,,,,,
HL,2,LAT,4576,LBT,-9,-9,-9,4,5,1978,W,126436,1,-9,426,1,284,1,-9,150000,1,70,1.5,,,,,,,,,,,,,,,,,,,,,,,,,,,,,,,,,,,
HL,2,LAT,4576,LBT,-9,-9,-9,4,5,1978,W,126436,1,-9,426,1,284,1,-9,150000,1,48,3,,,,,,,,,,,,,,,,,,,,,,,,,,,,,,,,,,,
HL,2,LAT,4576,LBT,-9,-9,-9,4,5,1978,W,126436,1,-9,426,1,284,1,-9,150000,1,12,1.5,,,,,,,,,,,,,,,,,,,,,,,,,,,,,,,,,,,
HL,2,LAT,4576,LBT,-9,-9,-9,4,5,1978,W,126436,1,-9,426,1,284,1,-9,150000,1,27,30,,,,,,,,,,,,,,,,,,,,,,,,,,,,,,,,,,,
HL,2,LAT,4576,LBT,-9,-9,-9,4,5,1978,W,126436,1,-9,426,1,284,1,-9,150000,1,51,1.5,,,,,,,,,,,,,,,,,,,,,,,,,,,,,,,,,,,
HL,2,LAT,4576,LBT,-9,-9,-9,4,5,1978,W,126436,1,-9,426,1,284,1,-9,150000,1,10,1.5,,,,,,,,,,,,,,,,,,,,,,,,,,,,,,,,,,,
HL,2,LAT,4576,LBT,-9,-9,-9,4,5,1978,W,126436,1,-9,426,1,284,1,-9,150000,1,17,3,,,,,,,,,,,,,,,,,,,,,,,,,,,,,,,,,,,
HL,2,LAT,4576,LBT,-9,-9,-9,4,5,1978,W,126436,1,-9,426,1,284,1,-9,150000,1,18,1.5,,,,,,,,,,,,,,,,,,,,,,,,,,,,,,,,,,,
HL,2,LAT,4576,LBT,-9,-9,-9,4,5,1978,W,126436,1,-9,426,1,284,1,-9,150000,1,19,13.5,,,,,,,,,,,,,,,,,,,,,,,,,,,,,,,,,,,
HL,2,LAT,4576,LBT,-9,-9,-9,4,5,1978,W,126436,1,-9,426,1,284,1,-9,150000,1,25,37.5,,,,,,,,,,,,,,,,,,,,,,,,,,,,,,,,,,,
HL,2,LAT,4576,LBT,-9,-9,-9,4,5,1978,W,126436,1,-9,426,1,284,1,-9,150000,1,21,3,,,,,,,,,,,,,,,,,,,,,,,,,,,,,,,,,,,
HL,2,LAT,4576,LBT,-9,-9,-9,4,5,1978,W,126436,1,-9,426,1,284,1,-9,150000,1,22,10.5,,,,,,,,,,,,,,,,,,,,,,,,,,,,,,,,,,,
HL,2,LAT,4576,LBT,-9,-9,-9,4,5,1978,W,126436,1,-9,426,1,284,1,-9,150000,1,23,31.5,,,,,,,,,,,,,,,,,,,,,,,,,,,,,,,,,,,
HL,2,LAT,4576,LBT,-9,-9,-9,4,5,1978,W,126436,1,-9,426,1,284,1,-9,150000,1,24,36,,,,,,,,,,,,,,,,,,,,,,,,,,,,,,,,,,,
HL,2,LAT,4576,LBT,-9,-9,-9,4,5,1978,W,126436,1,-9,426,1,284,1,-9,150000,1,20,7.5,,,,,,,,,,,,,,,,,,,,,,,,,,,,,,,,,,,
HL,2,LAT,4576,LBT,-9,-9,-9,4,5,1978,W,126436,1,-9,426,1,284,1,-9,150000,1,26,39,,,,,,,,,,,,,,,,,,,,,,,,,,,,,,,,,,,
CA,2,LAT,4576,LBT,-9,-9,-9,4,5,1978,W,126436,4,26,1,28,F,II,-9,2,1,160,,,,,,,,,,,,,,,,,,,,,,,,,,,,,,,,,,,,
CA,2,LAT,4576,LBT,-9,-9,-9,4,5,1978,W,126436,4,26,1,26,F,II,-9,2,1,150,,,,,,,,,,,,,,,,,,,,,,,,,,,,,,,,,,,,
CA,2,LAT,4576,LBT,-9,-9,-9,4,5,1978,W,126436,4,26,1,32,F,II,-9,2,1,290,,,,,,,,,,,,,,,,,,,,,,,,,,,,,,,,,,,,
CA,2,LAT,4576,LBT,-9,-9,-9,4,5,1978,W,126436,4,26,1,26,M,II,-9,2,1,130,,,,,,,,,,,,,,,,,,,,,,,,,,,,,,,,,,,,
CA,2,LAT,4576,LBT,-9,-9,-9,4,5,1978,W,126436,4,26,1,28,M,II,-9,2,1,190,,,,,,,,,,,,,,,,,,,,,,,,,,,,,,,,,,,,
CA,2,LAT,4576,LBT,-9,-9,-9,4,5,1978,W,126436,4,26,1,53,M,III,-9,5,1,1300,,,,,,,,,,,,,,,,,,,,,,,,,,,,,,,,,,,,
CA,2,LAT,4576,LBT,-9,-9,-9,4,5,1978,W,126436,4,26,1,34,M,II,-9,2,1,370,,,,,,,,,,,,,,,,,,,,,,,,,,,,,,,,,,,,
CA,2,LAT,4576,LBT,-9,-9,-9,4,5,1978,W,126436,4,26,1,30,F,II,-9,1,1,230,,,,,,,,,,,,,,,,,,,,,,,,,,,,,,,,,,,,
CA,2,LAT,4576,LBT,-9,-9,-9,4,5,1978,W,126436,4,26,1,50,F,II,-9,4,1,1120,,,,,,,,,,,,,,,,,,,,,,,,,,,,,,,,,,,,
CA,2,LAT,4576,LBT,-9,-9,-9,4,5,1978,W,126436,4,26,1,33,F,II,-9,2,1,280,,,,,,,,,,,,,,,,,,,,,,,,,,,,,,,,,,,,
CA,2,LAT,4576,LBT,-9,-9,-9,4,5,1978,W,126436,4,26,1,37,M,II,-9,2,1,470,,,,,,,,,,,,,,,,,,,,,,,,,,,,,,,,,,,,
CA,2,LAT,4576,LBT,-9,-9,-9,4,5,1978,W,126436,4,26,1,24,M,IV,-9,2,1,130,,,,,,,,,,,,,,,,,,,,,,,,,,,,,,,,,,,,
CA,2,LAT,4576,LBT,-9,-9,-9,4,5,1978,W,126436,4,26,1,24,M,II,-9,2,1,110,,,,,,,,,,,,,,,,,,,,,,,,,,,,,,,,,,,,
CA,2,LAT,4576,LBT,-9,-9,-9,4,5,1978,W,126436,4,26,1,31,F,II,-9,2,1,300,,,,,,,,,,,,,,,,,,,,,,,,,,,,,,,,,,,,
CA,2,LAT,4576,LBT,-9,-9,-9,4,5,1978,W,126436,4,26,1,23,F,II,-9,2,1,110,,,,,,,,,,,,,,,,,,,,,,,,,,,,,,,,,,,,
CA,2,LAT,4576,LBT,-9,-9,-9,4,5,1978,W,126436,4,26,1,27,F,II,-9,2,1,150,,,,,,,,,,,,,,,,,,,,,,,,,,,,,,,,,,,,
CA,2,LAT,4576,LBT,-9,-9,-9,4,5,1978,W,126436,4,26,1,24,M,II,-9,1,1,100,,,,,,,,,,,,,,,,,,,,,,,,,,,,,,,,,,,,
CA,2,LAT,4576,LBT,-9,-9,-9,4,5,1978,W,126436,4,26,1,31,F,II,-9,2,1,290,,,,,,,,,,,,,,,,,,,,,,,,,,,,,,,,,,,,
CA,2,LAT,4576,LBT,-9,-9,-9,4,5,1978,W,126436,4,26,1,31,M,II,-9,2,1,250,,,,,,,,,,,,,,,,,,,,,,,,,,,,,,,,,,,,
CA,2,LAT,4576,LBT,-9,-9,-9,4,5,1978,W,126436,4,26,1,30,F,II,-9,2,1,240,,,,,,,,,,,,,,,,,,,,,,,,,,,,,,,,,,,,
CA,2,LAT,4576,LBT,-9,-9,-9,4,5,1978,W,126436,4,26,1,35,M,II,-9,2,1,380,,,,,,,,,,,,,,,,,,,,,,,,,,,,,,,,,,,,
CA,2,LAT,4576,LBT,-9,-9,-9,4,5,1978,W,126436,4,26,1,30,M,IV,-9,2,1,230,,,,,,,,,,,,,,,,,,,,,,,,,,,,,,,,,,,,
CA,2,LAT,4576,LBT,-9,-9,-9,4,5,1978,W,126436,4,26,1,28,F,II,-9,1,1,180,,,,,,,,,,,,,,,,,,,,,,,,,,,,,,,,,,,,
CA,2,LAT,4576,LBT,-9,-9,-9,4,5,1978,W,126436,4,26,1,27,M,II,-9,2,1,150,,,,,,,,,,,,,,,,,,,,,,,,,,,,,,,,,,,,
CA,2,LAT,4576,LBT,-9,-9,-9,4,5,1978,W,126436,4,26,1,28,F,II,-9,2,1,190,,,,,,,,,,,,,,,,,,,,,,,,,,,,,,,,,,,,
CA,2,LAT,4576,LBT,-9,-9,-9,4,5,1978,W,126436,4,26,1,35,M,II,-9,3,1,380,,,,,,,,,,,,,,,,,,,,,,,,,,,,,,,,,,,,
CA,2,LAT,4576,LBT,-9,-9,-9,4,5,1978,W,126436,4,26,1,34,F,II,-9,3,1,380,,,,,,,,,,,,,,,,,,,,,,,,,,,,,,,,,,,,
CA,2,LAT,4576,LBT,-9,-9,-9,4,5,1978,W,126436,4,26,1,30,M,II,-9,2,1,220,,,,,,,,,,,,,,,,,,,,,,,,,,,,,,,,,,,,
CA,2,LAT,4576,LBT,-9,-9,-9,4,5,1978,W,126436,4,26,1,29,M,V,-9,2,1,210,,,,,,,,,,,,,,,,,,,,,,,,,,,,,,,,,,,,
CA,2,LAT,4576,LBT,-9,-9,-9,4,5,1978,W,126436,4,26,1,25,M,II,-9,2,1,120,,,,,,,,,,,,,,,,,,,,,,,,,,,,,,,,,,,,
CA,2,LAT,4576,LBT,-9,-9,-9,4,5,1978,W,126436,4,26,1,28,M,II,-9,2,1,135,,,,,,,,,,,,,,,,,,,,,,,,,,,,,,,,,,,,
CA,2,LAT,4576,LBT,-9,-9,-9,4,5,1978,W,126436,4,26,1,17,M,II,-9,1,1,34.2,,,,,,,,,,,,,,,,,,,,,,,,,,,,,,,,,,,,
CA,2,LAT,4576,LBT,-9,-9,-9,4,5,1978,W,126436,4,26,1,12,U,I,-9,0,1,14.7,,,,,,,,,,,,,,,,,,,,,,,,,,,,,,,,,,,,
CA,2,LAT,4576,LBT,-9,-9,-9,4,5,1978,W,126436,4,26,1,10,U,I,-9,0,1,6.6,,,,,,,,,,,,,,,,,,,,,,,,,,,,,,,,,,,,
CA,2,LAT,4576,LBT,-9,-9,-9,4,5,1978,W,126436,4,26,1,24,F,II,-9,2,1,110,,,,,,,,,,,,,,,,,,,,,,,,,,,,,,,,,,,,
CA,2,LAT,4576,LBT,-9,-9,-9,4,5,1978,W,126436,4,26,1,24,F,II,-9,2,1,120,,,,,,,,,,,,,,,,,,,,,,,,,,,,,,,,,,,,
CA,2,LAT,4576,LBT,-9,-9,-9,4,5,1978,W,126436,4,26,1,26,M,II,-9,2,1,150,,,,,,,,,,,,,,,,,,,,,,,,,,,,,,,,,,,,
CA,2,LAT,4576,LBT,-9,-9,-9,4,5,1978,W,126436,4,26,1,24,F,II,-9,2,1,130,,,,,,,,,,,,,,,,,,,,,,,,,,,,,,,,,,,,
CA,2,LAT,4576,LBT,-9,-9,-9,4,5,1978,W,126436,4,26,1,24,M,II,-9,2,1,130,,,,,,,,,,,,,,,,,,,,,,,,,,,,,,,,,,,,
CA,2,LAT,4576,LBT,-9,-9,-9,4,5,1978,W,126436,4,26,1,25,M,IV,-9,2,1,150,,,,,,,,,,,,,,,,,,,,,,,,,,,,,,,,,,,,
CA,2,LAT,4576,LBT,-9,-9,-9,4,5,1978,W,126436,4,26,1,24,M,II,-9,2,1,99.9,,,,,,,,,,,,,,,,,,,,,,,,,,,,,,,,,,,,
CA,2,LAT,4576,LBT,-9,-9,-9,4,5,1978,W,126436,4,26,1,25,F,II,-9,1,1,120,,,,,,,,,,,,,,,,,,,,,,,,,,,,,,,,,,,,
CA,2,LAT,4576,LBT,-9,-9,-9,4,5,1978,W,126436,4,26,1,34,F,II,-9,3,1,490,,,,,,,,,,,,,,,,,,,,,,,,,,,,,,,,,,,,
CA,2,LAT,4576,LBT,-9,-9,-9,4,5,1978,W,126436,4,26,1,28,F,II,-9,1,1,160,,,,,,,,,,,,,,,,,,,,,,,,,,,,,,,,,,,,
CA,2,LAT,4576,LBT,-9,-9,-9,4,5,1978,W,126436,4,26,1,30,M,II,-9,2,1,250,,,,,,,,,,,,,,,,,,,,,,,,,,,,,,,,,,,,
CA,2,LAT,4576,LBT,-9,-9,-9,4,5,1978,W,126436,4,26,1,25,M,II,-9,2,1,150,,,,,,,,,,,,,,,,,,,,,,,,,,,,,,,,,,,,
CA,2,LAT,4576,LBT,-9,-9,-9,4,5,1978,W,126436,4,26,1,17,F,II,-9,1,1,36.7,,,,,,,,,,,,,,,,,,,,,,,,,,,,,,,,,,,,
CA,2,LAT,4576,LBT,-9,-9,-9,4,5,1978,W,126436,4,26,1,29,M,II,-9,2,1,190,,,,,,,,,,,,,,,,,,,,,,,,,,,,,,,,,,,,
CA,2,LAT,4576,LBT,-9,-9,-9,4,5,1978,W,126436,4,26,1,24,F,II,-9,2,1,120,,,,,,,,,,,,,,,,,,,,,,,,,,,,,,,,,,,,
CA,2,LAT,4576,LBT,-9,-9,-9,4,5,1978,W,126436,4,26,1,27,M,II,-9,2,1,150,,,,,,,,,,,,,,,,,,,,,,,,,,,,,,,,,,,,
CA,2,LAT,4576,LBT,-9,-9,-9,4,5,1978,W,126436,4,26,1,31,M,II,-9,2,1,250,,,,,,,,,,,,,,,,,,,,,,,,,,,,,,,,,,,,
CA,2,LAT,4576,LBT,-9,-9,-9,4,5,1978,W,126436,4,26,1,30,M,II,-9,2,1,220,,,,,,,,,,,,,,,,,,,,,,,,,,,,,,,,,,,,
CA,2,LAT,4576,LBT,-9,-9,-9,4,5,1978,W,126436,4,26,1,37,M,II,-9,3,1,430,,,,,,,,,,,,,,,,,,,,,,,,,,,,,,,,,,,,
CA,2,LAT,4576,LBT,-9,-9,-9,4,5,1978,W,126436,4,26,1,34,F,II,-9,3,1,410,,,,,,,,,,,,,,,,,,,,,,,,,,,,,,,,,,,,
CA,2,LAT,4576,LBT,-9,-9,-9,4,5,1978,W,126436,4,26,1,46,M,V,-9,4,1,1000,,,,,,,,,,,,,,,,,,,,,,,,,,,,,,,,,,,,
CA,2,LAT,4576,LBT,-9,-9,-9,4,5,1978,W,126436,4,26,1,44,F,IV,-9,4,1,960,,,,,,,,,,,,,,,,,,,,,,,,,,,,,,,,,,,,
CA,2,LAT,4576,LBT,-9,-9,-9,4,5,1978,W,126436,4,26,1,31,F,II,-9,2,1,245,,,,,,,,,,,,,,,,,,,,,,,,,,,,,,,,,,,,
CA,2,LAT,4576,LBT,-9,-9,-9,4,5,1978,W,126436,4,26,1,29,F,II,-9,2,1,200,,,,,,,,,,,,,,,,,,,,,,,,,,,,,,,,,,,,
CA,2,LAT,4576,LBT,-9,-9,-9,4,5,1978,W,126436,4,26,1,27,M,II,-9,2,1,150,,,,,,,,,,,,,,,,,,,,,,,,,,,,,,,,,,,,
CA,2,LAT,4576,LBT,-9,-9,-9,4,5,1978,W,126436,4,26,1,34,M,II,-9,2,1,320,,,,,,,,,,,,,,,,,,,,,,,,,,,,,,,,,,,,
CA,2,LAT,4576,LBT,-9,-9,-9,4,5,1978,W,126436,4,26,1,35,F,II,-9,2,1,400,,,,,,,,,,,,,,,,,,,,,,,,,,,,,,,,,,,,
CA,2,LAT,4576,LBT,-9,-9,-9,4,5,1978,W,126436,4,26,1,29,F,II,-9,2,1,215,,,,,,,,,,,,,,,,,,,,,,,,,,,,,,,,,,,,
CA,2,LAT,4576,LBT,-9,-9,-9,4,5,1978,W,126436,4,26,1,28,F,II,-9,2,1,175,,,,,,,,,,,,,,,,,,,,,,,,,,,,,,,,,,,,
CA,2,LAT,4576,LBT,-9,-9,-9,4,5,1978,W,126436,4,26,1,24,F,II,-9,2,1,100,,,,,,,,,,,,,,,,,,,,,,,,,,,,,,,,,,,,
CA,2,LAT,4576,LBT,-9,-9,-9,4,5,1978,W,126436,4,26,1,27,F,II,-9,1,1,160,,,,,,,,,,,,,,,,,,,,,,,,,,,,,,,,,,,,
CA,2,LAT,4576,LBT,-9,-9,-9,4,5,1978,W,126436,4,26,1,23,F,II,-9,2,1,120,,,,,,,,,,,,,,,,,,,,,,,,,,,,,,,,,,,,
CA,2,LAT,4576,LBT,-9,-9,-9,4,5,1978,W,126436,4,26,1,37,M,II,-9,3,1,450,,,,,,,,,,,,,,,,,,,,,,,,,,,,,,,,,,,,
CA,2,LAT,4576,LBT,-9,-9,-9,4,5,1978,W,126436,4,26,1,26,M,II,-9,2,1,160,,,,,,,,,,,,,,,,,,,,,,,,,,,,,,,,,,,,
CA,2,LAT,4576,LBT,-9,-9,-9,4,5,1978,W,126436,4,26,1,34,F,II,-9,3,1,270,,,,,,,,,,,,,,,,,,,,,,,,,,,,,,,,,,,,
CA,2,LAT,4576,LBT,-9,-9,-9,4,5,1978,W,126436,4,26,1,21,F,II,-9,1,1,70,,,,,,,,,,,,,,,,,,,,,,,,,,,,,,,,,,,,
CA,2,LAT,4576,LBT,-9,-9,-9,4,5,1978,W,126436,4,26,1,49,M,IV,-9,5,1,980,,,,,,,,,,,,,,,,,,,,,,,,,,,,,,,,,,,,
CA,2,LAT,4576,LBT,-9,-9,-9,4,5,1978,W,126436,4,26,1,29,M,II,-9,2,1,200,,,,,,,,,,,,,,,,,,,,,,,,,,,,,,,,,,,,
CA,2,LAT,4576,LBT,-9,-9,-9,4,5,1978,W,126436,4,26,1,60,F,IV,-9,5,1,2480,,,,,,,,,,,,,,,,,,,,,,,,,,,,,,,,,,,,
CA,2,LAT,4576,LBT,-9,-9,-9,4,5,1978,W,126436,4,26,1,46,F,II,-9,2,1,870,,,,,,,,,,,,,,,,,,,,,,,,,,,,,,,,,,,,
CA,2,LAT,4576,LBT,-9,-9,-9,4,5,1978,W,126436,4,26,1,48,M,II,-9,4,1,1020,,,,,,,,,,,,,,,,,,,,,,,,,,,,,,,,,,,,
CA,2,LAT,4576,LBT,-9,-9,-9,4,5,1978,W,126436,4,26,1,30,F,II,-9,2,1,250,,,,,,,,,,,,,,,,,,,,,,,,,,,,,,,,,,,,
CA,2,LAT,4576,LBT,-9,-9,-9,4,5,1978,W,126436,4,26,1,34,M,II,-9,2,1,390,,,,,,,,,,,,,,,,,,,,,,,,,,,,,,,,,,,,
CA,2,LAT,4576,LBT,-9,-9,-9,4,5,1978,W,126436,4,26,1,27,M,V,-9,2,1,165,,,,,,,,,,,,,,,,,,,,,,,,,,,,,,,,,,,,
CA,2,LAT,4576,LBT,-9,-9,-9,4,5,1978,W,126436,4,26,1,26,M,V,-9,2,1,140,,,,,,,,,,,,,,,,,,,,,,,,,,,,,,,,,,,,
CA,2,LAT,4576,LBT,-9,-9,-9,4,5,1978,W,126436,4,26,1,19,F,II,-9,1,1,53.3,,,,,,,,,,,,,,,,,,,,,,,,,,,,,,,,,,,,
CA,2,LAT,4576,LBT,-9,-9,-9,4,5,1978,W,126436,4,26,1,27,M,II,-9,2,1,180,,,,,,,,,,,,,,,,,,,,,,,,,,,,,,,,,,,,
CA,2,LAT,4576,LBT,-9,-9,-9,4,5,1978,W,126436,4,26,1,57,F,V,-9,5,1,2130,,,,,,,,,,,,,,,,,,,,,,,,,,,,,,,,,,,,
CA,2,LAT,4576,LBT,-9,-9,-9,4,5,1978,W,126436,4,26,1,47,F,II,-9,3,1,920,,,,,,,,,,,,,,,,,,,,,,,,,,,,,,,,,,,,
CA,2,LAT,4576,LBT,-9,-9,-9,4,5,1978,W,126436,4,26,1,36,M,II,-9,3,1,400,,,,,,,,,,,,,,,,,,,,,,,,,,,,,,,,,,,,
CA,2,LAT,4576,LBT,-9,-9,-9,4,5,1978,W,126436,4,26,1,35,M,II,-9,2,1,390,,,,,,,,,,,,,,,,,,,,,,,,,,,,,,,,,,,,
CA,2,LAT,4576,LBT,-9,-9,-9,4,5,1978,W,126436,4,26,1,25,M,II,-9,2,1,130,,,,,,,,,,,,,,,,,,,,,,,,,,,,,,,,,,,,
CA,2,LAT,4576,LBT,-9,-9,-9,4,5,1978,W,126436,4,26,1,27,M,II,-9,2,1,160,,,,,,,,,,,,,,,,,,,,,,,,,,,,,,,,,,,,
CA,2,LAT,4576,LBT,-9,-9,-9,4,5,1978,W,126436,4,26,1,28,F,II,-9,2,1,170,,,,,,,,,,,,,,,,,,,,,,,,,,,,,,,,,,,,
CA,2,LAT,4576,LBT,-9,-9,-9,4,5,1978,W,126436,4,26,1,26,F,II,-9,2,1,135,,,,,,,,,,,,,,,,,,,,,,,,,,,,,,,,,,,,
CA,2,LAT,4576,LBT,-9,-9,-9,4,5,1978,W,126436,4,26,1,32,M,II,-9,2,1,280,,,,,,,,,,,,,,,,,,,,,,,,,,,,,,,,,,,,
CA,2,LAT,4576,LBT,-9,-9,-9,4,5,1978,W,126436,4,26,1,23,F,II,-9,2,1,100,,,,,,,,,,,,,,,,,,,,,,,,,,,,,,,,,,,,
CA,2,LAT,4576,LBT,-9,-9,-9,4,5,1978,W,126436,4,26,1,32,M,II,-9,2,1,275,,,,,,,,,,,,,,,,,,,,,,,,,,,,,,,,,,,,
CA,2,LAT,4576,LBT,-9,-9,-9,4,5,1978,W,126436,4,26,1,29,M,II,-9,2,1,195,,,,,,,,,,,,,,,,,,,,,,,,,,,,,,,,,,,,
CA,2,LAT,4576,LBT,-9,-9,-9,4,5,1978,W,126436,4,26,1,26,M,II,-9,2,1,110,,,,,,,,,,,,,,,,,,,,,,,,,,,,,,,,,,,,
CA,2,LAT,4576,LBT,-9,-9,-9,4,5,1978,W,126436,4,26,1,31,M,II,-9,2,1,240,,,,,,,,,,,,,,,,,,,,,,,,,,,,,,,,,,,,
CA,2,LAT,4576,LBT,-9,-9,-9,4,5,1978,W,126436,4,26,1,34,M,II,-9,2,1,350,,,,,,,,,,,,,,,,,,,,,,,,,,,,,,,,,,,,
CA,2,LAT,4576,LBT,-9,-9,-9,4,5,1978,W,126436,4,26,1,27,M,II,-9,2,1,150,,,,,,,,,,,,,,,,,,,,,,,,,,,,,,,,,,,,
CA,2,LAT,4576,LBT,-9,-9,-9,4,5,1978,W,126436,4,26,1,36,M,II,-9,2,1,460,,,,,,,,,,,,,,,,,,,,,,,,,,,,,,,,,,,,
CA,2,LAT,4576,LBT,-9,-9,-9,4,5,1978,W,126436,4,26,1,23,F,II,-9,2,1,89.6,,,,,,,,,,,,,,,,,,,,,,,,,,,,,,,,,,,,
CA,2,LAT,4576,LBT,-9,-9,-9,4,5,1978,W,126436,4,26,1,26,F,II,-9,2,1,160,,,,,,,,,,,,,,,,,,,,,,,,,,,,,,,,,,,,
HH,2,LAT,4576,LBT,-9,-9,-9,4,6,1978,4,25,0920,-9,45,D,56.3000,19.4833,56.3333,19.4833,41G9,146,V,-9,1,1,C,-9,-9,-9,-9,250,-9,-9,-9,-9,-9,-9,-9,-9,-9,-9,-9,-9,-9,-9,-9,-9,0,0,-9,0.1,-9,-9,-9,-9,-9,-9
HL,2,LAT,4576,LBT,-9,-9,-9,4,6,1978,W,126436,1,-9,117,1,88,1,-9,104000,1,29,2.7,,,,,,,,,,,,,,,,,,,,,,,,,,,,,,,,,,,
HL,2,LAT,4576,LBT,-9,-9,-9,4,6,1978,W,126436,1,-9,117,1,88,1,-9,104000,1,76,1.3,,,,,,,,,,,,,,,,,,,,,,,,,,,,,,,,,,,
HL,2,LAT,4576,LBT,-9,-9,-9,4,6,1978,W,126436,1,-9,117,1,88,1,-9,104000,1,41,2.7,,,,,,,,,,,,,,,,,,,,,,,,,,,,,,,,,,,
HL,2,LAT,4576,LBT,-9,-9,-9,4,6,1978,W,126436,1,-9,117,1,88,1,-9,104000,1,40,2.7,,,,,,,,,,,,,,,,,,,,,,,,,,,,,,,,,,,
HL,2,LAT,4576,LBT,-9,-9,-9,4,6,1978,W,126436,1,-9,117,1,88,1,-9,104000,1,39,4,,,,,,,,,,,,,,,,,,,,,,,,,,,,,,,,,,,
HL,2,LAT,4576,LBT,-9,-9,-9,4,6,1978,W,126436,1,-9,117,1,88,1,-9,104000,1,38,1.3,,,,,,,,,,,,,,,,,,,,,,,,,,,,,,,,,,,
HL,2,LAT,4576,LBT,-9,-9,-9,4,6,1978,W,126436,1,-9,117,1,88,1,-9,104000,1,37,5.3,,,,,,,,,,,,,,,,,,,,,,,,,,,,,,,,,,,
HL,2,LAT,4576,LBT,-9,-9,-9,4,6,1978,W,126436,1,-9,117,1,88,1,-9,104000,1,36,4,,,,,,,,,,,,,,,,,,,,,,,,,,,,,,,,,,,
HL,2,LAT,4576,LBT,-9,-9,-9,4,6,1978,W,126436,1,-9,117,1,88,1,-9,104000,1,35,1.3,,,,,,,,,,,,,,,,,,,,,,,,,,,,,,,,,,,
HL,2,LAT,4576,LBT,-9,-9,-9,4,6,1978,W,126436,1,-9,117,1,88,1,-9,104000,1,43,5.3,,,,,,,,,,,,,,,,,,,,,,,,,,,,,,,,,,,
HL,2,LAT,4576,LBT,-9,-9,-9,4,6,1978,W,126436,1,-9,117,1,88,1,-9,104000,1,32,1.3,,,,,,,,,,,,,,,,,,,,,,,,,,,,,,,,,,,
HL,2,LAT,4576,LBT,-9,-9,-9,4,6,1978,W,126436,1,-9,117,1,88,1,-9,104000,1,44,6.6,,,,,,,,,,,,,,,,,,,,,,,,,,,,,,,,,,,
HL,2,LAT,4576,LBT,-9,-9,-9,4,6,1978,W,126436,1,-9,117,1,88,1,-9,104000,1,28,4,,,,,,,,,,,,,,,,,,,,,,,,,,,,,,,,,,,
HL,2,LAT,4576,LBT,-9,-9,-9,4,6,1978,W,126436,1,-9,117,1,88,1,-9,104000,1,26,2.7,,,,,,,,,,,,,,,,,,,,,,,,,,,,,,,,,,,
HL,2,LAT,4576,LBT,-9,-9,-9,4,6,1978,W,126436,1,-9,117,1,88,1,-9,104000,1,25,4,,,,,,,,,,,,,,,,,,,,,,,,,,,,,,,,,,,
HL,2,LAT,4576,LBT,-9,-9,-9,4,6,1978,W,126436,1,-9,117,1,88,1,-9,104000,1,24,2.7,,,,,,,,,,,,,,,,,,,,,,,,,,,,,,,,,,,
HL,2,LAT,4576,LBT,-9,-9,-9,4,6,1978,W,126436,1,-9,117,1,88,1,-9,104000,1,23,2.7,,,,,,,,,,,,,,,,,,,,,,,,,,,,,,,,,,,
HL,2,LAT,4576,LBT,-9,-9,-9,4,6,1978,W,126436,1,-9,117,1,88,1,-9,104000,1,22,4,,,,,,,,,,,,,,,,,,,,,,,,,,,,,,,,,,,
HL,2,LAT,4576,LBT,-9,-9,-9,4,6,1978,W,126436,1,-9,117,1,88,1,-9,104000,1,21,1.3,,,,,,,,,,,,,,,,,,,,,,,,,,,,,,,,,,,
HL,2,LAT,4576,LBT,-9,-9,-9,4,6,1978,W,126436,1,-9,117,1,88,1,-9,104000,1,33,1.3,,,,,,,,,,,,,,,,,,,,,,,,,,,,,,,,,,,
HL,2,LAT,4576,LBT,-9,-9,-9,4,6,1978,W,126436,1,-9,117,1,88,1,-9,104000,1,53,2.7,,,,,,,,,,,,,,,,,,,,,,,,,,,,,,,,,,,
HL,2,LAT,4576,LBT,-9,-9,-9,4,6,1978,W,126436,1,-9,117,1,88,1,-9,104000,1,71,1.3,,,,,,,,,,,,,,,,,,,,,,,,,,,,,,,,,,,
HL,2,LAT,4576,LBT,-9,-9,-9,4,6,1978,W,126436,1,-9,117,1,88,1,-9,104000,1,68,2.7,,,,,,,,,,,,,,,,,,,,,,,,,,,,,,,,,,,
HL,2,LAT,4576,LBT,-9,-9,-9,4,6,1978,W,126436,1,-9,117,1,88,1,-9,104000,1,66,1.3,,,,,,,,,,,,,,,,,,,,,,,,,,,,,,,,,,,
HL,2,LAT,4576,LBT,-9,-9,-9,4,6,1978,W,126436,1,-9,117,1,88,1,-9,104000,1,65,1.3,,,,,,,,,,,,,,,,,,,,,,,,,,,,,,,,,,,
HL,2,LAT,4576,LBT,-9,-9,-9,4,6,1978,W,126436,1,-9,117,1,88,1,-9,104000,1,62,1.3,,,,,,,,,,,,,,,,,,,,,,,,,,,,,,,,,,,
HL,2,LAT,4576,LBT,-9,-9,-9,4,6,1978,W,126436,1,-9,117,1,88,1,-9,104000,1,60,1.3,,,,,,,,,,,,,,,,,,,,,,,,,,,,,,,,,,,
HL,2,LAT,4576,LBT,-9,-9,-9,4,6,1978,W,126436,1,-9,117,1,88,1,-9,104000,1,59,1.3,,,,,,,,,,,,,,,,,,,,,,,,,,,,,,,,,,,
HL,2,LAT,4576,LBT,-9,-9,-9,4,6,1978,W,126436,1,-9,117,1,88,1,-9,104000,1,56,1.3,,,,,,,,,,,,,,,,,,,,,,,,,,,,,,,,,,,
HL,2,LAT,4576,LBT,-9,-9,-9,4,6,1978,W,126436,1,-9,117,1,88,1,-9,104000,1,42,6.6,,,,,,,,,,,,,,,,,,,,,,,,,,,,,,,,,,,
HL,2,LAT,4576,LBT,-9,-9,-9,4,6,1978,W,126436,1,-9,117,1,88,1,-9,104000,1,54,1.3,,,,,,,,,,,,,,,,,,,,,,,,,,,,,,,,,,,
HL,2,LAT,4576,LBT,-9,-9,-9,4,6,1978,W,126436,1,-9,117,1,88,1,-9,104000,1,17,1.3,,,,,,,,,,,,,,,,,,,,,,,,,,,,,,,,,,,
HL,2,LAT,4576,LBT,-9,-9,-9,4,6,1978,W,126436,1,-9,117,1,88,1,-9,104000,1,52,2.7,,,,,,,,,,,,,,,,,,,,,,,,,,,,,,,,,,,
HL,2,LAT,4576,LBT,-9,-9,-9,4,6,1978,W,126436,1,-9,117,1,88,1,-9,104000,1,51,4,,,,,,,,,,,,,,,,,,,,,,,,,,,,,,,,,,,
HL,2,LAT,4576,LBT,-9,-9,-9,4,6,1978,W,126436,1,-9,117,1,88,1,-9,104000,1,50,6.6,,,,,,,,,,,,,,,,,,,,,,,,,,,,,,,,,,,
HL,2,LAT,4576,LBT,-9,-9,-9,4,6,1978,W,126436,1,-9,117,1,88,1,-9,104000,1,49,1.3,,,,,,,,,,,,,,,,,,,,,,,,,,,,,,,,,,,
HL,2,LAT,4576,LBT,-9,-9,-9,4,6,1978,W,126436,1,-9,117,1,88,1,-9,104000,1,48,1.3,,,,,,,,,,,,,,,,,,,,,,,,,,,,,,,,,,,
HL,2,LAT,4576,LBT,-9,-9,-9,4,6,1978,W,126436,1,-9,117,1,88,1,-9,104000,1,47,4,,,,,,,,,,,,,,,,,,,,,,,,,,,,,,,,,,,
HL,2,LAT,4576,LBT,-9,-9,-9,4,6,1978,W,126436,1,-9,117,1,88,1,-9,104000,1,46,5.3,,,,,,,,,,,,,,,,,,,,,,,,,,,,,,,,,,,
HL,2,LAT,4576,LBT,-9,-9,-9,4,6,1978,W,126436,1,-9,117,1,88,1,-9,104000,1,45,2.7,,,,,,,,,,,,,,,,,,,,,,,,,,,,,,,,,,,
HL,2,LAT,4576,LBT,-9,-9,-9,4,6,1978,W,126436,1,-9,117,1,88,1,-9,104000,1,55,4,,,,,,,,,,,,,,,,,,,,,,,,,,,,,,,,,,,
